Workbook

Sheet DB
A1: SCHEDULE AIRLINE | D1: PESAWAT
A3: FLIGHT NO | B3: ROUTE | D3: REGISTRASI | E3: TYPE | F3: MASKAPAI
A4: - | B4: EX RON | D4: PK-JTX | E4: BELL 407 | F4: AIR PASIFIC
A5: 0B 1001 | B5: WIII | D5: PK-ODC | E5: AS350 | F5: AIRFAST
A6: 0B 1051 | B6: WAJJ | D6: PK-OCF | E6: DHC 6 | F6: AIRFAST
A7: 0B 5021 | B7: WAAA | D7: PK-OCH | E7: TWIN OTTER | F7: AIRFAST
A8: 0B 5022 | B8: WAMM | D8: PK-OCI | E8: DHC 6 | F8: AIRFAST
A9: 0B 5024 | B9: WAAA | D9: PK-NKV | E9: B 733 | F9: AIRNESIA
A10: 0B 5271 | B10: WAOO | D10: PK-NMI | E10: B 733 | F10: AIRNESIA
A11: 0B 5272 | B11: WAOO | D11: PK-BBN | E11: B 738 | F11: B. B. N
A12: 0B 5273 | B12: WAOO | D12: PK-BBJ | E12: B 734 | F12: B. B. N.
A13: 0B 5274 | B13: WAOO | D13: PK-BKA | E13: A 320 | F13: BATIK AIR
A14: 0B 5275 | B14: WAOO | D14: PK-BKB | E14: A 320 | F14: BATIK AIR
... A317: GA 0463 | B317: WADD | D317: PK-GUH | E317: B 738 | F317: GARUDA
D318: PK-GUI | E318: B 738 | F318: GARUDA
D319: PK-GUJ | E319: B 738 | F319: GARUDA
D320: PK-GUK | E320: B 738 | F320: GARUDA
D321: PK-GUL | E321: B 738 | F321: GARUDA
D322: PK-GUM | E322: B 738 | F322: GARUDA
D323: PK-GUN | E323: B 738 | F323: GARUDA
D324: PK-GUO | E324: B 738 | F324: GARUDA
D325: PK-GUP | E325: B 738 | F325: GARUDA
D326: PK-GUQ | E326: B 738 | F326: GARUDA
D327: PK-GUR | E327: B 738 | F327: GARUDA
D328: PK-GUS | E328: B 738 | F328: GARUDA
D329: PK-GUT | E329: B 738 | F329: GARUDA
... D441: PK-YST | E441: B 733 | F441: TRIGANA
D442: T7-X14 | E442: G VI
D443: 20241 | E443: XIAN Y20 B
D444: 20248 | E444: XIAN Y20 B
D445: 13-031 | E445: DO 328
D446: 13-075 | E446: DO 328
D447: 9H-VCB | E447: CL 350
D448: 9H-VCR | E448: CL 350
D449: 9H-VIE | E449: G 7500
D450: 9H-VIT | E450: G 7500
D451: 9M-VEV | E451: AVANTI
D452: A56-003 | E452: FAL 7X
D453: B-8160 | E453: G V
D454: F-RAFP | E454: FAL 900
D455: FNY-5663D | E455: CARACAL
D456: HA-5180 | E456: BELL 412EP
... D665: 9M-TSH | E665: AVANTI
D666: 1385215 | E666: C 130

Sheet 01
A1: APRON MOVEMENT SHEET HALIM PERDANAKUSUMA
A7: AERODROME : | C7: WIHH
A8: TANGGAL : | C8: 45839
A9: PETUGAS AMC | C9: PAGI SIANG ( 07:00 - 18:59) | E9: MALAM (19:00 - 06:59)
C10: MALDIKA HASIBUAN | E10: NIKON
C11: NUZAR AFRIAN | E11: RYAN KHALIQ
C12: PELTU SUCIADI | E12: SERDA JIM MIM
C13: AHCMAD FAUZI
A15: NO | B15: REGISTRATION | C15: TYPE | D15: TIME OF | H15: PARKING STAND | I15: FROM | J15: TO | K15: FLIGHT NO | M15: OPERATOR / AIRLINES | N15: REMARKS | O15: STATUS
D16: ON BLOCK | F16: OFF BLOCK | K16: ARR | L16: DEP
Q17: 1 | R17: 2 | S17: 3 | T17: 4 | U17: 5
A18: 1 | B18: PK-VCD | C18: =IF(B18>1,VLOOKUP(B18,DB!$D$4:$E$800,2,0),"") -> PA 34 | D18: - | E18: FALSE | G18: FALSE | H18: NSA01 | I18: =IF(K18>1,VLOOKUP(K18,DB!$A$4:$B$500,2,0),"") | J18: =IF(L18>1,VLOOKUP(L18,DB!$A$4:$B$500,2,0),"") | M18: =IF(B18>1,VLOOKUP(B18,DB!$D$4:$F$800,3,0),"") -> PENAS | N18: UNSERVICEABLE | O18: =IF(ISBLANK(F18),"RON","") -> RON | Q18: =IF(R18="RON",H18,"") -> NSA01 | R18: =IF(O18="RON",O18,"") -> RON | S18: =IF(R18="RON",C18,"") -> PA 34 | T18: =IF(R18="RON",B18,"") -> PK-VCD | U18: =IF(R18="RON",M18,"") -> PENAS
A19: 2 | B19: PK-RSO | C19: =IF(B19>1,VLOOKUP(B19,DB!$D$4:$E$800,2,0),"") -> CT 650 | D19: - | E19: FALSE | G19: FALSE | H19: NSA02 | I19: =IF(K19>1,VLOOKUP(K19,DB!$A$4:$B$500,2,0),"") | J19: =IF(L19>1,VLOOKUP(L19,DB!$A$4:$B$500,2,0),"") | M19: =IF(B19>1,VLOOKUP(B19,DB!$D$4:$F$800,3,0),"") -> ENGGANG | N19: UNSERVICEABLE | O19: =IF(ISBLANK(F19),"RON","") -> RON | Q19: =IF(R19="RON",H19,"") -> NSA02 | R19: =IF(O19="RON",O19,"") -> RON | S19: =IF(R19="RON",C19,"") -> CT 650 | T19: =IF(R19="RON",B19,"") -> PK-RSO | U19: =IF(R19="RON",M19,"") -> ENGGANG
A20: 3 | B20: PK-RDA | C20: =IF(B20>1,VLOOKUP(B20,DB!$D$4:$E$800,2,0),"") -> HK 900 | D20: - | E20: FALSE | G20: FALSE | H20: NSA03 | I20: =IF(K20>1,VLOOKUP(K20,DB!$A$4:$B$500,2,0),"") | J20: =IF(L20>1,VLOOKUP(L20,DB!$A$4:$B$500,2,0),"") | M20: =IF(B20>1,VLOOKUP(B20,DB!$D$4:$F$800,3,0),"") -> TRI MG | N20: UNSERVICEABLE | O20: =IF(ISBLANK(F20),"RON","") -> RON | Q20: =IF(R20="RON",H20,"") -> NSA03 | R20: =IF(O20="RON",O20,"") -> RON | S20: =IF(R20="RON",C20,"") -> HK 900 | T20: =IF(R20="RON",B20,"") -> PK-RDA | U20: =IF(R20="RON",M20,"") -> TRI MG
A21: 4 | B21: PK-YGK | C21: =IF(B21>1,VLOOKUP(B21,DB!$D$4:$E$800,2,0),"") -> HK 400 | D21: - | E21: FALSE | G21: FALSE | H21: NSA04 | I21: =IF(K21>1,VLOOKUP(K21,DB!$A$4:$B$500,2,0),"") | J21: =IF(L21>1,VLOOKUP(L21,DB!$A$4:$B$500,2,0),"") | M21: =IF(B21>1,VLOOKUP(B21,DB!$D$4:$F$800,3,0),"") -> TRI MG | N21: UNSERVICEABLE | O21: =IF(ISBLANK(F21),"RON","") -> RON | Q21: =IF(R21="RON",H21,"") -> NSA04 | R21: =IF(O21="RON",O21,"") -> RON | S21: =IF(R21="RON",C21,"") -> HK 400 | T21: =IF(R21="RON",B21,"") -> PK-YGK | U21: =IF(R21="RON",M21,"") -> TRI MG
A22: 5 | B22: N-484BA | C22: =IF(B22>1,VLOOKUP(B22,DB!$D$4:$E$800,2,0),"") -> LJ 31 | D22: - | E22: FALSE | G22: FALSE | H22: NSA05 | I22: =IF(K22>1,VLOOKUP(K22,DB!$A$4:$B$500,2,0),"") | J22: =IF(L22>1,VLOOKUP(L22,DB!$A$4:$B$500,2,0),"") | M22: =IF(B22>1,VLOOKUP(B22,DB!$D$4:$F$800,3,0),"") -> IAP | N22: UNSERVICEABLE | O22: =IF(ISBLANK(F22),"RON","") -> RON | Q22: =IF(R22="RON",H22,"") -> NSA05 | R22: =IF(O22="RON",O22,"") -> RON | S22: =IF(R22="RON",C22,"") -> LJ 31 | T22: =IF(R22="RON",B22,"") -> N-484BA | U22: =IF(R22="RON",M22,"") -> IAP
A23: 6 | B23: A-2701 | C23: =IF(B23>1,VLOOKUP(B23,DB!$D$4:$E$800,2,0),"") -> FOKKER 27 | D23: - | E23: FALSE | G23: FALSE | H23: NSA06 | I23: =IF(K23>1,VLOOKUP(K23,DB!$A$4:$B$500,2,0),"") | J23: =IF(L23>1,VLOOKUP(L23,DB!$A$4:$B$500,2,0),"") | M23: =IF(B23>1,VLOOKUP(B23,DB!$D$4:$F$800,3,0),"") -> TNI AU | N23: UNSERVICEABLE | O23: =IF(ISBLANK(F23),"RON","") -> RON | Q23: =IF(R23="RON",H23,"") -> NSA06 | R23: =IF(O23="RON",O23,"") -> RON | S23: =IF(R23="RON",C23,"") -> FOKKER 27 | T23: =IF(R23="RON",B23,"") -> A-2701 | U23: =IF(R23="RON",M23,"") -> TNI AU
A24: 7 | B24: A-2706 | C24: =IF(B24>1,VLOOKUP(B24,DB!$D$4:$E$800,2,0),"") -> FOKKER 27 | D24: - | E24: FALSE | G24: FALSE | H24: NSA07 | I24: =IF(K24>1,VLOOKUP(K24,DB!$A$4:$B$500,2,0),"") | J24: =IF(L24>1,VLOOKUP(L24,DB!$A$4:$B$500,2,0),"") | M24: =IF(B24>1,VLOOKUP(B24,DB!$D$4:$F$800,3,0),"") -> TNI AU | N24: UNSERVICEABLE | O24: =IF(ISBLANK(F24),"RON","") -> RON | Q24: =IF(R24="RON",H24,"") -> NSA07 | R24: =IF(O24="RON",O24,"") -> RON | S24: =IF(R24="RON",C24,"") -> FOKKER 27 | T24: =IF(R24="RON",B24,"") -> A-2706 | U24: =IF(R24="RON",M24,"") -> TNI AU
A25: 8 | B25: A-2801 | C25: =IF(B25>1,VLOOKUP(B25,DB!$D$4:$E$800,2,0),"") -> FOKKER 28 | D25: - | E25: FALSE | G25: FALSE | H25: NSA08 | I25: =IF(K25>1,VLOOKUP(K25,DB!$A$4:$B$500,2,0),"") | J25: =IF(L25>1,VLOOKUP(L25,DB!$A$4:$B$500,2,0),"") | M25: =IF(B25>1,VLOOKUP(B25,DB!$D$4:$F$800,3,0),"") -> TNI AU | N25: UNSERVICEABLE | O25: =IF(ISBLANK(F25),"RON","") -> RON | Q25: =IF(R25="RON",H25,"") -> NSA08 | R25: =IF(O25="RON",O25,"") -> RON | S25: =IF(R25="RON",C25,"") -> FOKKER 28 | T25: =IF(R25="RON",B25,"") -> A-2801 | U25: =IF(R25="RON",M25,"") -> TNI AU
A26: 9 | B26: PK-YGR | C26: =IF(B26>1,VLOOKUP(B26,DB!$D$4:$E$800,2,0),"") -> HK 800 | D26: - | E26: FALSE | G26: FALSE | H26: NSA09 | I26: =IF(K26>1,VLOOKUP(K26,DB!$A$4:$B$500,2,0),"") | J26: =IF(L26>1,VLOOKUP(L26,DB!$A$4:$B$500,2,0),"") | M26: =IF(B26>1,VLOOKUP(B26,DB!$D$4:$F$800,3,0),"") -> TRI MG | N26: UNSERVICEABLE | O26: =IF(ISBLANK(F26),"RON","") -> RON | Q26: =IF(R26="RON",H26,"") -> NSA09 | R26: =IF(O26="RON",O26,"") -> RON | S26: =IF(R26="RON",C26,"") -> HK 800 | T26: =IF(R26="RON",B26,"") -> PK-YGR | U26: =IF(R26="RON",M26,"") -> TRI MG
A27: 10 | B27: N-2409K | C27: =IF(B27>1,VLOOKUP(B27,DB!$D$4:$E$800,2,0),"") -> HK 800 | D27: - | E27: FALSE | G27: FALSE | H27: NSA10 | I27: =IF(K27>1,VLOOKUP(K27,DB!$A$4:$B$500,2,0),"") | J27: =IF(L27>1,VLOOKUP(L27,DB!$A$4:$B$500,2,0),"") | M27: AFM | O27: =IF(ISBLANK(F27),"RON","") -> RON | Q27: =IF(R27="RON",H27,"") -> NSA10 | R27: =IF(O27="RON",O27,"") -> RON | S27: =IF(R27="RON",C27,"") -> HK 800 | T27: =IF(R27="RON",B27,"") -> N-2409K | U27: =IF(R27="RON",M27,"") -> AFM
A28: 11 | B28: T7-HNC | C28: =IF(B28>1,VLOOKUP(B28,DB!$D$4:$E$800,2,0),"") -> KING AIR | D28: - | E28: FALSE | G28: FALSE | H28: NSA11 | I28: =IF(K28>1,VLOOKUP(K28,DB!$A$4:$B$500,2,0),"") | J28: =IF(L28>1,VLOOKUP(L28,DB!$A$4:$B$500,2,0),"") | M28: AFM | O28: =IF(ISBLANK(F28),"RON","") -> RON | Q28: =IF(R28="RON",H28,"") -> NSA11 | R28: =IF(O28="RON",O28,"") -> RON | S28: =IF(R28="RON",C28,"") -> KING AIR | T28: =IF(R28="RON",B28,"") -> T7-HNC | U28: =IF(R28="RON",M28,"") -> AFM
A29: 12 | B29: T7-FCN | C29: =IF(B29>1,VLOOKUP(B29,DB!$D$4:$E$800,2,0),"") -> HK 800 | D29: - | E29: FALSE | G29: FALSE | H29: NSA12 | I29: =IF(K29>1,VLOOKUP(K29,DB!$A$4:$B$500,2,0),"") | J29: =IF(L29>1,VLOOKUP(L29,DB!$A$4:$B$500,2,0),"") | M29: KARISMA | O29: =IF(ISBLANK(F29),"RON","") -> RON | Q29: =IF(R29="RON",H29,"") -> NSA12 | R29: =IF(O29="RON",O29,"") -> RON | S29: =IF(R29="RON",C29,"") -> HK 800 | T29: =IF(R29="RON",B29,"") -> T7-FCN | U29: =IF(R29="RON",M29,"") -> KARISMA
A30: 13 | B30: PK-CEO | C30: =IF(B30>1,VLOOKUP(B30,DB!$D$4:$E$800,2,0),"") -> HK 800 | D30: - | E30: FALSE | F30: 0.74375 | G30: TRUE | H30: NSA13 | I30: =IF(K30>1,VLOOKUP(K30,DB!$A$4:$B$500,2,0),"") -> EX RON | J30: B3 | K30: - | M30: =IF(B30>1,VLOOKUP(B30,DB!$D$4:$F$800,3,0),"") -> JETSET | O30: =IF(ISBLANK(F30),"RON","") | Q30: =IF(R30="RON",H30,"") | R30: =IF(O30="RON",O30,"") | S30: =IF(R30="RON",C30,"") | T30: =IF(R30="RON",B30,"") | U30: =IF(R30="RON",M30,"")
A31: 14 | B31: T7-ARN | C31: =IF(B31>1,VLOOKUP(B31,DB!$D$4:$E$800,2,0),"") -> G VI | D31: - | E31: FALSE | F31: 0.625 | G31: TRUE | H31: SA01 | I31: =IF(K31>1,VLOOKUP(K31,DB!$A$4:$B$500,2,0),"") -> EX RON | J31: HGR | K31: - | M31: =IF(B31>1,VLOOKUP(B31,DB!$D$4:$F$800,3,0),"") -> PREMI | O31: =IF(ISBLANK(F31),"RON","") | Q31: =IF(R31="RON",H31,"") | R31: =IF(O31="RON",O31,"") | S31: =IF(R31="RON",C31,"") | T31: =IF(R31="RON",B31,"") | U31: =IF(R31="RON",M31,"")
A32: 15 | B32: PK-RJH | C32: =IF(B32>1,VLOOKUP(B32,DB!$D$4:$E$800,2,0),"") -> EC 135 | D32: - | E32: FALSE | G32: FALSE | H32: SA02 | I32: =IF(K32>1,VLOOKUP(K32,DB!$A$4:$B$500,2,0),"") | J32: =IF(L32>1,VLOOKUP(L32,DB!$A$4:$B$500,2,0),"") | M32: =IF(B32>1,VLOOKUP(B32,DB!$D$4:$F$800,3,0),"") -> PREMI | O32: =IF(ISBLANK(F32),"RON","") -> RON | Q32: =IF(R32="RON",H32,"") -> SA02 | R32: =IF(O32="RON",O32,"") -> RON | S32: =IF(R32="RON",C32,"") -> EC 135 | T32: =IF(R32="RON",B32,"") -> PK-RJH | U32: =IF(R32="RON",M32,"") -> PREMI
A33: 16 | B33: A97-448 | C33: =IF(B33>1,VLOOKUP(B33,DB!$D$4:$E$800,2,0),"") -> C 130J | D33: - | E33: FALSE | F33: 0.42777778 | G33: TRUE | H33: SA03 | I33: =IF(K33>1,VLOOKUP(K33,DB!$A$4:$B$500,2,0),"") -> EX RON | J33: YPDN | K33: - | M33: GAPURA | O33: =IF(ISBLANK(F33),"RON","") | Q33: =IF(R33="RON",H33,"") | R33: =IF(O33="RON",O33,"") | S33: =IF(R33="RON",C33,"") | T33: =IF(R33="RON",B33,"") | U33: =IF(R33="RON",M33,"")
A34: 17 | B34: N-227GV | C34: =IF(B34>1,VLOOKUP(B34,DB!$D$4:$E$800,2,0),"") -> L 1000 | D34: - | E34: FALSE | G34: FALSE | H34: SA04 | I34: =IF(K34>1,VLOOKUP(K34,DB!$A$4:$B$500,2,0),"") | J34: =IF(L34>1,VLOOKUP(L34,DB!$A$4:$B$500,2,0),"") | M34: =IF(B34>1,VLOOKUP(B34,DB!$D$4:$F$800,3,0),"") -> PREMI | O34: =IF(ISBLANK(F34),"RON","") -> RON | Q34: =IF(R34="RON",H34,"") -> SA04 | R34: =IF(O34="RON",O34,"") -> RON | S34: =IF(R34="RON",C34,"") -> L 1000 | T34: =IF(R34="RON",B34,"") -> N-227GV | U34: =IF(R34="RON",M34,"") -> PREMI
A35: 18 | B35: PK-LAL | C35: =IF(B35>1,VLOOKUP(B35,DB!$D$4:$E$800,2,0),"") -> A 320 | D35: - | E35: FALSE | F35: 0.37222222 | G35: TRUE | H35: SA05 | I35: =IF(K35>1,VLOOKUP(K35,DB!$A$4:$B$500,2,0),"") -> EX RON | J35: A3 | K35: - | M35: =IF(B35>1,VLOOKUP(B35,DB!$D$4:$F$800,3,0),"") -> BATIK AIR | O35: =IF(ISBLANK(F35),"RON","") | Q35: =IF(R35="RON",H35,"") | R35: =IF(O35="RON",O35,"") | S35: =IF(R35="RON",C35,"") | T35: =IF(R35="RON",B35,"") | U35: =IF(R35="RON",M35,"")
A36: 19 | B36: M-JGVJ | C36: =IF(B36>1,VLOOKUP(B36,DB!$D$4:$E$800,2,0),"") -> GLEX | D36: - | E36: FALSE | F36: 0.47569444 | G36: TRUE | H36: SA06 | I36: =IF(K36>1,VLOOKUP(K36,DB!$A$4:$B$500,2,0),"") -> EX RON | J36: B9 | K36: - | M36: KARISMA | O36: =IF(ISBLANK(F36),"RON","") | Q36: =IF(R36="RON",H36,"") | R36: =IF(O36="RON",O36,"") | S36: =IF(R36="RON",C36,"") | T36: =IF(R36="RON",B36,"") | U36: =IF(R36="RON",M36,"")
A37: 20 | B37: PK-LAM | C37: =IF(B37>1,VLOOKUP(B37,DB!$D$4:$E$800,2,0),"") -> A 320 | D37: - | E37: FALSE | F37: 0.4125 | G37: TRUE | H37: SA07 | I37: =IF(K37>1,VLOOKUP(K37,DB!$A$4:$B$500,2,0),"") -> EX RON | J37: A1 | K37: - | M37: =IF(B37>1,VLOOKUP(B37,DB!$D$4:$F$800,3,0),"") -> BATIK AIR | O37: =IF(ISBLANK(F37),"RON","") | Q37: =IF(R37="RON",H37,"") | R37: =IF(O37="RON",O37,"") | S37: =IF(R37="RON",C37,"") | T37: =IF(R37="RON",B37,"") | U37: =IF(R37="RON",M37,"")
A38: 21 | B38: PK-GJT | C38: =IF(B38>1,VLOOKUP(B38,DB!$D$4:$E$800,2,0),"") -> ATR 72 | D38: - | E38: FALSE | G38: FALSE | H38: SA08 | I38: =IF(K38>1,VLOOKUP(K38,DB!$A$4:$B$500,2,0),"") | J38: =IF(L38>1,VLOOKUP(L38,DB!$A$4:$B$500,2,0),"") | M38: =IF(B38>1,VLOOKUP(B38,DB!$D$4:$F$800,3,0),"") -> CITILINK | O38: =IF(ISBLANK(F38),"RON","") -> RON | Q38: =IF(R38="RON",H38,"") -> SA08 | R38: =IF(O38="RON",O38,"") -> RON | S38: =IF(R38="RON",C38,"") -> ATR 72 | T38: =IF(R38="RON",B38,"") -> PK-GJT | U38: =IF(R38="RON",M38,"") -> CITILINK
A39: 22 | B39: PK-BON | C39: =IF(B39>1,VLOOKUP(B39,DB!$D$4:$E$800,2,0),"") -> G IV | D39: - | E39: FALSE | F39: 0.29583333 | G39: TRUE | H39: SA09 | I39: =IF(K39>1,VLOOKUP(K39,DB!$A$4:$B$500,2,0),"") -> EX RON | J39: B5 | K39: - | M39: =IF(B39>1,VLOOKUP(B39,DB!$D$4:$F$800,3,0),"") -> JETSET | O39: =IF(ISBLANK(F39),"RON","") | Q39: =IF(R39="RON",H39,"") | R39: =IF(O39="RON",O39,"") | S39: =IF(R39="RON",C39,"") | T39: =IF(R39="RON",B39,"") | U39: =IF(R39="RON",M39,"")
A40: 23 | B40: VP-CGO | C40: =IF(B40>1,VLOOKUP(B40,DB!$D$4:$E$800,2,0),"") -> GLEX | D40: - | E40: FALSE | G40: FALSE | H40: SA10 | I40: =IF(K40>1,VLOOKUP(K40,DB!$A$4:$B$500,2,0),"") | J40: =IF(L40>1,VLOOKUP(L40,DB!$A$4:$B$500,2,0),"") | M40: AFM | O40: =IF(ISBLANK(F40),"RON","") -> RON | Q40: =IF(R40="RON",H40,"") -> SA10 | R40: =IF(O40="RON",O40,"") -> RON | S40: =IF(R40="RON",C40,"") -> GLEX | T40: =IF(R40="RON",B40,"") -> VP-CGO | U40: =IF(R40="RON",M40,"") -> AFM
A41: 24 | B41: T7-GBS | C41: =IF(B41>1,VLOOKUP(B41,DB!$D$4:$E$800,2,0),"") -> EMB 135 | D41: - | E41: FALSE | G41: FALSE | H41: SA11 | I41: =IF(K41>1,VLOOKUP(K41,DB!$A$4:$B$500,2,0),"") | J41: =IF(L41>1,VLOOKUP(L41,DB!$A$4:$B$500,2,0),"") | M41: KARISMA | O41: =IF(ISBLANK(F41),"RON","") -> RON | Q41: =IF(R41="RON",H41,"") -> SA11 | R41: =IF(O41="RON",O41,"") -> RON | S41: =IF(R41="RON",C41,"") -> EMB 135 | T41: =IF(R41="RON",B41,"") -> T7-GBS | U41: =IF(R41="RON",M41,"") -> KARISMA
A42: 25 | B42: PK-GRD | C42: =IF(B42>1,VLOOKUP(B42,DB!$D$4:$E$800,2,0),"") -> BBJ 2 | D42: - | E42: FALSE | F42: 0.48611111 | G42: TRUE | H42: SA12 | I42: =IF(K42>1,VLOOKUP(K42,DB!$A$4:$B$500,2,0),"") -> EX RON | J42: B7 | K42: - | M42: =IF(B42>1,VLOOKUP(B42,DB!$D$4:$F$800,3,0),"") -> PTN | O42: =IF(ISBLANK(F42),"RON","") | Q42: =IF(R42="RON",H42,"") | R42: =IF(O42="RON",O42,"") | S42: =IF(R42="RON",C42,"") | T42: =IF(R42="RON",B42,"") | U42: =IF(R42="RON",M42,"")
A43: 26 | B43: A-2117 | C43: =IF(B43>1,VLOOKUP(B43,DB!$D$4:$E$800,2,0),"") -> C 212 | D43: - | E43: FALSE | F43: 0.23611111 | G43: FALSE | H43: SA13 | I43: =IF(K43>1,VLOOKUP(K43,DB!$A$4:$B$500,2,0),"") -> EX RON | J43: LOCAL | K43: - | M43: =IF(B43>1,VLOOKUP(B43,DB!$D$4:$F$800,3,0),"") -> TNI AU | O43: =IF(ISBLANK(F43),"RON","") | Q43: =IF(R43="RON",H43,"") | R43: =IF(O43="RON",O43,"") | S43: =IF(R43="RON",C43,"") | T43: =IF(R43="RON",B43,"") | U43: =IF(R43="RON",M43,"")
A44: 27 | B44: A-2104 | C44: =IF(B44>1,VLOOKUP(B44,DB!$D$4:$E$800,2,0),"") -> C 212 | D44: - | E44: FALSE | F44: 0.30208333 | G44: FALSE | H44: SA14 | I44: =IF(K44>1,VLOOKUP(K44,DB!$A$4:$B$500,2,0),"") -> EX RON | J44: LOCAL | K44: - | M44: =IF(B44>1,VLOOKUP(B44,DB!$D$4:$F$800,3,0),"") -> TNI AU | O44: =IF(ISBLANK(F44),"RON","") | Q44: =IF(R44="RON",H44,"") | R44: =IF(O44="RON",O44,"") | S44: =IF(R44="RON",C44,"") | T44: =IF(R44="RON",B44,"") | U44: =IF(R44="RON",M44,"")
A45: 28 | B45: PK-RSS | C45: =IF(B45>1,VLOOKUP(B45,DB!$D$4:$E$800,2,0),"") -> EMB 135 | D45: - | E45: FALSE | G45: FALSE | H45: SA15 | I45: =IF(K45>1,VLOOKUP(K45,DB!$A$4:$B$500,2,0),"") | J45: =IF(L45>1,VLOOKUP(L45,DB!$A$4:$B$500,2,0),"") | M45: PTN | O45: =IF(ISBLANK(F45),"RON","") -> RON | Q45: =IF(R45="RON",H45,"") -> SA15 | R45: =IF(O45="RON",O45,"") -> RON | S45: =IF(R45="RON",C45,"") -> EMB 135 | T45: =IF(R45="RON",B45,"") -> PK-RSS | U45: =IF(R45="RON",M45,"") -> PTN
A46: 29 | B46: N-939AP | C46: =IF(B46>1,VLOOKUP(B46,DB!$D$4:$E$800,2,0),"") -> GLEX | D46: - | E46: FALSE | G46: FALSE | H46: RE01 | I46: =IF(K46>1,VLOOKUP(K46,DB!$A$4:$B$500,2,0),"") | J46: =IF(L46>1,VLOOKUP(L46,DB!$A$4:$B$500,2,0),"") | M46: =IF(B46>1,VLOOKUP(B46,DB!$D$4:$F$800,3,0),"") -> BIOMANTARA | O46: =IF(ISBLANK(F46),"RON","") -> RON | Q46: =IF(R46="RON",H46,"") -> RE01 | R46: =IF(O46="RON",O46,"") -> RON | S46: =IF(R46="RON",C46,"") -> GLEX | T46: =IF(R46="RON",B46,"") -> N-939AP | U46: =IF(R46="RON",M46,"") -> BIOMANTARA
A47: 30 | B47: T7-X14 | C47: =IF(B47>1,VLOOKUP(B47,DB!$D$4:$E$800,2,0),"") -> G VI | D47: - | E47: FALSE | F47: 0.36180556 | G47: TRUE | H47: RE02 | I47: =IF(K47>1,VLOOKUP(K47,DB!$A$4:$B$500,2,0),"") -> EX RON | J47: B9 | K47: - | M47: AFM | O47: =IF(ISBLANK(F47),"RON","") | Q47: =IF(R47="RON",H47,"") | R47: =IF(O47="RON",O47,"") | S47: =IF(R47="RON",C47,"") | T47: =IF(R47="RON",B47,"") | U47: =IF(R47="RON",M47,"")
A48: 31 | B48: T7-977 | C48: =IF(B48>1,VLOOKUP(B48,DB!$D$4:$E$800,2,0),"") -> G IV | D48: - | E48: FALSE | G48: FALSE | H48: RE03 | I48: =IF(K48>1,VLOOKUP(K48,DB!$A$4:$B$500,2,0),"") | J48: =IF(L48>1,VLOOKUP(L48,DB!$A$4:$B$500,2,0),"") | M48: =IF(B48>1,VLOOKUP(B48,DB!$D$4:$F$800,3,0),"") -> JIP | O48: =IF(ISBLANK(F48),"RON","") -> RON | Q48: =IF(R48="RON",H48,"") -> RE03 | R48: =IF(O48="RON",O48,"") -> RON | S48: =IF(R48="RON",C48,"") -> G IV | T48: =IF(R48="RON",B48,"") -> T7-977 | U48: =IF(R48="RON",M48,"") -> JIP
A49: 32 | B49: T7-HNA | C49: =IF(B49>1,VLOOKUP(B49,DB!$D$4:$E$800,2,0),"") -> G IV | D49: - | E49: FALSE | G49: FALSE | H49: RE04 | I49: =IF(K49>1,VLOOKUP(K49,DB!$A$4:$B$500,2,0),"") | J49: =IF(L49>1,VLOOKUP(L49,DB!$A$4:$B$500,2,0),"") | M49: AFM | O49: =IF(ISBLANK(F49),"RON","") -> RON | Q49: =IF(R49="RON",H49,"") -> RE04 | R49: =IF(O49="RON",O49,"") -> RON | S49: =IF(R49="RON",C49,"") -> G IV | T49: =IF(R49="RON",B49,"") -> T7-HNA | U49: =IF(R49="RON",M49,"") -> AFM
A50: 33 | B50: PK-KAS | C50: =IF(B50>1,VLOOKUP(B50,DB!$D$4:$E$800,2,0),"") -> CL 850 | D50: - | E50: FALSE | F50: 0.5 | G50: TRUE | H50: RE05 | I50: =IF(K50>1,VLOOKUP(K50,DB!$A$4:$B$500,2,0),"") -> EX RON | J50: SA03 | K50: - | M50: =IF(B50>1,VLOOKUP(B50,DB!$D$4:$F$800,3,0),"") -> JETSET | O50: =IF(ISBLANK(F50),"RON","") | Q50: =IF(R50="RON",H50,"") | R50: =IF(O50="RON",O50,"") | S50: =IF(R50="RON",C50,"") | T50: =IF(R50="RON",B50,"") | U50: =IF(R50="RON",M50,"")
A51: 34 | B51: PK-PAH | C51: =IF(B51>1,VLOOKUP(B51,DB!$D$4:$E$800,2,0),"") -> ATR 72 | D51: - | E51: FALSE | F51: 0.24722222 | G51: TRUE | H51: A1 | I51: =IF(K51>1,VLOOKUP(K51,DB!$A$4:$B$500,2,0),"") -> EX RON | J51: =IF(L51>1,VLOOKUP(L51,DB!$A$4:$B$500,2,0),"") -> WIDM | K51: - | L51: IP 7300 | M51: =IF(B51>1,VLOOKUP(B51,DB!$D$4:$F$800,3,0),"") -> PELITA | O51: =IF(ISBLANK(F51),"RON","") | Q51: =IF(R51="RON",H51,"") | R51: =IF(O51="RON",O51,"") | S51: =IF(R51="RON",C51,"") | T51: =IF(R51="RON",B51,"") | U51: =IF(R51="RON",M51,"")
A52: 35 | B52: PK-GJV | C52: =IF(B52>1,VLOOKUP(B52,DB!$D$4:$E$800,2,0),"") -> ATR 72 | D52: - | E52: FALSE | F52: 0.2375 | G52: TRUE | H52: A2 | I52: =IF(K52>1,VLOOKUP(K52,DB!$A$4:$B$500,2,0),"") -> EX RON | J52: =IF(L52>1,VLOOKUP(L52,DB!$A$4:$B$500,2,0),"") -> WAHH | K52: - | L52: QG 1100 | M52: =IF(B52>1,VLOOKUP(B52,DB!$D$4:$F$800,3,0),"") -> CITILINK | O52: =IF(ISBLANK(F52),"RON","") | Q52: =IF(R52="RON",H52,"") | R52: =IF(O52="RON",O52,"") | S52: =IF(R52="RON",C52,"") | T52: =IF(R52="RON",B52,"") | U52: =IF(R52="RON",M52,"")
A53: 36 | B53: PK-GQP | C53: =IF(B53>1,VLOOKUP(B53,DB!$D$4:$E$800,2,0),"") -> A 320 | D53: - | E53: FALSE | F53: 0.27847222 | G53: TRUE | H53: A3 | I53: =IF(K53>1,VLOOKUP(K53,DB!$A$4:$B$500,2,0),"") -> EX RON | J53: =IF(L53>1,VLOOKUP(L53,DB!$A$4:$B$500,2,0),"") -> WIMN | K53: - | L53: QG 0020 | M53: =IF(B53>1,VLOOKUP(B53,DB!$D$4:$F$800,3,0),"") -> CITILINK | O53: =IF(ISBLANK(F53),"RON","") | Q53: =IF(R53="RON",H53,"") | R53: =IF(O53="RON",O53,"") | S53: =IF(R53="RON",C53,"") | T53: =IF(R53="RON",B53,"") | U53: =IF(R53="RON",M53,"")
A54: 37 | B54: PK-OTR | C54: =IF(B54>1,VLOOKUP(B54,DB!$D$4:$E$800,2,0),"") -> ATR 72 | D54: - | E54: FALSE | F54: 0.20304221 | G54: TRUE | H54: B1 | I54: =IF(K54>1,VLOOKUP(K54,DB!$A$4:$B$500,2,0),"") -> EX RON | J54: =IF(L54>1,VLOOKUP(L54,DB!$A$4:$B$500,2,0),"") -> WIDM | K54: - | L54: RI 150 | M54: =IF(B54>1,VLOOKUP(B54,DB!$D$4:$F$800,3,0),"") -> TAS | O54: =IF(ISBLANK(F54),"RON","") | Q54: =IF(R54="RON",H54,"") | R54: =IF(O54="RON",O54,"") | S54: =IF(R54="RON",C54,"") | T54: =IF(R54="RON",B54,"") | U54: =IF(R54="RON",M54,"")
A55: 38 | B55: PK-GFF | C55: =IF(B55>1,VLOOKUP(B55,DB!$D$4:$E$800,2,0),"") -> B 738 | D55: - | E55: FALSE | F55: 0.25833333 | G55: TRUE | H55: B2 | I55: =IF(K55>1,VLOOKUP(K55,DB!$A$4:$B$500,2,0),"") -> EX RON | J55: =IF(L55>1,VLOOKUP(L55,DB!$A$4:$B$500,2,0),"") -> WIMM | K55: - | L55: GA 0180 | M55: =IF(B55>1,VLOOKUP(B55,DB!$D$4:$F$800,3,0),"") -> GARUDA | O55: =IF(ISBLANK(F55),"RON","") | Q55: =IF(R55="RON",H55,"") | R55: =IF(O55="RON",O55,"") | S55: =IF(R55="RON",C55,"") | T55: =IF(R55="RON",B55,"") | U55: =IF(R55="RON",M55,"")
A56: 39 | B56: PK-BLA | C56: =IF(B56>1,VLOOKUP(B56,DB!$D$4:$E$800,2,0),"") -> A 320 | D56: - | E56: FALSE | F56: 0.22638889 | G56: TRUE | H56: B4 | I56: =IF(K56>1,VLOOKUP(K56,DB!$A$4:$B$500,2,0),"") -> EX RON | J56: =IF(L56>1,VLOOKUP(L56,DB!$A$4:$B$500,2,0),"") -> WARR | K56: - | L56: ID 7511 | M56: =IF(B56>1,VLOOKUP(B56,DB!$D$4:$F$800,3,0),"") -> BATIK AIR | O56: =IF(ISBLANK(F56),"RON","") | Q56: =IF(R56="RON",H56,"") | R56: =IF(O56="RON",O56,"") | S56: =IF(R56="RON",C56,"") | T56: =IF(R56="RON",B56,"") | U56: =IF(R56="RON",M56,"")
A57: 40 | B57: PK-LUR | C57: =IF(B57>1,VLOOKUP(B57,DB!$D$4:$E$800,2,0),"") -> A 320 | D57: - | E57: FALSE | F57: 0.31944444 | G57: TRUE | H57: B6 | I57: =IF(K57>1,VLOOKUP(K57,DB!$A$4:$B$500,2,0),"") -> EX RON | J57: A1 | K57: - | M57: =IF(B57>1,VLOOKUP(B57,DB!$D$4:$F$800,3,0),"") -> BATIK AIR | O57: =IF(ISBLANK(F57),"RON","") | Q57: =IF(R57="RON",H57,"") | R57: =IF(O57="RON",O57,"") | S57: =IF(R57="RON",C57,"") | T57: =IF(R57="RON",B57,"") | U57: =IF(R57="RON",M57,"")
A58: 41 | B58: PK-LAF | C58: =IF(B58>1,VLOOKUP(B58,DB!$D$4:$E$800,2,0),"") -> A 320 | D58: - | E58: FALSE | F58: 0.47430556 | G58: TRUE | H58: B7 | I58: =IF(K58>1,VLOOKUP(K58,DB!$A$4:$B$500,2,0),"") -> EX RON | J58: =IF(L58>1,VLOOKUP(L58,DB!$A$4:$B$500,2,0),"") -> WARA | K58: - | L58: ID 7583 | M58: =IF(B58>1,VLOOKUP(B58,DB!$D$4:$F$800,3,0),"") -> BATIK AIR | O58: =IF(ISBLANK(F58),"RON","") | Q58: =IF(R58="RON",H58,"") | R58: =IF(O58="RON",O58,"") | S58: =IF(R58="RON",C58,"") | T58: =IF(R58="RON",B58,"") | U58: =IF(R58="RON",M58,"")
A59: 42 | B59: PK-NMI | C59: =IF(B59>1,VLOOKUP(B59,DB!$D$4:$E$800,2,0),"") -> B 733 | D59: 0.19583333 | E59: TRUE | F59: 0.38125 | G59: TRUE | H59: B12 | I59: WAAA | J59: WIOO | M59: =IF(B59>1,VLOOKUP(B59,DB!$D$4:$F$800,3,0),"") -> AIRNESIA | O59: =IF(ISBLANK(F59),"RON","") | Q59: =IF(R59="RON",H59,"") | R59: =IF(O59="RON",O59,"") | S59: =IF(R59="RON",C59,"") | T59: =IF(R59="RON",B59,"") | U59: =IF(R59="RON",M59,"")
A60: 43 | B60: PK-YSH | C60: =IF(B60>1,VLOOKUP(B60,DB!$D$4:$E$800,2,0),"") -> B 733 | D60: 0.19930556 | E60: TRUE | F60: 0.275 | G60: TRUE | H60: B11 | I60: =IF(K60>1,VLOOKUP(K60,DB!$A$4:$B$500,2,0),"") -> WIMM | J60: =IF(L60>1,VLOOKUP(L60,DB!$A$4:$B$500,2,0),"") -> WAGG | K60: IL 702 | L60: IL 713 | M60: =IF(B60>1,VLOOKUP(B60,DB!$D$4:$F$800,3,0),"") -> TRIGANA | O60: =IF(ISBLANK(F60),"RON","") | Q60: =IF(R60="RON",H60,"") | R60: =IF(O60="RON",O60,"") | S60: =IF(R60="RON",C60,"") | T60: =IF(R60="RON",B60,"") | U60: =IF(R60="RON",M60,"")
A61: 44 | B61: PK-MGZ | C61: =IF(B61>1,VLOOKUP(B61,DB!$D$4:$E$800,2,0),"") -> B 733 | D61: 0.20269968 | E61: TRUE | F61: 0.25138889 | G61: TRUE | H61: B10 | I61: =IF(K61>1,VLOOKUP(K61,DB!$A$4:$B$500,2,0),"") -> WSSS | J61: =IF(L61>1,VLOOKUP(L61,DB!$A$4:$B$500,2,0),"") -> WALL | K61: GM 019 | L61: GM 061 | M61: =IF(B61>1,VLOOKUP(B61,DB!$D$4:$F$800,3,0),"") -> TRI MG | O61: =IF(ISBLANK(F61),"RON","") | Q61: =IF(R61="RON",H61,"") | R61: =IF(O61="RON",O61,"") | S61: =IF(R61="RON",C61,"") | T61: =IF(R61="RON",B61,"") | U61: =IF(R61="RON",M61,"")
A62: 45 | B62: PK-BBJ | C62: =IF(B62>1,VLOOKUP(B62,DB!$D$4:$E$800,2,0),"") -> B 734 | D62: 0.22708333 | E62: TRUE | F62: 0.33194444 | G62: TRUE | H62: B13 | I62: =IF(K62>1,VLOOKUP(K62,DB!$A$4:$B$500,2,0),"") -> WAMM | J62: =IF(L62>1,VLOOKUP(L62,DB!$A$4:$B$500,2,0),"") -> WIII | K62: 0B 5022 | L62: 0B 1001 | M62: =IF(B62>1,VLOOKUP(B62,DB!$D$4:$F$800,3,0),"") -> B. B. N. | O62: =IF(ISBLANK(F62),"RON","") | Q62: =IF(R62="RON",H62,"") | R62: =IF(O62="RON",O62,"") | S62: =IF(R62="RON",C62,"") | T62: =IF(R62="RON",B62,"") | U62: =IF(R62="RON",M62,"")
A63: 46 | B63: T7-MYR | C63: =IF(B63>1,VLOOKUP(B63,DB!$D$4:$E$800,2,0),"") -> G VII | D63: 0.23472222 | E63: TRUE | F63: 0.29583333 | G63: TRUE | H63: B8 | I63: HGR | J63: WIDD | M63: =IF(B63>1,VLOOKUP(B63,DB!$D$4:$F$800,3,0),"") -> TRAVIRA | O63: =IF(ISBLANK(F63),"RON","") | Q63: =IF(R63="RON",H63,"") | R63: =IF(O63="RON",O63,"") | S63: =IF(R63="RON",C63,"") | T63: =IF(R63="RON",B63,"") | U63: =IF(R63="RON",M63,"")
A64: 47 | B64: PK-LUY | C64: =IF(B64>1,VLOOKUP(B64,DB!$D$4:$E$800,2,0),"") -> A 320 | D64: 0.25625 | E64: TRUE | F64: 0.2917678 | G64: TRUE | H64: B1 | I64: =IF(K64>1,VLOOKUP(K64,DB!$A$4:$B$500,2,0),"") -> WARR | J64: =IF(L64>1,VLOOKUP(L64,DB!$A$4:$B$500,2,0),"") -> WIPP | K64: ID 7508 | L64: ID 7053 | M64: =IF(B64>1,VLOOKUP(B64,DB!$D$4:$F$800,3,0),"") -> BATIK AIR | O64: =IF(ISBLANK(F64),"RON","") | Q64: =IF(R64="RON",H64,"") | R64: =IF(O64="RON",O64,"") | S64: =IF(R64="RON",C64,"") | T64: =IF(R64="RON",B64,"") | U64: =IF(R64="RON",M64,"")
A65: 48 | B65: A-2117 | C65: =IF(B65>1,VLOOKUP(B65,DB!$D$4:$E$800,2,0),"") -> C 212 | D65: 0.29513889 | E65: FALSE | F65: 0.34166667 | G65: FALSE | H65: SA13 | I65: LOCAL | J65: LOCAL | M65: =IF(B65>1,VLOOKUP(B65,DB!$D$4:$F$800,3,0),"") -> TNI AU | O65: =IF(ISBLANK(F65),"RON","") | Q65: =IF(R65="RON",H65,"") | R65: =IF(O65="RON",O65,"") | S65: =IF(R65="RON",C65,"") | T65: =IF(R65="RON",B65,"") | U65: =IF(R65="RON",M65,"")
A66: 49 | B66: PK-VVM | C66: =IF(B66>1,VLOOKUP(B66,DB!$D$4:$E$800,2,0),"") -> C 208 | D66: 0.30555556 | E66: TRUE | F66: 0.37083333 | G66: TRUE | H66: A0 | I66: =IF(K66>1,VLOOKUP(K66,DB!$A$4:$B$500,2,0),"") -> WICN | J66: =IF(L66>1,VLOOKUP(L66,DB!$A$4:$B$500,2,0),"") -> WICN | K66: SI 235 | L66: SI 234 | M66: =IF(B66>1,VLOOKUP(B66,DB!$D$4:$F$800,3,0),"") -> SUSI AIR | O66: =IF(ISBLANK(F66),"RON","") | Q66: =IF(R66="RON",H66,"") | R66: =IF(O66="RON",O66,"") | S66: =IF(R66="RON",C66,"") | T66: =IF(R66="RON",B66,"") | U66: =IF(R66="RON",M66,"")
A67: 50 | B67: PK-BON | C67: =IF(B67>1,VLOOKUP(B67,DB!$D$4:$E$800,2,0),"") -> G IV | D67: 0.30277778 | E67: TRUE | F67: 0.42083333 | G67: TRUE | H67: B5 | I67: SA09 | J67: WIMM | L67: CEO 54 | M67: =IF(B67>1,VLOOKUP(B67,DB!$D$4:$F$800,3,0),"") -> JETSET | O67: =IF(ISBLANK(F67),"RON","") | Q67: =IF(R67="RON",H67,"") | R67: =IF(O67="RON",O67,"") | S67: =IF(R67="RON",C67,"") | T67: =IF(R67="RON",B67,"") | U67: =IF(R67="RON",M67,"")
A68: 51 | B68: PK-LUR | C68: =IF(B68>1,VLOOKUP(B68,DB!$D$4:$E$800,2,0),"") -> A 320 | D68: 0.32291667 | E68: TRUE | F68: 0.40972222 | G68: TRUE | H68: A1 | I68: B6 | J68: =IF(L68>1,VLOOKUP(L68,DB!$A$4:$B$500,2,0),"") -> WAHS | K68: - | L68: ID 7557 | M68: =IF(B68>1,VLOOKUP(B68,DB!$D$4:$F$800,3,0),"") -> BATIK AIR | O68: =IF(ISBLANK(F68),"RON","") | Q68: =IF(R68="RON",H68,"") | R68: =IF(O68="RON",O68,"") | S68: =IF(R68="RON",C68,"") | T68: =IF(R68="RON",B68,"") | U68: =IF(R68="RON",M68,"")
A69: 52 | B69: PK-LUV | C69: =IF(B69>1,VLOOKUP(B69,DB!$D$4:$E$800,2,0),"") -> A 320 | D69: 0.325 | E69: TRUE | F69: 0.38541667 | G69: TRUE | H69: A2 | I69: =IF(K69>1,VLOOKUP(K69,DB!$A$4:$B$500,2,0),"") -> WIBB | J69: =IF(L69>1,VLOOKUP(L69,DB!$A$4:$B$500,2,0),"") -> WADD | K69: ID 7066 | L69: ID 7309 | M69: =IF(B69>1,VLOOKUP(B69,DB!$D$4:$F$800,3,0),"") -> BATIK AIR | O69: =IF(ISBLANK(F69),"RON","") | Q69: =IF(R69="RON",H69,"") | R69: =IF(O69="RON",O69,"") | S69: =IF(R69="RON",C69,"") | T69: =IF(R69="RON",B69,"") | U69: =IF(R69="RON",M69,"")
A70: 53 | B70: PK-LUT | C70: =IF(B70>1,VLOOKUP(B70,DB!$D$4:$E$800,2,0),"") -> A 320 | D70: 0.33472222 | E70: TRUE | F70: 0.36527778 | G70: TRUE | H70: A3 | I70: =IF(K70>1,VLOOKUP(K70,DB!$A$4:$B$500,2,0),"") -> WIPP | J70: =IF(L70>1,VLOOKUP(L70,DB!$A$4:$B$500,2,0),"") -> WARR | K70: ID 7056 | L70: ID 7513 | M70: =IF(B70>1,VLOOKUP(B70,DB!$D$4:$F$800,3,0),"") -> BATIK AIR | O70: =IF(ISBLANK(F70),"RON","") | Q70: =IF(R70="RON",H70,"") | R70: =IF(O70="RON",O70,"") | S70: =IF(R70="RON",C70,"") | T70: =IF(R70="RON",B70,"") | U70: =IF(R70="RON",M70,"")
A71: 54 | B71: PK-YST | C71: =IF(B71>1,VLOOKUP(B71,DB!$D$4:$E$800,2,0),"") -> B 733 | D71: 0.35763889 | E71: TRUE | F71: 0.42152778 | G71: TRUE | H71: B11 | I71: =IF(K71>1,VLOOKUP(K71,DB!$A$4:$B$500,2,0),"") -> WAMM | J71: =IF(L71>1,VLOOKUP(L71,DB!$A$4:$B$500,2,0),"") -> WIOO | K71: IL 730 | L71: IL 741 | M71: =IF(B71>1,VLOOKUP(B71,DB!$D$4:$F$800,3,0),"") -> TRIGANA | O71: =IF(ISBLANK(F71),"RON","") | Q71: =IF(R71="RON",H71,"") | R71: =IF(O71="RON",O71,"") | S71: =IF(R71="RON",C71,"") | T71: =IF(R71="RON",B71,"") | U71: =IF(R71="RON",M71,"")
A72: 55 | B72: PK-BLA | C72: =IF(B72>1,VLOOKUP(B72,DB!$D$4:$E$800,2,0),"") -> A 320 | D72: 0.36805556 | E72: TRUE | F72: 0.39513889 | G72: TRUE | H72: B1 | I72: =IF(K72>1,VLOOKUP(K72,DB!$A$4:$B$500,2,0),"") -> WARR | J72: =IF(L72>1,VLOOKUP(L72,DB!$A$4:$B$500,2,0),"") -> WARR | K72: ID 7510 | L72: ID 7517 | M72: =IF(B72>1,VLOOKUP(B72,DB!$D$4:$F$800,3,0),"") -> BATIK AIR | O72: =IF(ISBLANK(F72),"RON","") | Q72: =IF(R72="RON",H72,"") | R72: =IF(O72="RON",O72,"") | S72: =IF(R72="RON",C72,"") | T72: =IF(R72="RON",B72,"") | U72: =IF(R72="RON",M72,"")
A73: 56 | B73: PK-GJV | C73: =IF(B73>1,VLOOKUP(B73,DB!$D$4:$E$800,2,0),"") -> ATR 72 | D73: 0.37361111 | E73: TRUE | F73: 0.40625 | G73: TRUE | H73: B2 | I73: =IF(K73>1,VLOOKUP(K73,DB!$A$4:$B$500,2,0),"") -> WAHH | J73: =IF(L73>1,VLOOKUP(L73,DB!$A$4:$B$500,2,0),"") -> WAHH | K73: QG 1101 | L73: QG 1104 | M73: =IF(B73>1,VLOOKUP(B73,DB!$D$4:$F$800,3,0),"") -> CITILINK | O73: =IF(ISBLANK(F73),"RON","") | Q73: =IF(R73="RON",H73,"") | R73: =IF(O73="RON",O73,"") | S73: =IF(R73="RON",C73,"") | T73: =IF(R73="RON",B73,"") | U73: =IF(R73="RON",M73,"")
A74: 57 | B74: T7-X14 | C74: =IF(B74>1,VLOOKUP(B74,DB!$D$4:$E$800,2,0),"") -> G VI | D74: 0.36319444 | E74: TRUE | F74: 0.46458333 | G74: TRUE | H74: B9 | I74: RE02 | J74: WSSL | M74: AFM | O74: =IF(ISBLANK(F74),"RON","") | Q74: =IF(R74="RON",H74,"") | R74: =IF(O74="RON",O74,"") | S74: =IF(R74="RON",C74,"") | T74: =IF(R74="RON",B74,"") | U74: =IF(R74="RON",M74,"")
A75: 58 | B75: PK-LAL | C75: =IF(B75>1,VLOOKUP(B75,DB!$D$4:$E$800,2,0),"") -> A 320 | D75: 0.37916667 | E75: TRUE | F75: 0.52361111 | G75: TRUE | H75: A3 | I75: SA05 | J75: =IF(L75>1,VLOOKUP(L75,DB!$A$4:$B$500,2,0),"") -> WAHI | K75: - | L75: ID 7539 | M75: =IF(B75>1,VLOOKUP(B75,DB!$D$4:$F$800,3,0),"") -> BATIK AIR | O75: =IF(ISBLANK(F75),"RON","") | Q75: =IF(R75="RON",H75,"") | R75: =IF(O75="RON",O75,"") | S75: =IF(R75="RON",C75,"") | T75: =IF(R75="RON",B75,"") | U75: =IF(R75="RON",M75,"")
A76: 59 | B76: PK-LUY | C76: =IF(B76>1,VLOOKUP(B76,DB!$D$4:$E$800,2,0),"") -> A 320 | D76: 0.42083333 | E76: TRUE | F76: 0.45486111 | G76: TRUE | H76: A2 | I76: =IF(K76>1,VLOOKUP(K76,DB!$A$4:$B$500,2,0),"") -> WIPP | J76: =IF(L76>1,VLOOKUP(L76,DB!$A$4:$B$500,2,0),"") -> WAHQ | K76: ID 7054 | L76: ID 7531 | M76: =IF(B76>1,VLOOKUP(B76,DB!$D$4:$F$800,3,0),"") -> BATIK AIR | O76: =IF(ISBLANK(F76),"RON","") | Q76: =IF(R76="RON",H76,"") | R76: =IF(O76="RON",O76,"") | S76: =IF(R76="RON",C76,"") | T76: =IF(R76="RON",B76,"") | U76: =IF(R76="RON",M76,"")
A77: 60 | B77: PK-GQO | C77: =IF(B77>1,VLOOKUP(B77,DB!$D$4:$E$800,2,0),"") -> A 320 | D77: 0.42708333 | E77: TRUE | F77: 0.45833333 | G77: TRUE | H77: B2 | I77: =IF(K77>1,VLOOKUP(K77,DB!$A$4:$B$500,2,0),"") -> WARR | J77: =IF(L77>1,VLOOKUP(L77,DB!$A$4:$B$500,2,0),"") -> WIPP | K77: QG 0171 | L77: QG 0088 | M77: =IF(B77>1,VLOOKUP(B77,DB!$D$4:$F$800,3,0),"") -> CITILINK | O77: =IF(ISBLANK(F77),"RON","") | Q77: =IF(R77="RON",H77,"") | R77: =IF(O77="RON",O77,"") | S77: =IF(R77="RON",C77,"") | T77: =IF(R77="RON",B77,"") | U77: =IF(R77="RON",M77,"")
A78: 61 | B78: PK-TFS | C78: =IF(B78>1,VLOOKUP(B78,DB!$D$4:$E$800,2,0),"") -> EMB 135 | D78: 0.41458333 | E78: TRUE | F78: 0.43958333 | G78: TRUE | H78: B4 | I78: HGR | J78: WADD | M78: =IF(B78>1,VLOOKUP(B78,DB!$D$4:$F$800,3,0),"") -> IAT | O78: =IF(ISBLANK(F78),"RON","") | Q78: =IF(R78="RON",H78,"") | R78: =IF(O78="RON",O78,"") | S78: =IF(R78="RON",C78,"") | T78: =IF(R78="RON",B78,"") | U78: =IF(R78="RON",M78,"")
A79: 62 | B79: PK-YSH | C79: =IF(B79>1,VLOOKUP(B79,DB!$D$4:$E$800,2,0),"") -> B 733 | D79: 0.45833333 | E79: TRUE | F79: 0.60069444 | G79: TRUE | H79: B12 | I79: =IF(K79>1,VLOOKUP(K79,DB!$A$4:$B$500,2,0),"") -> WAGG | J79: =IF(L79>1,VLOOKUP(L79,DB!$A$4:$B$500,2,0),"") -> WIKK | K79: IL 714 | L79: IL 715 | M79: =IF(B79>1,VLOOKUP(B79,DB!$D$4:$F$800,3,0),"") -> TRIGANA | O79: =IF(ISBLANK(F79),"RON","") | Q79: =IF(R79="RON",H79,"") | R79: =IF(O79="RON",O79,"") | S79: =IF(R79="RON",C79,"") | T79: =IF(R79="RON",B79,"") | U79: =IF(R79="RON",M79,"")
A80: 63 | B80: PK-LAM | C80: =IF(B80>1,VLOOKUP(B80,DB!$D$4:$E$800,2,0),"") -> A 320 | D80: 0.41875 | E80: TRUE | F80: 0.51944444 | G80: TRUE | H80: A1 | I80: SA07 | J80: =IF(L80>1,VLOOKUP(L80,DB!$A$4:$B$500,2,0),"") -> WARR | K80: - | L80: ID 7515 | M80: =IF(B80>1,VLOOKUP(B80,DB!$D$4:$F$800,3,0),"") -> BATIK AIR | O80: =IF(ISBLANK(F80),"RON","") | Q80: =IF(R80="RON",H80,"") | R80: =IF(O80="RON",O80,"") | S80: =IF(R80="RON",C80,"") | T80: =IF(R80="RON",B80,"") | U80: =IF(R80="RON",M80,"")
A81: 64 | B81: A-2117 | C81: =IF(B81>1,VLOOKUP(B81,DB!$D$4:$E$800,2,0),"") -> C 212 | D81: 0.40138889 | E81: FALSE | F81: 0.46527778 | G81: FALSE | H81: SA14 | I81: LOCAL | J81: LOCAL | M81: =IF(B81>1,VLOOKUP(B81,DB!$D$4:$F$800,3,0),"") -> TNI AU | O81: =IF(ISBLANK(F81),"RON","") | Q81: =IF(R81="RON",H81,"") | R81: =IF(O81="RON",O81,"") | S81: =IF(R81="RON",C81,"") | T81: =IF(R81="RON",B81,"") | U81: =IF(R81="RON",M81,"")
A82: 65 | B82: A-2104 | C82: =IF(B82>1,VLOOKUP(B82,DB!$D$4:$E$800,2,0),"") -> C 212 | D82: 0.33402778 | E82: FALSE | F82: 0.40486111 | G82: FALSE | H82: SA13 | I82: LOCAL | J82: LOCAL | M82: =IF(B82>1,VLOOKUP(B82,DB!$D$4:$F$800,3,0),"") -> TNI AU | O82: =IF(ISBLANK(F82),"RON","") | Q82: =IF(R82="RON",H82,"") | R82: =IF(O82="RON",O82,"") | S82: =IF(R82="RON",C82,"") | T82: =IF(R82="RON",B82,"") | U82: =IF(R82="RON",M82,"")
A83: 66 | B83: Z-J121 | C83: =IF(B83>1,VLOOKUP(B83,DB!$D$4:$E$800,2,0),"") -> AW 101 | D83: 0.40555556 | E83: TRUE | F83: 0.47222222 | G83: TRUE | H83: BASEOPS | I83: WALES | J83: WALES | M83: TAS | O83: =IF(ISBLANK(F83),"RON","") | Q83: =IF(R83="RON",H83,"") | R83: =IF(O83="RON",O83,"") | S83: =IF(R83="RON",C83,"") | T83: =IF(R83="RON",B83,"") | U83: =IF(R83="RON",M83,"")
A84: 67 | B84: Z-J128 | C84: =IF(B84>1,VLOOKUP(B84,DB!$D$4:$E$800,2,0),"") -> AW 101 | D84: 0.40555556 | E84: TRUE | F84: 0.47222222 | G84: TRUE | H84: BASEOPS | I84: WALES | J84: WALES | M84: TAS | O84: =IF(ISBLANK(F84),"RON","") | Q84: =IF(R84="RON",H84,"") | R84: =IF(O84="RON",O84,"") | S84: =IF(R84="RON",C84,"") | T84: =IF(R84="RON",B84,"") | U84: =IF(R84="RON",M84,"")
A85: 68 | B85: N-970NX | C85: =IF(B85>1,VLOOKUP(B85,DB!$D$4:$E$800,2,0),"") -> GLEX | D85: 0.48194444 | E85: TRUE | F85: 0.51597222 | G85: TRUE | H85: B3 | I85: WADD | J85: HGR | M85: =IF(B85>1,VLOOKUP(B85,DB!$D$4:$F$800,3,0),"") -> PREMI | O85: =IF(ISBLANK(F85),"RON","") | Q85: =IF(R85="RON",H85,"") | R85: =IF(O85="RON",O85,"") | S85: =IF(R85="RON",C85,"") | T85: =IF(R85="RON",B85,"") | U85: =IF(R85="RON",M85,"")
A86: 69 | B86: PK-GFF | C86: =IF(B86>1,VLOOKUP(B86,DB!$D$4:$E$800,2,0),"") -> B 738 | D86: 0.5 | E86: TRUE | F86: 0.54097222 | G86: TRUE | H86: B2 | I86: =IF(K86>1,VLOOKUP(K86,DB!$A$4:$B$500,2,0),"") -> WIMM | J86: =IF(L86>1,VLOOKUP(L86,DB!$A$4:$B$500,2,0),"") -> WARR | K86: GA 0181 | L86: GA 0330 | M86: =IF(B86>1,VLOOKUP(B86,DB!$D$4:$F$800,3,0),"") -> GARUDA | O86: =IF(ISBLANK(F86),"RON","") | Q86: =IF(R86="RON",H86,"") | R86: =IF(O86="RON",O86,"") | S86: =IF(R86="RON",C86,"") | T86: =IF(R86="RON",B86,"") | U86: =IF(R86="RON",M86,"")
A87: 70 | B87: PK-GQP | C87: =IF(B87>1,VLOOKUP(B87,DB!$D$4:$E$800,2,0),"") -> A 320 | D87: 0.50486111 | E87: TRUE | F87: 0.53194444 | G87: TRUE | H87: B1 | I87: =IF(K87>1,VLOOKUP(K87,DB!$A$4:$B$500,2,0),"") -> WIMN | J87: =IF(L87>1,VLOOKUP(L87,DB!$A$4:$B$500,2,0),"") -> WARA | K87: QG 0021 | L87: QG 0164 | M87: =IF(B87>1,VLOOKUP(B87,DB!$D$4:$F$800,3,0),"") -> CITILINK | O87: =IF(ISBLANK(F87),"RON","") | Q87: =IF(R87="RON",H87,"") | R87: =IF(O87="RON",O87,"") | S87: =IF(R87="RON",C87,"") | T87: =IF(R87="RON",B87,"") | U87: =IF(R87="RON",M87,"")
A88: 71 | B88: PK-TFS | C88: =IF(B88>1,VLOOKUP(B88,DB!$D$4:$E$800,2,0),"") -> EMB 135 | D88: 0.44097222 | E88: TRUE | F88: 0.5 | G88: TRUE | H88: B5 | I88: B4 | J88: WADD | M88: =IF(B88>1,VLOOKUP(B88,DB!$D$4:$F$800,3,0),"") -> IAT | O88: =IF(ISBLANK(F88),"RON","") | Q88: =IF(R88="RON",H88,"") | R88: =IF(O88="RON",O88,"") | S88: =IF(R88="RON",C88,"") | T88: =IF(R88="RON",B88,"") | U88: =IF(R88="RON",M88,"")
A89: 72 | B89: A-2104 | C89: =IF(B89>1,VLOOKUP(B89,DB!$D$4:$E$800,2,0),"") -> C 212 | D89: 0.45 | E89: FALSE | F89: 0.59583333 | G89: FALSE | H89: SA13 | I89: LOCAL | J89: LOCAL | M89: =IF(B89>1,VLOOKUP(B89,DB!$D$4:$F$800,3,0),"") -> TNI AU | O89: =IF(ISBLANK(F89),"RON","") | Q89: =IF(R89="RON",H89,"") | R89: =IF(O89="RON",O89,"") | S89: =IF(R89="RON",C89,"") | T89: =IF(R89="RON",B89,"") | U89: =IF(R89="RON",M89,"")
A90: 73 | B90: PK-LUT | C90: =IF(B90>1,VLOOKUP(B90,DB!$D$4:$E$800,2,0),"") -> A 320 | D90: 0.50763889 | E90: TRUE | F90: 0.53888889 | G90: TRUE | H90: B8 | I90: =IF(K90>1,VLOOKUP(K90,DB!$A$4:$B$500,2,0),"") -> WARR | J90: =IF(L90>1,VLOOKUP(L90,DB!$A$4:$B$500,2,0),"") -> WIPP | K90: ID 7516 | L90: ID 7051 | M90: =IF(B90>1,VLOOKUP(B90,DB!$D$4:$F$800,3,0),"") -> BATIK AIR | O90: =IF(ISBLANK(F90),"RON","") | Q90: =IF(R90="RON",H90,"") | R90: =IF(O90="RON",O90,"") | S90: =IF(R90="RON",C90,"") | T90: =IF(R90="RON",B90,"") | U90: =IF(R90="RON",M90,"")
A91: 74 | B91: T7-MYR | C91: =IF(B91>1,VLOOKUP(B91,DB!$D$4:$E$800,2,0),"") -> G VII | D91: 0.47916667 | E91: TRUE | F91: 0.4875 | G91: TRUE | H91: B8 | I91: WIDD | J91: HGR | M91: =IF(B91>1,VLOOKUP(B91,DB!$D$4:$F$800,3,0),"") -> TRAVIRA | O91: =IF(ISBLANK(F91),"RON","") | Q91: =IF(R91="RON",H91,"") | R91: =IF(O91="RON",O91,"") | S91: =IF(R91="RON",C91,"") | T91: =IF(R91="RON",B91,"") | U91: =IF(R91="RON",M91,"")
A92: 75 | B92: PK-LUR | C92: =IF(B92>1,VLOOKUP(B92,DB!$D$4:$E$800,2,0),"") -> A 320 | D92: 0.51527778 | E92: TRUE | F92: 0.55486111 | G92: TRUE | H92: A2 | I92: =IF(K92>1,VLOOKUP(K92,DB!$A$4:$B$500,2,0),"") -> WAHS | J92: =IF(L92>1,VLOOKUP(L92,DB!$A$4:$B$500,2,0),"") -> WIMM | K92: ID 7556 | L92: ID 7011 | M92: =IF(B92>1,VLOOKUP(B92,DB!$D$4:$F$800,3,0),"") -> BATIK AIR | O92: =IF(ISBLANK(F92),"RON","") | Q92: =IF(R92="RON",H92,"") | R92: =IF(O92="RON",O92,"") | S92: =IF(R92="RON",C92,"") | T92: =IF(R92="RON",B92,"") | U92: =IF(R92="RON",M92,"")
A93: 76 | B93: M-JGVJ | C93: =IF(B93>1,VLOOKUP(B93,DB!$D$4:$E$800,2,0),"") -> GLEX | D93: 0.48263889 | E93: TRUE | F93: 0.56666667 | G93: TRUE | H93: B9 | I93: SA06 | J93: WSSL | M93: KARISMA | O93: =IF(ISBLANK(F93),"RON","") | Q93: =IF(R93="RON",H93,"") | R93: =IF(O93="RON",O93,"") | S93: =IF(R93="RON",C93,"") | T93: =IF(R93="RON",B93,"") | U93: =IF(R93="RON",M93,"")
A94: 77 | B94: A-2117 | C94: =IF(B94>1,VLOOKUP(B94,DB!$D$4:$E$800,2,0),"") -> C 212 | D94: 0.48611111 | E94: FALSE | F94: 0.54513889 | G94: FALSE | H94: SA14 | I94: LOCAL | J94: LOCAL | M94: =IF(B94>1,VLOOKUP(B94,DB!$D$4:$F$800,3,0),"") -> TNI AU | O94: =IF(ISBLANK(F94),"RON","") | Q94: =IF(R94="RON",H94,"") | R94: =IF(O94="RON",O94,"") | S94: =IF(R94="RON",C94,"") | T94: =IF(R94="RON",B94,"") | U94: =IF(R94="RON",M94,"")
A95: 78 | B95: PK-GRD | C95: =IF(B95>1,VLOOKUP(B95,DB!$D$4:$E$800,2,0),"") -> BBJ 2 | D95: 0.49305556 | E95: TRUE | F95: 0.58125 | G95: TRUE | H95: B7 | I95: SA12 | J95: BASEOPS | M95: =IF(B95>1,VLOOKUP(B95,DB!$D$4:$F$800,3,0),"") -> PTN | O95: =IF(ISBLANK(F95),"RON","") | Q95: =IF(R95="RON",H95,"") | R95: =IF(O95="RON",O95,"") | S95: =IF(R95="RON",C95,"") | T95: =IF(R95="RON",B95,"") | U95: =IF(R95="RON",M95,"")
A96: 79 | B96: PK-GJV | C96: =IF(B96>1,VLOOKUP(B96,DB!$D$4:$E$800,2,0),"") -> ATR 72 | D96: 0.54861111 | E96: TRUE | F96: 0.56805556 | G96: TRUE | H96: A3 | I96: =IF(K96>1,VLOOKUP(K96,DB!$A$4:$B$500,2,0),"") -> WAHH | J96: =IF(L96>1,VLOOKUP(L96,DB!$A$4:$B$500,2,0),"") -> WAHH | K96: QG 1103 | L96: QG 1102 | M96: =IF(B96>1,VLOOKUP(B96,DB!$D$4:$F$800,3,0),"") -> CITILINK | O96: =IF(ISBLANK(F96),"RON","") | Q96: =IF(R96="RON",H96,"") | R96: =IF(O96="RON",O96,"") | S96: =IF(R96="RON",C96,"") | T96: =IF(R96="RON",B96,"") | U96: =IF(R96="RON",M96,"")
A97: 80 | B97: PK-BKU | C97: =IF(B97>1,VLOOKUP(B97,DB!$D$4:$E$800,2,0),"") -> A 320 | D97: 0.50416667 | E97: TRUE | F97: 0.58472222 | G97: TRUE | H97: A1 | I97: =IF(K97>1,VLOOKUP(K97,DB!$A$4:$B$500,2,0),"") -> WARR | J97: =IF(L97>1,VLOOKUP(L97,DB!$A$4:$B$500,2,0),"") -> WARR | K97: ID 7520 | L97: ID 7501 | M97: =IF(B97>1,VLOOKUP(B97,DB!$D$4:$F$800,3,0),"") -> BATIK AIR | O97: =IF(ISBLANK(F97),"RON","") | Q97: =IF(R97="RON",H97,"") | R97: =IF(O97="RON",O97,"") | S97: =IF(R97="RON",C97,"") | T97: =IF(R97="RON",B97,"") | U97: =IF(R97="RON",M97,"")
A98: 81 | B98: N-970NX | C98: =IF(B98>1,VLOOKUP(B98,DB!$D$4:$E$800,2,0),"") -> GLEX | D98: 0.52291667 | E98: TRUE | G98: FALSE | H98: SA07 | I98: B3 | J98: =IF(L98>1,VLOOKUP(L98,DB!$A$4:$B$500,2,0),"") | M98: =IF(B98>1,VLOOKUP(B98,DB!$D$4:$F$800,3,0),"") -> PREMI | O98: =IF(ISBLANK(F98),"RON","") -> RON | Q98: =IF(R98="RON",H98,"") -> SA07 | R98: =IF(O98="RON",O98,"") -> RON | S98: =IF(R98="RON",C98,"") -> GLEX | T98: =IF(R98="RON",B98,"") -> N-970NX | U98: =IF(R98="RON",M98,"") -> PREMI
A99: 82 | B99: PK-LUY | C99: =IF(B99>1,VLOOKUP(B99,DB!$D$4:$E$800,2,0),"") -> A 320 | D99: 0.57083333 | E99: TRUE | F99: 0.59722222 | G99: TRUE | H99: B1 | I99: =IF(K99>1,VLOOKUP(K99,DB!$A$4:$B$500,2,0),"") -> WAHQ | J99: =IF(L99>1,VLOOKUP(L99,DB!$A$4:$B$500,2,0),"") -> WAHS | K99: ID 7532 | L99: ID 7559 | M99: =IF(B99>1,VLOOKUP(B99,DB!$D$4:$F$800,3,0),"") -> BATIK AIR | O99: =IF(ISBLANK(F99),"RON","") | Q99: =IF(R99="RON",H99,"") | R99: =IF(O99="RON",O99,"") | S99: =IF(R99="RON",C99,"") | T99: =IF(R99="RON",B99,"") | U99: =IF(R99="RON",M99,"")
A100: 83 | B100: PK-LUV | C100: =IF(B100>1,VLOOKUP(B100,DB!$D$4:$E$800,2,0),"") -> A 320 | D100: 0.5625 | E100: TRUE | F100: 0.6 | G100: TRUE | H100: B8 | I100: =IF(K100>1,VLOOKUP(K100,DB!$A$4:$B$500,2,0),"") -> WADD | J100: =IF(L100>1,VLOOKUP(L100,DB!$A$4:$B$500,2,0),"") -> WIEE | K100: ID 7308 | L100: ID 7109 | M100: =IF(B100>1,VLOOKUP(B100,DB!$D$4:$F$800,3,0),"") -> BATIK AIR | O100: =IF(ISBLANK(F100),"RON","") | Q100: =IF(R100="RON",H100,"") | R100: =IF(O100="RON",O100,"") | S100: =IF(R100="RON",C100,"") | T100: =IF(R100="RON",B100,"") | U100: =IF(R100="RON",M100,"")
A101: 84 | B101: PK-GQO | C101: =IF(B101>1,VLOOKUP(B101,DB!$D$4:$E$800,2,0),"") -> A 320 | D101: 0.6 | E101: TRUE | F101: 0.66180556 | G101: TRUE | H101: B2 | I101: =IF(K101>1,VLOOKUP(K101,DB!$A$4:$B$500,2,0),"") -> WIPP | J101: =IF(L101>1,VLOOKUP(L101,DB!$A$4:$B$500,2,0),"") -> WARR | K101: QG 0089 | L101: QG 0174 | M101: =IF(B101>1,VLOOKUP(B101,DB!$D$4:$F$800,3,0),"") -> CITILINK | O101: =IF(ISBLANK(F101),"RON","") | Q101: =IF(R101="RON",H101,"") | R101: =IF(O101="RON",O101,"") | S101: =IF(R101="RON",C101,"") | T101: =IF(R101="RON",B101,"") | U101: =IF(R101="RON",M101,"")
A102: 85 | B102: PK-NMI | C102: =IF(B102>1,VLOOKUP(B102,DB!$D$4:$E$800,2,0),"") -> B 733 | D102: 0.58055556 | E102: TRUE | F102: 0.65972222 | G102: TRUE | H102: B13 | I102: WIOO | J102: WAOO | M102: =IF(B102>1,VLOOKUP(B102,DB!$D$4:$F$800,3,0),"") -> AIRNESIA | O102: =IF(ISBLANK(F102),"RON","") | Q102: =IF(R102="RON",H102,"") | R102: =IF(O102="RON",O102,"") | S102: =IF(R102="RON",C102,"") | T102: =IF(R102="RON",B102,"") | U102: =IF(R102="RON",M102,"")
A103: 86 | B103: PK-RTY | C103: =IF(B103>1,VLOOKUP(B103,DB!$D$4:$E$800,2,0),"") -> AS 365 | D103: 0.55763889 | E103: TRUE | F103: 0.56041667 | G103: TRUE | H103: SA05 | I103: WIBB | J103: HGR | M103: GENESA | O103: =IF(ISBLANK(F103),"RON","") | Q103: =IF(R103="RON",H103,"") | R103: =IF(O103="RON",O103,"") | S103: =IF(R103="RON",C103,"") | T103: =IF(R103="RON",B103,"") | U103: =IF(R103="RON",M103,"")
A104: 87 | B104: PK-YST | C104: =IF(B104>1,VLOOKUP(B104,DB!$D$4:$E$800,2,0),"") -> B 733 | D104: 0.60208333 | E104: TRUE | F104: 0.67361111 | G104: TRUE | H104: B11 | I104: =IF(K104>1,VLOOKUP(K104,DB!$A$4:$B$500,2,0),"") -> WIOO | J104: =IF(L104>1,VLOOKUP(L104,DB!$A$4:$B$500,2,0),"") -> WAGG | K104: IL 742 | L104: IL 7131 | M104: =IF(B104>1,VLOOKUP(B104,DB!$D$4:$F$800,3,0),"") -> TRIGANA | O104: =IF(ISBLANK(F104),"RON","") | Q104: =IF(R104="RON",H104,"") | R104: =IF(O104="RON",O104,"") | S104: =IF(R104="RON",C104,"") | T104: =IF(R104="RON",B104,"") | U104: =IF(R104="RON",M104,"")
A105: 88 | B105: PK-GRD | C105: =IF(B105>1,VLOOKUP(B105,DB!$D$4:$E$800,2,0),"") -> BBJ 2 | D105: 0.58819444 | E105: TRUE | F105: 0.65277778 | G105: TRUE | H105: BASEOPS | I105: B7 | J105: OEJN | M105: =IF(B105>1,VLOOKUP(B105,DB!$D$4:$F$800,3,0),"") -> PTN | O105: =IF(ISBLANK(F105),"RON","") | Q105: =IF(R105="RON",H105,"") | R105: =IF(O105="RON",O105,"") | S105: =IF(R105="RON",C105,"") | T105: =IF(R105="RON",B105,"") | U105: =IF(R105="RON",M105,"")
A106: 89 | B106: N-977JH | C106: =IF(B106>1,VLOOKUP(B106,DB!$D$4:$E$800,2,0),"") -> CT 680 | D106: 0.58472222 | E106: TRUE | F106: 0.65138889 | G106: TRUE | H106: B4 | I106: WAOC | J106: NSA13 | M106: =IF(B106>1,VLOOKUP(B106,DB!$D$4:$F$800,3,0),"") -> JIP | O106: =IF(ISBLANK(F106),"RON","") | Q106: =IF(R106="RON",H106,"") | R106: =IF(O106="RON",O106,"") | S106: =IF(R106="RON",C106,"") | T106: =IF(R106="RON",B106,"") | U106: =IF(R106="RON",M106,"")
...

Sheet 02
A1: APRON MOVEMENT SHEET HALIM PERDANAKUSUMA
A7: AERODROME : | C7: WIHH
A8: TANGGAL : | C8: 45840
A9: PETUGAS AMC | C9: PAGI SIANG ( 07:00 - 18:59) | E9: MALAM (19:00 - 06:59)
C10: RIZA IBNU FAJAR | E10: MALDIKA HASIBUAN
C11: RIDWAN WINANTO | E11: NUZAR AFRIAN
C12: PELTU UUM | E12: PELTU SUCIADI
C13: AHCMAD FAUZI
A15: NO | B15: REGISTRATION | C15: TYPE | D15: TIME OF | H15: PARKING STAND | I15: FROM | J15: TO | K15: FLIGHT NO | M15: OPERATOR / AIRLINES | N15: REMARKS | O15: STATUS
D16: ON BLOCK | F16: OFF BLOCK | K16: ARR | L16: DEP
Q17: 1 | R17: 2 | S17: 3 | T17: 4 | U17: 5
A18: 1 | B18: PK-VCD | C18: =IF(B18>1,VLOOKUP(B18,DB!$D$4:$E$800,2,0),"") -> PA 34 | D18: - | E18: FALSE | G18: FALSE | H18: NSA01 | I18: =IF(K18>1,VLOOKUP(K18,DB!$A$4:$B$500,2,0),"") | J18: =IF(L18>1,VLOOKUP(L18,DB!$A$4:$B$500,2,0),"") | M18: =IF(B18>1,VLOOKUP(B18,DB!$D$4:$F$800,3,0),"") -> PENAS | N18: UNSERVICEABLE | O18: =IF(ISBLANK(F18),"RON","") -> RON | Q18: =IF(R18="RON",H18,"") -> NSA01 | R18: =IF(O18="RON",O18,"") -> RON | S18: =IF(R18="RON",C18,"") -> PA 34 | T18: =IF(R18="RON",B18,"") -> PK-VCD | U18: =IF(R18="RON",M18,"") -> PENAS
A19: 2 | B19: PK-RSO | C19: =IF(B19>1,VLOOKUP(B19,DB!$D$4:$E$800,2,0),"") -> CT 650 | D19: - | E19: FALSE | G19: FALSE | H19: NSA02 | I19: =IF(K19>1,VLOOKUP(K19,DB!$A$4:$B$500,2,0),"") | J19: =IF(L19>1,VLOOKUP(L19,DB!$A$4:$B$500,2,0),"") | M19: =IF(B19>1,VLOOKUP(B19,DB!$D$4:$F$800,3,0),"") -> ENGGANG | N19: UNSERVICEABLE | O19: =IF(ISBLANK(F19),"RON","") -> RON | Q19: =IF(R19="RON",H19,"") -> NSA02 | R19: =IF(O19="RON",O19,"") -> RON | S19: =IF(R19="RON",C19,"") -> CT 650 | T19: =IF(R19="RON",B19,"") -> PK-RSO | U19: =IF(R19="RON",M19,"") -> ENGGANG
A20: 3 | B20: PK-RDA | C20: =IF(B20>1,VLOOKUP(B20,DB!$D$4:$E$800,2,0),"") -> HK 900 | D20: - | E20: FALSE | G20: FALSE | H20: NSA03 | I20: =IF(K20>1,VLOOKUP(K20,DB!$A$4:$B$500,2,0),"") | J20: =IF(L20>1,VLOOKUP(L20,DB!$A$4:$B$500,2,0),"") | M20: =IF(B20>1,VLOOKUP(B20,DB!$D$4:$F$800,3,0),"") -> TRI MG | N20: UNSERVICEABLE | O20: =IF(ISBLANK(F20),"RON","") -> RON | Q20: =IF(R20="RON",H20,"") -> NSA03 | R20: =IF(O20="RON",O20,"") -> RON | S20: =IF(R20="RON",C20,"") -> HK 900 | T20: =IF(R20="RON",B20,"") -> PK-RDA | U20: =IF(R20="RON",M20,"") -> TRI MG
A21: 4 | B21: PK-YGK | C21: =IF(B21>1,VLOOKUP(B21,DB!$D$4:$E$800,2,0),"") -> HK 400 | D21: - | E21: FALSE | G21: FALSE | H21: NSA04 | I21: =IF(K21>1,VLOOKUP(K21,DB!$A$4:$B$500,2,0),"") | J21: =IF(L21>1,VLOOKUP(L21,DB!$A$4:$B$500,2,0),"") | M21: =IF(B21>1,VLOOKUP(B21,DB!$D$4:$F$800,3,0),"") -> TRI MG | N21: UNSERVICEABLE | O21: =IF(ISBLANK(F21),"RON","") -> RON | Q21: =IF(R21="RON",H21,"") -> NSA04 | R21: =IF(O21="RON",O21,"") -> RON | S21: =IF(R21="RON",C21,"") -> HK 400 | T21: =IF(R21="RON",B21,"") -> PK-YGK | U21: =IF(R21="RON",M21,"") -> TRI MG
A22: 5 | B22: PK-YGR | C22: =IF(B22>1,VLOOKUP(B22,DB!$D$4:$E$800,2,0),"") -> HK 800 | D22: - | E22: FALSE | G22: FALSE | H22: NSA05 | I22: =IF(K22>1,VLOOKUP(K22,DB!$A$4:$B$500,2,0),"") | J22: =IF(L22>1,VLOOKUP(L22,DB!$A$4:$B$500,2,0),"") | M22: =IF(B22>1,VLOOKUP(B22,DB!$D$4:$F$800,3,0),"") -> TRI MG | N22: UNSERVICEABLE | O22: =IF(ISBLANK(F22),"RON","") -> RON | Q22: =IF(R22="RON",H22,"") -> NSA05 | R22: =IF(O22="RON",O22,"") -> RON | S22: =IF(R22="RON",C22,"") -> HK 800 | T22: =IF(R22="RON",B22,"") -> PK-YGR | U22: =IF(R22="RON",M22,"") -> TRI MG
A23: 6 | B23: N-484BA | C23: =IF(B23>1,VLOOKUP(B23,DB!$D$4:$E$800,2,0),"") -> LJ 31 | D23: - | E23: FALSE | G23: FALSE | H23: NSA06 | I23: =IF(K23>1,VLOOKUP(K23,DB!$A$4:$B$500,2,0),"") | J23: =IF(L23>1,VLOOKUP(L23,DB!$A$4:$B$500,2,0),"") | M23: =IF(B23>1,VLOOKUP(B23,DB!$D$4:$F$800,3,0),"") -> IAP | N23: UNSERVICEABLE | O23: =IF(ISBLANK(F23),"RON","") -> RON | Q23: =IF(R23="RON",H23,"") -> NSA06 | R23: =IF(O23="RON",O23,"") -> RON | S23: =IF(R23="RON",C23,"") -> LJ 31 | T23: =IF(R23="RON",B23,"") -> N-484BA | U23: =IF(R23="RON",M23,"") -> IAP
A24: 7 | B24: A-2701 | C24: =IF(B24>1,VLOOKUP(B24,DB!$D$4:$E$800,2,0),"") -> FOKKER 27 | D24: - | E24: FALSE | G24: FALSE | H24: NSA07 | I24: =IF(K24>1,VLOOKUP(K24,DB!$A$4:$B$500,2,0),"") | J24: =IF(L24>1,VLOOKUP(L24,DB!$A$4:$B$500,2,0),"") | M24: =IF(B24>1,VLOOKUP(B24,DB!$D$4:$F$800,3,0),"") -> TNI AU | N24: UNSERVICEABLE | O24: =IF(ISBLANK(F24),"RON","") -> RON | Q24: =IF(R24="RON",H24,"") -> NSA07 | R24: =IF(O24="RON",O24,"") -> RON | S24: =IF(R24="RON",C24,"") -> FOKKER 27 | T24: =IF(R24="RON",B24,"") -> A-2701 | U24: =IF(R24="RON",M24,"") -> TNI AU
A25: 8 | B25: A-2706 | C25: =IF(B25>1,VLOOKUP(B25,DB!$D$4:$E$800,2,0),"") -> FOKKER 27 | D25: - | E25: FALSE | G25: FALSE | H25: NSA08 | I25: =IF(K25>1,VLOOKUP(K25,DB!$A$4:$B$500,2,0),"") | J25: =IF(L25>1,VLOOKUP(L25,DB!$A$4:$B$500,2,0),"") | M25: =IF(B25>1,VLOOKUP(B25,DB!$D$4:$F$800,3,0),"") -> TNI AU | N25: UNSERVICEABLE | O25: =IF(ISBLANK(F25),"RON","") -> RON | Q25: =IF(R25="RON",H25,"") -> NSA08 | R25: =IF(O25="RON",O25,"") -> RON | S25: =IF(R25="RON",C25,"") -> FOKKER 27 | T25: =IF(R25="RON",B25,"") -> A-2706 | U25: =IF(R25="RON",M25,"") -> TNI AU
A26: 9 | B26: A-2801 | C26: =IF(B26>1,VLOOKUP(B26,DB!$D$4:$E$800,2,0),"") -> FOKKER 28 | D26: - | E26: FALSE | G26: FALSE | H26: NSA09 | I26: =IF(K26>1,VLOOKUP(K26,DB!$A$4:$B$500,2,0),"") | J26: =IF(L26>1,VLOOKUP(L26,DB!$A$4:$B$500,2,0),"") | M26: =IF(B26>1,VLOOKUP(B26,DB!$D$4:$F$800,3,0),"") -> TNI AU | N26: UNSERVICEABLE | O26: =IF(ISBLANK(F26),"RON","") -> RON | Q26: =IF(R26="RON",H26,"") -> NSA09 | R26: =IF(O26="RON",O26,"") -> RON | S26: =IF(R26="RON",C26,"") -> FOKKER 28 | T26: =IF(R26="RON",B26,"") -> A-2801 | U26: =IF(R26="RON",M26,"") -> TNI AU
A27: 10 | B27: N-2409K | C27: =IF(B27>1,VLOOKUP(B27,DB!$D$4:$E$800,2,0),"") -> HK 800 | D27: - | E27: FALSE | G27: FALSE | H27: NSA10 | I27: =IF(K27>1,VLOOKUP(K27,DB!$A$4:$B$500,2,0),"") | J27: =IF(L27>1,VLOOKUP(L27,DB!$A$4:$B$500,2,0),"") | M27: AFM | O27: =IF(ISBLANK(F27),"RON","") -> RON | Q27: =IF(R27="RON",H27,"") -> NSA10 | R27: =IF(O27="RON",O27,"") -> RON | S27: =IF(R27="RON",C27,"") -> HK 800 | T27: =IF(R27="RON",B27,"") -> N-2409K | U27: =IF(R27="RON",M27,"") -> AFM
A28: 11 | B28: T7-HNC | C28: =IF(B28>1,VLOOKUP(B28,DB!$D$4:$E$800,2,0),"") -> KING AIR | D28: - | E28: FALSE | G28: FALSE | H28: NSA11 | I28: =IF(K28>1,VLOOKUP(K28,DB!$A$4:$B$500,2,0),"") | J28: =IF(L28>1,VLOOKUP(L28,DB!$A$4:$B$500,2,0),"") | M28: AFM | O28: =IF(ISBLANK(F28),"RON","") -> RON | Q28: =IF(R28="RON",H28,"") -> NSA11 | R28: =IF(O28="RON",O28,"") -> RON | S28: =IF(R28="RON",C28,"") -> KING AIR | T28: =IF(R28="RON",B28,"") -> T7-HNC | U28: =IF(R28="RON",M28,"") -> AFM
A29: 12 | B29: T7-FCN | C29: =IF(B29>1,VLOOKUP(B29,DB!$D$4:$E$800,2,0),"") -> HK 800 | D29: - | E29: FALSE | G29: FALSE | H29: NSA12 | I29: =IF(K29>1,VLOOKUP(K29,DB!$A$4:$B$500,2,0),"") | J29: =IF(L29>1,VLOOKUP(L29,DB!$A$4:$B$500,2,0),"") | M29: KARISMA | O29: =IF(ISBLANK(F29),"RON","") -> RON | Q29: =IF(R29="RON",H29,"") -> NSA12 | R29: =IF(O29="RON",O29,"") -> RON | S29: =IF(R29="RON",C29,"") -> HK 800 | T29: =IF(R29="RON",B29,"") -> T7-FCN | U29: =IF(R29="RON",M29,"") -> KARISMA
A30: 13 | B30: N-977JH | C30: =IF(B30>1,VLOOKUP(B30,DB!$D$4:$E$800,2,0),"") -> CT 680 | D30: - | E30: FALSE | F30: 0.19236111 | G30: TRUE | H30: NSA13 | I30: =IF(K30>1,VLOOKUP(K30,DB!$A$4:$B$500,2,0),"") -> EX RON | J30: B4 | K30: - | M30: =IF(B30>1,VLOOKUP(B30,DB!$D$4:$F$800,3,0),"") -> JIP | O30: =IF(ISBLANK(F30),"RON","") | Q30: =IF(R30="RON",H30,"") | R30: =IF(O30="RON",O30,"") | S30: =IF(R30="RON",C30,"") | T30: =IF(R30="RON",B30,"") | U30: =IF(R30="RON",M30,"")
A31: 14 | B31: N-939AP | C31: =IF(B31>1,VLOOKUP(B31,DB!$D$4:$E$800,2,0),"") -> GLEX | D31: - | E31: FALSE | G31: FALSE | H31: RE01 | I31: =IF(K31>1,VLOOKUP(K31,DB!$A$4:$B$500,2,0),"") | J31: =IF(L31>1,VLOOKUP(L31,DB!$A$4:$B$500,2,0),"") | M31: =IF(B31>1,VLOOKUP(B31,DB!$D$4:$F$800,3,0),"") -> BIOMANTARA | O31: =IF(ISBLANK(F31),"RON","") -> RON | Q31: =IF(R31="RON",H31,"") -> RE01 | R31: =IF(O31="RON",O31,"") -> RON | S31: =IF(R31="RON",C31,"") -> GLEX | T31: =IF(R31="RON",B31,"") -> N-939AP | U31: =IF(R31="RON",M31,"") -> BIOMANTARA
A32: 15 | B32: T7-977 | C32: =IF(B32>1,VLOOKUP(B32,DB!$D$4:$E$800,2,0),"") -> G IV | D32: - | E32: FALSE | G32: FALSE | H32: RE03 | I32: =IF(K32>1,VLOOKUP(K32,DB!$A$4:$B$500,2,0),"") | J32: =IF(L32>1,VLOOKUP(L32,DB!$A$4:$B$500,2,0),"") | M32: =IF(B32>1,VLOOKUP(B32,DB!$D$4:$F$800,3,0),"") -> JIP | O32: =IF(ISBLANK(F32),"RON","") -> RON | Q32: =IF(R32="RON",H32,"") -> RE03 | R32: =IF(O32="RON",O32,"") -> RON | S32: =IF(R32="RON",C32,"") -> G IV | T32: =IF(R32="RON",B32,"") -> T7-977 | U32: =IF(R32="RON",M32,"") -> JIP
A33: 16 | B33: T7-HNA | C33: =IF(B33>1,VLOOKUP(B33,DB!$D$4:$E$800,2,0),"") -> G IV | D33: - | E33: FALSE | G33: FALSE | H33: RE04 | I33: =IF(K33>1,VLOOKUP(K33,DB!$A$4:$B$500,2,0),"") | J33: =IF(L33>1,VLOOKUP(L33,DB!$A$4:$B$500,2,0),"") | M33: AFM | O33: =IF(ISBLANK(F33),"RON","") -> RON | Q33: =IF(R33="RON",H33,"") -> RE04 | R33: =IF(O33="RON",O33,"") -> RON | S33: =IF(R33="RON",C33,"") -> G IV | T33: =IF(R33="RON",B33,"") -> T7-HNA | U33: =IF(R33="RON",M33,"") -> AFM
A34: 17 | B34: VP-CLL | C34: =IF(B34>1,VLOOKUP(B34,DB!$D$4:$E$800,2,0),"") -> EMB 135 | D34: - | E34: FALSE | G34: FALSE | H34: SA01 | I34: =IF(K34>1,VLOOKUP(K34,DB!$A$4:$B$500,2,0),"") | J34: =IF(L34>1,VLOOKUP(L34,DB!$A$4:$B$500,2,0),"") | M34: KARISMA | O34: =IF(ISBLANK(F34),"RON","") -> RON | Q34: =IF(R34="RON",H34,"") -> SA01 | R34: =IF(O34="RON",O34,"") -> RON | S34: =IF(R34="RON",C34,"") -> EMB 135 | T34: =IF(R34="RON",B34,"") -> VP-CLL | U34: =IF(R34="RON",M34,"") -> KARISMA
A35: 18 | B35: PK-RJH | C35: =IF(B35>1,VLOOKUP(B35,DB!$D$4:$E$800,2,0),"") -> EC 135 | D35: - | E35: FALSE | G35: FALSE | H35: SA02 | I35: =IF(K35>1,VLOOKUP(K35,DB!$A$4:$B$500,2,0),"") | J35: =IF(L35>1,VLOOKUP(L35,DB!$A$4:$B$500,2,0),"") | M35: =IF(B35>1,VLOOKUP(B35,DB!$D$4:$F$800,3,0),"") -> PREMI | O35: =IF(ISBLANK(F35),"RON","") -> RON | Q35: =IF(R35="RON",H35,"") -> SA02 | R35: =IF(O35="RON",O35,"") -> RON | S35: =IF(R35="RON",C35,"") -> EC 135 | T35: =IF(R35="RON",B35,"") -> PK-RJH | U35: =IF(R35="RON",M35,"") -> PREMI
A36: 19 | B36: PK-LUF | C36: =IF(B36>1,VLOOKUP(B36,DB!$D$4:$E$800,2,0),"") -> A 320 | D36: - | E36: FALSE | F36: 0.33125 | G36: TRUE | H36: SA03 | I36: =IF(K36>1,VLOOKUP(K36,DB!$A$4:$B$500,2,0),"") -> EX RON | J36: B7 | K36: - | M36: =IF(B36>1,VLOOKUP(B36,DB!$D$4:$F$800,3,0),"") -> BATIK AIR | O36: =IF(ISBLANK(F36),"RON","") | Q36: =IF(R36="RON",H36,"") | R36: =IF(O36="RON",O36,"") | S36: =IF(R36="RON",C36,"") | T36: =IF(R36="RON",B36,"") | U36: =IF(R36="RON",M36,"")
A37: 20 | B37: N-227GV | C37: =IF(B37>1,VLOOKUP(B37,DB!$D$4:$E$800,2,0),"") -> L 1000 | D37: - | E37: FALSE | G37: FALSE | H37: SA04 | I37: =IF(K37>1,VLOOKUP(K37,DB!$A$4:$B$500,2,0),"") | J37: =IF(L37>1,VLOOKUP(L37,DB!$A$4:$B$500,2,0),"") | M37: =IF(B37>1,VLOOKUP(B37,DB!$D$4:$F$800,3,0),"") -> PREMI | O37: =IF(ISBLANK(F37),"RON","") -> RON | Q37: =IF(R37="RON",H37,"") -> SA04 | R37: =IF(O37="RON",O37,"") -> RON | S37: =IF(R37="RON",C37,"") -> L 1000 | T37: =IF(R37="RON",B37,"") -> N-227GV | U37: =IF(R37="RON",M37,"") -> PREMI
A38: 21 | B38: T7-X14 | C38: =IF(B38>1,VLOOKUP(B38,DB!$D$4:$E$800,2,0),"") -> G VI | D38: - | E38: FALSE | G38: FALSE | H38: SA05 | I38: =IF(K38>1,VLOOKUP(K38,DB!$A$4:$B$500,2,0),"") | J38: =IF(L38>1,VLOOKUP(L38,DB!$A$4:$B$500,2,0),"") | M38: AFM | O38: =IF(ISBLANK(F38),"RON","") -> RON | Q38: =IF(R38="RON",H38,"") -> SA05 | R38: =IF(O38="RON",O38,"") -> RON | S38: =IF(R38="RON",C38,"") -> G VI | T38: =IF(R38="RON",B38,"") -> T7-X14 | U38: =IF(R38="RON",M38,"") -> AFM
A39: 22 | B39: PK-RJA | C39: =IF(B39>1,VLOOKUP(B39,DB!$D$4:$E$800,2,0),"") -> EMB 135 | D39: - | E39: FALSE | G39: FALSE | H39: SA06 | I39: =IF(K39>1,VLOOKUP(K39,DB!$A$4:$B$500,2,0),"") | J39: =IF(L39>1,VLOOKUP(L39,DB!$A$4:$B$500,2,0),"") | M39: =IF(B39>1,VLOOKUP(B39,DB!$D$4:$F$800,3,0),"") -> PREMI | O39: =IF(ISBLANK(F39),"RON","") -> RON | Q39: =IF(R39="RON",H39,"") -> SA06 | R39: =IF(O39="RON",O39,"") -> RON | S39: =IF(R39="RON",C39,"") -> EMB 135 | T39: =IF(R39="RON",B39,"") -> PK-RJA | U39: =IF(R39="RON",M39,"") -> PREMI
A40: 23 | B40: N-970NX | C40: =IF(B40>1,VLOOKUP(B40,DB!$D$4:$E$800,2,0),"") -> GLEX | D40: - | E40: FALSE | G40: FALSE | H40: SA07 | I40: =IF(K40>1,VLOOKUP(K40,DB!$A$4:$B$500,2,0),"") | J40: =IF(L40>1,VLOOKUP(L40,DB!$A$4:$B$500,2,0),"") | M40: =IF(B40>1,VLOOKUP(B40,DB!$D$4:$F$800,3,0),"") -> PREMI | O40: =IF(ISBLANK(F40),"RON","") -> RON | Q40: =IF(R40="RON",H40,"") -> SA07 | R40: =IF(O40="RON",O40,"") -> RON | S40: =IF(R40="RON",C40,"") -> GLEX | T40: =IF(R40="RON",B40,"") -> N-970NX | U40: =IF(R40="RON",M40,"") -> PREMI
A41: 24 | B41: PK-GJT | C41: =IF(B41>1,VLOOKUP(B41,DB!$D$4:$E$800,2,0),"") -> ATR 72 | D41: - | E41: FALSE | G41: FALSE | H41: SA08 | I41: =IF(K41>1,VLOOKUP(K41,DB!$A$4:$B$500,2,0),"") | J41: =IF(L41>1,VLOOKUP(L41,DB!$A$4:$B$500,2,0),"") | M41: =IF(B41>1,VLOOKUP(B41,DB!$D$4:$F$800,3,0),"") -> CITILINK | O41: =IF(ISBLANK(F41),"RON","") -> RON | Q41: =IF(R41="RON",H41,"") -> SA08 | R41: =IF(O41="RON",O41,"") -> RON | S41: =IF(R41="RON",C41,"") -> ATR 72 | T41: =IF(R41="RON",B41,"") -> PK-GJT | U41: =IF(R41="RON",M41,"") -> CITILINK
A42: 25 | B42: VP-CGO | C42: =IF(B42>1,VLOOKUP(B42,DB!$D$4:$E$800,2,0),"") -> GLEX | D42: - | E42: FALSE | G42: FALSE | H42: SA10 | I42: =IF(K42>1,VLOOKUP(K42,DB!$A$4:$B$500,2,0),"") | J42: =IF(L42>1,VLOOKUP(L42,DB!$A$4:$B$500,2,0),"") | M42: AFM | O42: =IF(ISBLANK(F42),"RON","") -> RON | Q42: =IF(R42="RON",H42,"") -> SA10 | R42: =IF(O42="RON",O42,"") -> RON | S42: =IF(R42="RON",C42,"") -> GLEX | T42: =IF(R42="RON",B42,"") -> VP-CGO | U42: =IF(R42="RON",M42,"") -> AFM
A43: 26 | B43: T7-GBS | C43: =IF(B43>1,VLOOKUP(B43,DB!$D$4:$E$800,2,0),"") -> EMB 135 | D43: - | E43: FALSE | G43: FALSE | H43: SA11 | I43: =IF(K43>1,VLOOKUP(K43,DB!$A$4:$B$500,2,0),"") | J43: =IF(L43>1,VLOOKUP(L43,DB!$A$4:$B$500,2,0),"") | M43: KARISMA | O43: =IF(ISBLANK(F43),"RON","") -> RON | Q43: =IF(R43="RON",H43,"") -> SA11 | R43: =IF(O43="RON",O43,"") -> RON | S43: =IF(R43="RON",C43,"") -> EMB 135 | T43: =IF(R43="RON",B43,"") -> T7-GBS | U43: =IF(R43="RON",M43,"") -> KARISMA
A44: 27 | B44: PK-FJA | C44: =IF(B44>1,VLOOKUP(B44,DB!$D$4:$E$800,2,0),"") -> ATR 72 | D44: - | E44: FALSE | F44: 0.31736111 | G44: TRUE | H44: SA12 | I44: =IF(K44>1,VLOOKUP(K44,DB!$A$4:$B$500,2,0),"") -> EX RON | J44: B2 | K44: - | M44: =IF(B44>1,VLOOKUP(B44,DB!$D$4:$F$800,3,0),"") -> FLY JAYA | O44: =IF(ISBLANK(F44),"RON","") | Q44: =IF(R44="RON",H44,"") | R44: =IF(O44="RON",O44,"") | S44: =IF(R44="RON",C44,"") | T44: =IF(R44="RON",B44,"") | U44: =IF(R44="RON",M44,"")
A45: 28 | B45: A-2104 | C45: =IF(B45>1,VLOOKUP(B45,DB!$D$4:$E$800,2,0),"") -> C 212 | D45: - | E45: FALSE | F45: 0.40625 | G45: FALSE | H45: SA13 | I45: =IF(K45>1,VLOOKUP(K45,DB!$A$4:$B$500,2,0),"") -> EX RON | J45: WARA | K45: - | M45: =IF(B45>1,VLOOKUP(B45,DB!$D$4:$F$800,3,0),"") -> TNI AU | O45: =IF(ISBLANK(F45),"RON","") | Q45: =IF(R45="RON",H45,"") | R45: =IF(O45="RON",O45,"") | S45: =IF(R45="RON",C45,"") | T45: =IF(R45="RON",B45,"") | U45: =IF(R45="RON",M45,"")
A46: 29 | B46: A-2117 | C46: =IF(B46>1,VLOOKUP(B46,DB!$D$4:$E$800,2,0),"") -> C 212 | D46: - | E46: FALSE | F46: 0.44444444 | G46: FALSE | H46: SA14 | I46: =IF(K46>1,VLOOKUP(K46,DB!$A$4:$B$500,2,0),"") -> EX RON | J46: WARA | K46: - | M46: =IF(B46>1,VLOOKUP(B46,DB!$D$4:$F$800,3,0),"") -> TNI AU | O46: =IF(ISBLANK(F46),"RON","") | Q46: =IF(R46="RON",H46,"") | R46: =IF(O46="RON",O46,"") | S46: =IF(R46="RON",C46,"") | T46: =IF(R46="RON",B46,"") | U46: =IF(R46="RON",M46,"")
A47: 30 | B47: PK-RSS | C47: =IF(B47>1,VLOOKUP(B47,DB!$D$4:$E$800,2,0),"") -> EMB 135 | D47: - | E47: FALSE | G47: FALSE | H47: SA15 | I47: =IF(K47>1,VLOOKUP(K47,DB!$A$4:$B$500,2,0),"") | J47: =IF(L47>1,VLOOKUP(L47,DB!$A$4:$B$500,2,0),"") | M47: PTN | O47: =IF(ISBLANK(F47),"RON","") -> RON | Q47: =IF(R47="RON",H47,"") -> SA15 | R47: =IF(O47="RON",O47,"") -> RON | S47: =IF(R47="RON",C47,"") -> EMB 135 | T47: =IF(R47="RON",B47,"") -> PK-RSS | U47: =IF(R47="RON",M47,"") -> PTN
A48: 31 | B48: PK-OTR | C48: =IF(B48>1,VLOOKUP(B48,DB!$D$4:$E$800,2,0),"") -> ATR 72 | D48: - | E48: FALSE | G48: FALSE | H48: SA16 | I48: =IF(K48>1,VLOOKUP(K48,DB!$A$4:$B$500,2,0),"") | J48: =IF(L48>1,VLOOKUP(L48,DB!$A$4:$B$500,2,0),"") | M48: =IF(B48>1,VLOOKUP(B48,DB!$D$4:$F$800,3,0),"") -> TAS | O48: =IF(ISBLANK(F48),"RON","") -> RON | Q48: =IF(R48="RON",H48,"") -> SA16 | R48: =IF(O48="RON",O48,"") -> RON | S48: =IF(R48="RON",C48,"") -> ATR 72 | T48: =IF(R48="RON",B48,"") -> PK-OTR | U48: =IF(R48="RON",M48,"") -> TAS
A49: 32 | B49: PK-LAM | C49: =IF(B49>1,VLOOKUP(B49,DB!$D$4:$E$800,2,0),"") -> A 320 | D49: - | E49: FALSE | G49: FALSE | H49: SA17 | I49: =IF(K49>1,VLOOKUP(K49,DB!$A$4:$B$500,2,0),"") -> EX RON | J49: A1 | K49: - | M49: =IF(B49>1,VLOOKUP(B49,DB!$D$4:$F$800,3,0),"") -> BATIK AIR | O49: =IF(ISBLANK(F49),"RON","") -> RON | Q49: =IF(R49="RON",H49,"") -> SA17 | R49: =IF(O49="RON",O49,"") -> RON | S49: =IF(R49="RON",C49,"") -> A 320 | T49: =IF(R49="RON",B49,"") -> PK-LAM | U49: =IF(R49="RON",M49,"") -> BATIK AIR
A50: 33 | B50: PK-PAH | C50: =IF(B50>1,VLOOKUP(B50,DB!$D$4:$E$800,2,0),"") -> ATR 72 | D50: - | E50: FALSE | F50: 0.21527778 | G50: TRUE | H50: A1 | I50: =IF(K50>1,VLOOKUP(K50,DB!$A$4:$B$500,2,0),"") -> EX RON | J50: =IF(L50>1,VLOOKUP(L50,DB!$A$4:$B$500,2,0),"") -> WIDM | K50: - | L50: IP 7300 | M50: =IF(B50>1,VLOOKUP(B50,DB!$D$4:$F$800,3,0),"") -> PELITA | O50: =IF(ISBLANK(F50),"RON","") | Q50: =IF(R50="RON",H50,"") | R50: =IF(O50="RON",O50,"") | S50: =IF(R50="RON",C50,"") | T50: =IF(R50="RON",B50,"") | U50: =IF(R50="RON",M50,"")
A51: 34 | B51: PK-GJV | C51: =IF(B51>1,VLOOKUP(B51,DB!$D$4:$E$800,2,0),"") -> ATR 72 | D51: - | E51: FALSE | F51: 0.24097222 | G51: TRUE | H51: A2 | I51: =IF(K51>1,VLOOKUP(K51,DB!$A$4:$B$500,2,0),"") -> EX RON | J51: =IF(L51>1,VLOOKUP(L51,DB!$A$4:$B$500,2,0),"") -> WAHH | K51: - | L51: QG 1100 | M51: =IF(B51>1,VLOOKUP(B51,DB!$D$4:$F$800,3,0),"") -> CITILINK | O51: =IF(ISBLANK(F51),"RON","") | Q51: =IF(R51="RON",H51,"") | R51: =IF(O51="RON",O51,"") | S51: =IF(R51="RON",C51,"") | T51: =IF(R51="RON",B51,"") | U51: =IF(R51="RON",M51,"")
A52: 35 | B52: PK-LUS | C52: =IF(B52>1,VLOOKUP(B52,DB!$D$4:$E$800,2,0),"") -> A 320 | D52: - | E52: FALSE | F52: 0.22152778 | G52: TRUE | H52: A3 | I52: =IF(K52>1,VLOOKUP(K52,DB!$A$4:$B$500,2,0),"") -> EX RON | J52: =IF(L52>1,VLOOKUP(L52,DB!$A$4:$B$500,2,0),"") -> WARR | K52: - | L52: ID 7511 | M52: =IF(B52>1,VLOOKUP(B52,DB!$D$4:$F$800,3,0),"") -> BATIK AIR | O52: =IF(ISBLANK(F52),"RON","") | Q52: =IF(R52="RON",H52,"") | R52: =IF(O52="RON",O52,"") | S52: =IF(R52="RON",C52,"") | T52: =IF(R52="RON",B52,"") | U52: =IF(R52="RON",M52,"")
A53: 36 | B53: PK-GQP | C53: =IF(B53>1,VLOOKUP(B53,DB!$D$4:$E$800,2,0),"") -> A 320 | D53: - | E53: FALSE | F53: 0.27777778 | G53: TRUE | H53: B1 | I53: =IF(K53>1,VLOOKUP(K53,DB!$A$4:$B$500,2,0),"") -> EX RON | J53: =IF(L53>1,VLOOKUP(L53,DB!$A$4:$B$500,2,0),"") -> WIMN | K53: - | L53: QG 0020 | M53: =IF(B53>1,VLOOKUP(B53,DB!$D$4:$F$800,3,0),"") -> CITILINK | O53: =IF(ISBLANK(F53),"RON","") | Q53: =IF(R53="RON",H53,"") | R53: =IF(O53="RON",O53,"") | S53: =IF(R53="RON",C53,"") | T53: =IF(R53="RON",B53,"") | U53: =IF(R53="RON",M53,"")
A54: 37 | B54: PK-GFF | C54: =IF(B54>1,VLOOKUP(B54,DB!$D$4:$E$800,2,0),"") -> B 738 | D54: - | E54: FALSE | F54: 0.25902778 | G54: TRUE | H54: B2 | I54: =IF(K54>1,VLOOKUP(K54,DB!$A$4:$B$500,2,0),"") -> EX RON | J54: =IF(L54>1,VLOOKUP(L54,DB!$A$4:$B$500,2,0),"") -> WIMM | K54: - | L54: GA 0180 | M54: =IF(B54>1,VLOOKUP(B54,DB!$D$4:$F$800,3,0),"") -> GARUDA | O54: =IF(ISBLANK(F54),"RON","") | Q54: =IF(R54="RON",H54,"") | R54: =IF(O54="RON",O54,"") | S54: =IF(R54="RON",C54,"") | T54: =IF(R54="RON",B54,"") | U54: =IF(R54="RON",M54,"")
A55: 38 | B55: PK-LUT | C55: =IF(B55>1,VLOOKUP(B55,DB!$D$4:$E$800,2,0),"") -> A 320 | D55: - | E55: FALSE | F55: 0.28125 | G55: TRUE | H55: B6 | I55: =IF(K55>1,VLOOKUP(K55,DB!$A$4:$B$500,2,0),"") -> EX RON | J55: =IF(L55>1,VLOOKUP(L55,DB!$A$4:$B$500,2,0),"") -> WARA | K55: - | L55: ID 7581 | M55: =IF(B55>1,VLOOKUP(B55,DB!$D$4:$F$800,3,0),"") -> BATIK AIR | O55: =IF(ISBLANK(F55),"RON","") | Q55: =IF(R55="RON",H55,"") | R55: =IF(O55="RON",O55,"") | S55: =IF(R55="RON",C55,"") | T55: =IF(R55="RON",B55,"") | U55: =IF(R55="RON",M55,"")
A56: 39 | B56: PK-KAS | C56: =IF(B56>1,VLOOKUP(B56,DB!$D$4:$E$800,2,0),"") -> CL 850 | D56: - | E56: FALSE | F56: 0.17708333 | G56: TRUE | H56: B8 | I56: =IF(K56>1,VLOOKUP(K56,DB!$A$4:$B$500,2,0),"") -> EX RON | J56: WAMP | K56: - | M56: =IF(B56>1,VLOOKUP(B56,DB!$D$4:$F$800,3,0),"") -> JETSET | O56: =IF(ISBLANK(F56),"RON","") | Q56: =IF(R56="RON",H56,"") | R56: =IF(O56="RON",O56,"") | S56: =IF(R56="RON",C56,"") | T56: =IF(R56="RON",B56,"") | U56: =IF(R56="RON",M56,"")
A57: 40 | B57: PK-LUP | C57: =IF(B57>1,VLOOKUP(B57,DB!$D$4:$E$800,2,0),"") -> A 320 | D57: - | E57: FALSE | F57: 0.31564874 | G57: TRUE | H57: B9 | I57: =IF(K57>1,VLOOKUP(K57,DB!$A$4:$B$500,2,0),"") -> EX RON | J57: B1 | K57: - | M57: =IF(B57>1,VLOOKUP(B57,DB!$D$4:$F$800,3,0),"") -> BATIK AIR | O57: =IF(ISBLANK(F57),"RON","") | Q57: =IF(R57="RON",H57,"") | R57: =IF(O57="RON",O57,"") | S57: =IF(R57="RON",C57,"") | T57: =IF(R57="RON",B57,"") | U57: =IF(R57="RON",M57,"")
A58: 41 | B58: PK-TVE | C58: =IF(B58>1,VLOOKUP(B58,DB!$D$4:$E$800,2,0),"") -> ATR 72 | D58: 0.15625 | E58: TRUE | F58: 0.24791667 | G58: TRUE | H58: B5 | I58: HGR | J58: WADB | K58: - | M58: =IF(B58>1,VLOOKUP(B58,DB!$D$4:$F$800,3,0),"") -> TRAVIRA | O58: =IF(ISBLANK(F58),"RON","") | Q58: =IF(R58="RON",H58,"") | R58: =IF(O58="RON",O58,"") | S58: =IF(R58="RON",C58,"") | T58: =IF(R58="RON",B58,"") | U58: =IF(R58="RON",M58,"")
A59: 42 | B59: PK-YST | C59: =IF(B59>1,VLOOKUP(B59,DB!$D$4:$E$800,2,0),"") -> B 733 | D59: 0.17986111 | E59: TRUE | F59: 0.24722222 | G59: TRUE | H59: B12 | I59: =IF(K59>1,VLOOKUP(K59,DB!$A$4:$B$500,2,0),"") -> WIMM | J59: =IF(L59>1,VLOOKUP(L59,DB!$A$4:$B$500,2,0),"") -> WAGG | K59: IL 702 | L59: IL 713 | M59: =IF(B59>1,VLOOKUP(B59,DB!$D$4:$F$800,3,0),"") -> TRIGANA | O59: =IF(ISBLANK(F59),"RON","") | Q59: =IF(R59="RON",H59,"") | R59: =IF(O59="RON",O59,"") | S59: =IF(R59="RON",C59,"") | T59: =IF(R59="RON",B59,"") | U59: =IF(R59="RON",M59,"")
A60: 43 | B60: PK-NMI | C60: =IF(B60>1,VLOOKUP(B60,DB!$D$4:$E$800,2,0),"") -> B 733 | D60: 0.17222222 | E60: TRUE | F60: 0.3086437 | G60: TRUE | H60: B11 | I60: WAAA | J60: WIOO | M60: =IF(B60>1,VLOOKUP(B60,DB!$D$4:$F$800,3,0),"") -> AIRNESIA | O60: =IF(ISBLANK(F60),"RON","") | Q60: =IF(R60="RON",H60,"") | R60: =IF(O60="RON",O60,"") | S60: =IF(R60="RON",C60,"") | T60: =IF(R60="RON",B60,"") | U60: =IF(R60="RON",M60,"")
A61: 44 | B61: N-977JH | C61: =IF(B61>1,VLOOKUP(B61,DB!$D$4:$E$800,2,0),"") -> CT 680 | D61: 0.19930556 | E61: TRUE | F61: 0.28472222 | G61: TRUE | H61: B4 | I61: NSA13 | J61: WAQT | K61: - | M61: =IF(B61>1,VLOOKUP(B61,DB!$D$4:$F$800,3,0),"") -> JIP | O61: =IF(ISBLANK(F61),"RON","") | Q61: =IF(R61="RON",H61,"") | R61: =IF(O61="RON",O61,"") | S61: =IF(R61="RON",C61,"") | T61: =IF(R61="RON",B61,"") | U61: =IF(R61="RON",M61,"")
A62: 45 | B62: PK-RJT | C62: =IF(B62>1,VLOOKUP(B62,DB!$D$4:$E$800,2,0),"") -> CT 560 | D62: 0.21666667 | E62: TRUE | F62: 0.307779 | G62: TRUE | H62: B3 | I62: HGR | J62: WILL | M62: =IF(B62>1,VLOOKUP(B62,DB!$D$4:$F$800,3,0),"") -> PREMI | O62: =IF(ISBLANK(F62),"RON","") | Q62: =IF(R62="RON",H62,"") | R62: =IF(O62="RON",O62,"") | S62: =IF(R62="RON",C62,"") | T62: =IF(R62="RON",B62,"") | U62: =IF(R62="RON",M62,"")
A63: 46 | B63: PK-MGZ | C63: =IF(B63>1,VLOOKUP(B63,DB!$D$4:$E$800,2,0),"") -> B 733 | D63: 0.24861111 | E63: TRUE | F63: 0.29935076 | G63: TRUE | H63: B13 | I63: =IF(K63>1,VLOOKUP(K63,DB!$A$4:$B$500,2,0),"") -> WSSS | J63: =IF(L63>1,VLOOKUP(L63,DB!$A$4:$B$500,2,0),"") -> WALL | K63: GM 019 | L63: GM 061 | M63: =IF(B63>1,VLOOKUP(B63,DB!$D$4:$F$800,3,0),"") -> TRI MG | O63: =IF(ISBLANK(F63),"RON","") | Q63: =IF(R63="RON",H63,"") | R63: =IF(O63="RON",O63,"") | S63: =IF(R63="RON",C63,"") | T63: =IF(R63="RON",B63,"") | U63: =IF(R63="RON",M63,"")
A64: 47 | B64: PK-BKV | C64: =IF(B64>1,VLOOKUP(B64,DB!$D$4:$E$800,2,0),"") -> A 320 | D64: 0.25486111 | E64: TRUE | F64: 0.29628561 | G64: TRUE | H64: A3 | I64: =IF(K64>1,VLOOKUP(K64,DB!$A$4:$B$500,2,0),"") -> WARR | J64: =IF(L64>1,VLOOKUP(L64,DB!$A$4:$B$500,2,0),"") -> WIPP | K64: ID 7508 | L64: ID 7053 | M64: =IF(B64>1,VLOOKUP(B64,DB!$D$4:$F$800,3,0),"") -> BATIK AIR | O64: =IF(ISBLANK(F64),"RON","") | Q64: =IF(R64="RON",H64,"") | R64: =IF(O64="RON",O64,"") | S64: =IF(R64="RON",C64,"") | T64: =IF(R64="RON",B64,"") | U64: =IF(R64="RON",M64,"")
A65: 48 | B65: PK-LAM | C65: =IF(B65>1,VLOOKUP(B65,DB!$D$4:$E$800,2,0),"") -> A 320 | D65: 0.25833333 | E65: TRUE | F65: 0.35486111 | G65: TRUE | H65: A1 | I65: SA17 | J65: =IF(L65>1,VLOOKUP(L65,DB!$A$4:$B$500,2,0),"") -> WAHI | K65: - | L65: ID 7533 | M65: =IF(B65>1,VLOOKUP(B65,DB!$D$4:$F$800,3,0),"") -> BATIK AIR | O65: =IF(ISBLANK(F65),"RON","") | Q65: =IF(R65="RON",H65,"") | R65: =IF(O65="RON",O65,"") | S65: =IF(R65="RON",C65,"") | T65: =IF(R65="RON",B65,"") | U65: =IF(R65="RON",M65,"")
A66: 49 | B66: PK-LUY | C66: =IF(B66>1,VLOOKUP(B66,DB!$D$4:$E$800,2,0),"") -> A 320 | D66: 0.33194444 | E66: TRUE | F66: 0.35763889 | G66: TRUE | H66: A3 | I66: =IF(K66>1,VLOOKUP(K66,DB!$A$4:$B$500,2,0),"") -> WIBB | J66: =IF(L66>1,VLOOKUP(L66,DB!$A$4:$B$500,2,0),"") -> WARR | K66: ID 7066 | L66: ID 7513 | M66: =IF(B66>1,VLOOKUP(B66,DB!$D$4:$F$800,3,0),"") -> BATIK AIR | O66: =IF(ISBLANK(F66),"RON","") | Q66: =IF(R66="RON",H66,"") | R66: =IF(O66="RON",O66,"") | S66: =IF(R66="RON",C66,"") | T66: =IF(R66="RON",B66,"") | U66: =IF(R66="RON",M66,"")
A67: 50 | B67: PK-LAL | C67: =IF(B67>1,VLOOKUP(B67,DB!$D$4:$E$800,2,0),"") -> A 320 | D67: 0.33633418 | E67: TRUE | F67: 0.53680556 | G67: TRUE | H67: B8 | I67: =IF(K67>1,VLOOKUP(K67,DB!$A$4:$B$500,2,0),"") -> WIPP | J67: =IF(L67>1,VLOOKUP(L67,DB!$A$4:$B$500,2,0),"") -> WIPP | K67: ID 7056 | L67: ID 7051 | M67: =IF(B67>1,VLOOKUP(B67,DB!$D$4:$F$800,3,0),"") -> BATIK AIR | O67: =IF(ISBLANK(F67),"RON","") | Q67: =IF(R67="RON",H67,"") | R67: =IF(O67="RON",O67,"") | S67: =IF(R67="RON",C67,"") | T67: =IF(R67="RON",B67,"") | U67: =IF(R67="RON",M67,"")
A68: 51 | B68: PK-LUP | C68: =IF(B68>1,VLOOKUP(B68,DB!$D$4:$E$800,2,0),"") -> A 320 | D68: 0.31805556 | E68: TRUE | F68: 0.38419267 | G68: TRUE | H68: B1 | I68: B9 | J68: =IF(L68>1,VLOOKUP(L68,DB!$A$4:$B$500,2,0),"") -> WADD | L68: ID 7309 | M68: =IF(B68>1,VLOOKUP(B68,DB!$D$4:$F$800,3,0),"") -> BATIK AIR | O68: =IF(ISBLANK(F68),"RON","") | Q68: =IF(R68="RON",H68,"") | R68: =IF(O68="RON",O68,"") | S68: =IF(R68="RON",C68,"") | T68: =IF(R68="RON",B68,"") | U68: =IF(R68="RON",M68,"")
A69: 52 | B69: PK-FJA | C69: =IF(B69>1,VLOOKUP(B69,DB!$D$4:$E$800,2,0),"") -> ATR 72 | D69: 0.32467417 | E69: TRUE | F69: 0.35012012 | G69: TRUE | H69: B2 | I69: SA12 | J69: WIGG | L69: KS 311 | M69: =IF(B69>1,VLOOKUP(B69,DB!$D$4:$F$800,3,0),"") -> FLY JAYA | O69: =IF(ISBLANK(F69),"RON","") | Q69: =IF(R69="RON",H69,"") | R69: =IF(O69="RON",O69,"") | S69: =IF(R69="RON",C69,"") | T69: =IF(R69="RON",B69,"") | U69: =IF(R69="RON",M69,"")
A70: 53 | B70: PK-LUF | C70: =IF(B70>1,VLOOKUP(B70,DB!$D$4:$E$800,2,0),"") -> A 320 | D70: 0.33865762 | E70: TRUE | F70: 0.40347222 | G70: TRUE | H70: B7 | I70: SA03 | J70: =IF(L70>1,VLOOKUP(L70,DB!$A$4:$B$500,2,0),"") -> WAHS | K70: - | L70: ID 7557 | M70: =IF(B70>1,VLOOKUP(B70,DB!$D$4:$F$800,3,0),"") -> BATIK AIR | O70: =IF(ISBLANK(F70),"RON","") | Q70: =IF(R70="RON",H70,"") | R70: =IF(O70="RON",O70,"") | S70: =IF(R70="RON",C70,"") | T70: =IF(R70="RON",B70,"") | U70: =IF(R70="RON",M70,"")
A71: 54 | B71: PK-LUS | C71: =IF(B71>1,VLOOKUP(B71,DB!$D$4:$E$800,2,0),"") -> A 320 | D71: 0.35416667 | E71: TRUE | F71: 0.39097222 | G71: TRUE | H71: A2 | I71: =IF(K71>1,VLOOKUP(K71,DB!$A$4:$B$500,2,0),"") -> WARR | J71: =IF(L71>1,VLOOKUP(L71,DB!$A$4:$B$500,2,0),"") -> WARR | K71: ID 7510 | L71: ID 7517 | M71: =IF(B71>1,VLOOKUP(B71,DB!$D$4:$F$800,3,0),"") -> BATIK AIR | O71: =IF(ISBLANK(F71),"RON","") | Q71: =IF(R71="RON",H71,"") | R71: =IF(O71="RON",O71,"") | S71: =IF(R71="RON",C71,"") | T71: =IF(R71="RON",B71,"") | U71: =IF(R71="RON",M71,"")
A72: 55 | B72: PK-YSH | C72: =IF(B72>1,VLOOKUP(B72,DB!$D$4:$E$800,2,0),"") -> B 733 | D72: 0.3650291 | E72: TRUE | F72: 0.425 | G72: TRUE | H72: B12 | I72: =IF(K72>1,VLOOKUP(K72,DB!$A$4:$B$500,2,0),"") -> WAMM | J72: =IF(L72>1,VLOOKUP(L72,DB!$A$4:$B$500,2,0),"") -> WIOO | K72: IL 730 | L72: IL 741 | M72: =IF(B72>1,VLOOKUP(B72,DB!$D$4:$F$800,3,0),"") -> TRIGANA | O72: =IF(ISBLANK(F72),"RON","") | Q72: =IF(R72="RON",H72,"") | R72: =IF(O72="RON",O72,"") | S72: =IF(R72="RON",C72,"") | T72: =IF(R72="RON",B72,"") | U72: =IF(R72="RON",M72,"")
A73: 56 | B73: PK-GJV | C73: =IF(B73>1,VLOOKUP(B73,DB!$D$4:$E$800,2,0),"") -> ATR 72 | D73: 0.37430556 | E73: TRUE | F73: 0.40555556 | G73: TRUE | H73: B3 | I73: =IF(K73>1,VLOOKUP(K73,DB!$A$4:$B$500,2,0),"") -> WAHH | J73: =IF(L73>1,VLOOKUP(L73,DB!$A$4:$B$500,2,0),"") -> WAHH | K73: QG 1101 | L73: QG 1104 | M73: =IF(B73>1,VLOOKUP(B73,DB!$D$4:$F$800,3,0),"") -> CITILINK | O73: =IF(ISBLANK(F73),"RON","") | Q73: =IF(R73="RON",H73,"") | R73: =IF(O73="RON",O73,"") | S73: =IF(R73="RON",C73,"") | T73: =IF(R73="RON",B73,"") | U73: =IF(R73="RON",M73,"")
A74: 57 | B74: PK-RTY | C74: =IF(B74>1,VLOOKUP(B74,DB!$D$4:$E$800,2,0),"") -> AS 365 | D74: 0.33333333 | E74: TRUE | F74: 0.35486111 | G74: TRUE | H74: SA18 | I74: HGR | J74: LOCAL | M74: GENESHA | O74: =IF(ISBLANK(F74),"RON","") | Q74: =IF(R74="RON",H74,"") | R74: =IF(O74="RON",O74,"") | S74: =IF(R74="RON",C74,"") | T74: =IF(R74="RON",B74,"") | U74: =IF(R74="RON",M74,"")
A75: 58 | B75: N-198RL | C75: =IF(B75>1,VLOOKUP(B75,DB!$D$4:$E$800,2,0),"") -> G V | D75: 0.38434281 | E75: TRUE | F75: 0.49305556 | G75: TRUE | H75: B6 | I75: HGR | J75: WSSL | M75: =IF(B75>1,VLOOKUP(B75,DB!$D$4:$F$800,3,0),"") -> TRAVIRA | O75: =IF(ISBLANK(F75),"RON","") | Q75: =IF(R75="RON",H75,"") | R75: =IF(O75="RON",O75,"") | S75: =IF(R75="RON",C75,"") | T75: =IF(R75="RON",B75,"") | U75: =IF(R75="RON",M75,"")
A76: 59 | B76: PK-YST | C76: =IF(B76>1,VLOOKUP(B76,DB!$D$4:$E$800,2,0),"") -> B 733 | D76: 0.42291667 | E76: TRUE | F76: 0.55069444 | G76: TRUE | H76: B11 | I76: =IF(K76>1,VLOOKUP(K76,DB!$A$4:$B$500,2,0),"") -> WAGG | J76: =IF(L76>1,VLOOKUP(L76,DB!$A$4:$B$500,2,0),"") -> WIDN | K76: IL 714 | L76: IL 717 | M76: =IF(B76>1,VLOOKUP(B76,DB!$D$4:$F$800,3,0),"") -> TRIGANA | O76: =IF(ISBLANK(F76),"RON","") | Q76: =IF(R76="RON",H76,"") | R76: =IF(O76="RON",O76,"") | S76: =IF(R76="RON",C76,"") | T76: =IF(R76="RON",B76,"") | U76: =IF(R76="RON",M76,"")
A77: 60 | B77: PK-GLX | C77: =IF(B77>1,VLOOKUP(B77,DB!$D$4:$E$800,2,0),"") -> A 320 | D77: 0.42847222 | E77: TRUE | F77: 0.46319444 | G77: TRUE | H77: B2 | I77: =IF(K77>1,VLOOKUP(K77,DB!$A$4:$B$500,2,0),"") -> WARR | J77: =IF(L77>1,VLOOKUP(L77,DB!$A$4:$B$500,2,0),"") -> WIPP | K77: QG 0171 | L77: QG 0088 | M77: =IF(B77>1,VLOOKUP(B77,DB!$D$4:$F$800,3,0),"") -> CITILINK | O77: =IF(ISBLANK(F77),"RON","") | Q77: =IF(R77="RON",H77,"") | R77: =IF(O77="RON",O77,"") | S77: =IF(R77="RON",C77,"") | T77: =IF(R77="RON",B77,"") | U77: =IF(R77="RON",M77,"")
A78: 61 | B78: PK-BKV | C78: =IF(B78>1,VLOOKUP(B78,DB!$D$4:$E$800,2,0),"") -> A 320 | D78: 0.44166667 | E78: TRUE | F78: 0.47013889 | G78: TRUE | H78: A1 | I78: =IF(K78>1,VLOOKUP(K78,DB!$A$4:$B$500,2,0),"") -> WIPP | J78: =IF(L78>1,VLOOKUP(L78,DB!$A$4:$B$500,2,0),"") -> WAHQ | K78: ID 7054 | L78: ID 7531 | M78: =IF(B78>1,VLOOKUP(B78,DB!$D$4:$F$800,3,0),"") -> BATIK AIR | O78: =IF(ISBLANK(F78),"RON","") | Q78: =IF(R78="RON",H78,"") | R78: =IF(O78="RON",O78,"") | S78: =IF(R78="RON",C78,"") | T78: =IF(R78="RON",B78,"") | U78: =IF(R78="RON",M78,"")
A79: 62 | B79: PK-LUT | C79: =IF(B79>1,VLOOKUP(B79,DB!$D$4:$E$800,2,0),"") -> A 320 | D79: 0.45763889 | E79: TRUE | F79: 0.48194444 | G79: TRUE | H79: A2 | I79: =IF(K79>1,VLOOKUP(K79,DB!$A$4:$B$500,2,0),"") -> WARA | J79: =IF(L79>1,VLOOKUP(L79,DB!$A$4:$B$500,2,0),"") -> WARA | K79: ID 7580 | L79: ID 7583 | M79: =IF(B79>1,VLOOKUP(B79,DB!$D$4:$F$800,3,0),"") -> BATIK AIR | O79: =IF(ISBLANK(F79),"RON","") | Q79: =IF(R79="RON",H79,"") | R79: =IF(O79="RON",O79,"") | S79: =IF(R79="RON",C79,"") | T79: =IF(R79="RON",B79,"") | U79: =IF(R79="RON",M79,"")
A80: 63 | B80: PK-KAS | C80: =IF(B80>1,VLOOKUP(B80,DB!$D$4:$E$800,2,0),"") -> CL 850 | D80: 0.45138889 | E80: TRUE | F80: 0.48402778 | G80: TRUE | H80: B4 | I80: WAMP | J80: RE02 | M80: =IF(B80>1,VLOOKUP(B80,DB!$D$4:$F$800,3,0),"") -> JETSET | O80: =IF(ISBLANK(F80),"RON","") | Q80: =IF(R80="RON",H80,"") | R80: =IF(O80="RON",O80,"") | S80: =IF(R80="RON",C80,"") | T80: =IF(R80="RON",B80,"") | U80: =IF(R80="RON",M80,"")
A81: 64 | B81: PK-TFS | C81: =IF(B81>1,VLOOKUP(B81,DB!$D$4:$E$800,2,0),"") -> EMB 135 | D81: 0.46180556 | E81: TRUE | F81: 0.47013889 | G81: TRUE | H81: B5 | I81: WADD | J81: HGR | M81: =IF(B81>1,VLOOKUP(B81,DB!$D$4:$F$800,3,0),"") -> IAT | N81: KETUA DEN | O81: =IF(ISBLANK(F81),"RON","") | Q81: =IF(R81="RON",H81,"") | R81: =IF(O81="RON",O81,"") | S81: =IF(R81="RON",C81,"") | T81: =IF(R81="RON",B81,"") | U81: =IF(R81="RON",M81,"")
A82: 65 | B82: PK-VVM | C82: =IF(B82>1,VLOOKUP(B82,DB!$D$4:$E$800,2,0),"") -> C 208 | D82: 0.4125 | E82: TRUE | F82: 0.54097222 | G82: TRUE | H82: A0 | I82: =IF(K82>1,VLOOKUP(K82,DB!$A$4:$B$500,2,0),"") -> WICC | J82: =IF(L82>1,VLOOKUP(L82,DB!$A$4:$B$500,2,0),"") -> WICC | K82: SI 231 | L82: SI 230 | M82: =IF(B82>1,VLOOKUP(B82,DB!$D$4:$F$800,3,0),"") -> SUSI AIR | O82: =IF(ISBLANK(F82),"RON","") | Q82: =IF(R82="RON",H82,"") | R82: =IF(O82="RON",O82,"") | S82: =IF(R82="RON",C82,"") | T82: =IF(R82="RON",B82,"") | U82: =IF(R82="RON",M82,"")
A83: 66 | B83: PK-YSH | C83: =IF(B83>1,VLOOKUP(B83,DB!$D$4:$E$800,2,0),"") -> B 733 | D83: 0.43958333 | E83: TRUE | F83: 0.62361111 | G83: TRUE | H83: B13 | I83: RTA | J83: =IF(L83>1,VLOOKUP(L83,DB!$A$4:$B$500,2,0),"") -> WIOO | K83: IL 741R | L83: IL 741 | M83: =IF(B83>1,VLOOKUP(B83,DB!$D$4:$F$800,3,0),"") -> TRIGANA | N83: DUE TO TECHNICAL PROBLEM | O83: =IF(ISBLANK(F83),"RON","") | Q83: =IF(R83="RON",H83,"") | R83: =IF(O83="RON",O83,"") | S83: =IF(R83="RON",C83,"") | T83: =IF(R83="RON",B83,"") | U83: =IF(R83="RON",M83,"")
A84: 67 | B84: PK-LAM | C84: =IF(B84>1,VLOOKUP(B84,DB!$D$4:$E$800,2,0),"") -> A 320 | D84: 0.49305556 | E84: TRUE | F84: 0.61111111 | G84: TRUE | H84: B3 | I84: =IF(K84>1,VLOOKUP(K84,DB!$A$4:$B$500,2,0),"") -> WAHI | J84: =IF(L84>1,VLOOKUP(L84,DB!$A$4:$B$500,2,0),"") -> WARR | K84: ID 7540 | L84: ID 7515 | M84: =IF(B84>1,VLOOKUP(B84,DB!$D$4:$F$800,3,0),"") -> BATIK AIR | O84: =IF(ISBLANK(F84),"RON","") | Q84: =IF(R84="RON",H84,"") | R84: =IF(O84="RON",O84,"") | S84: =IF(R84="RON",C84,"") | T84: =IF(R84="RON",B84,"") | U84: =IF(R84="RON",M84,"")
A85: 68 | B85: PK-GQP | C85: =IF(B85>1,VLOOKUP(B85,DB!$D$4:$E$800,2,0),"") -> A 320 | D85: 0.50694444 | E85: TRUE | F85: 0.53333333 | G85: TRUE | H85: B1 | I85: =IF(K85>1,VLOOKUP(K85,DB!$A$4:$B$500,2,0),"") -> WIMN | J85: =IF(L85>1,VLOOKUP(L85,DB!$A$4:$B$500,2,0),"") -> WARA | K85: QG 0021 | L85: QG 0164 | M85: =IF(B85>1,VLOOKUP(B85,DB!$D$4:$F$800,3,0),"") -> CITILINK | O85: =IF(ISBLANK(F85),"RON","") | Q85: =IF(R85="RON",H85,"") | R85: =IF(O85="RON",O85,"") | S85: =IF(R85="RON",C85,"") | T85: =IF(R85="RON",B85,"") | U85: =IF(R85="RON",M85,"")
A86: 69 | B86: PK-GFF | C86: =IF(B86>1,VLOOKUP(B86,DB!$D$4:$E$800,2,0),"") -> B 738 | D86: 0.51111111 | E86: TRUE | F86: 0.55069444 | G86: TRUE | H86: B2 | I86: =IF(K86>1,VLOOKUP(K86,DB!$A$4:$B$500,2,0),"") -> WIMM | J86: =IF(L86>1,VLOOKUP(L86,DB!$A$4:$B$500,2,0),"") -> WARR | K86: GA 0181 | L86: GA 0330 | M86: =IF(B86>1,VLOOKUP(B86,DB!$D$4:$F$800,3,0),"") -> GARUDA | O86: =IF(ISBLANK(F86),"RON","") | Q86: =IF(R86="RON",H86,"") | R86: =IF(O86="RON",O86,"") | S86: =IF(R86="RON",C86,"") | T86: =IF(R86="RON",B86,"") | U86: =IF(R86="RON",M86,"")
A87: 70 | B87: PK-LUY | C87: =IF(B87>1,VLOOKUP(B87,DB!$D$4:$E$800,2,0),"") -> A 320 | D87: 0.50347222 | E87: TRUE | F87: 0.5375 | G87: TRUE | H87: A1 | I87: =IF(K87>1,VLOOKUP(K87,DB!$A$4:$B$500,2,0),"") -> WARR | J87: =IF(L87>1,VLOOKUP(L87,DB!$A$4:$B$500,2,0),"") -> WAHI | K87: ID 7516 | L87: ID 7539 | M87: =IF(B87>1,VLOOKUP(B87,DB!$D$4:$F$800,3,0),"") -> BATIK AIR | O87: =IF(ISBLANK(F87),"RON","") | Q87: =IF(R87="RON",H87,"") | R87: =IF(O87="RON",O87,"") | S87: =IF(R87="RON",C87,"") | T87: =IF(R87="RON",B87,"") | U87: =IF(R87="RON",M87,"")
A88: 71 | B88: PK-MGZ | C88: =IF(B88>1,VLOOKUP(B88,DB!$D$4:$E$800,2,0),"") -> B 733 | D88: 0.51805556 | E88: TRUE | F88: 0.64027778 | G88: TRUE | H88: B12 | I88: =IF(K88>1,VLOOKUP(K88,DB!$A$4:$B$500,2,0),"") -> WALL | J88: WALL | K88: GM 030 | M88: =IF(B88>1,VLOOKUP(B88,DB!$D$4:$F$800,3,0),"") -> TRI MG | O88: =IF(ISBLANK(F88),"RON","") | Q88: =IF(R88="RON",H88,"") | R88: =IF(O88="RON",O88,"") | S88: =IF(R88="RON",C88,"") | T88: =IF(R88="RON",B88,"") | U88: =IF(R88="RON",M88,"")
A89: 72 | B89: PK-KAS | C89: =IF(B89>1,VLOOKUP(B89,DB!$D$4:$E$800,2,0),"") -> CL 850 | D89: 0.48611111 | E89: TRUE | G89: FALSE | H89: RE02 | I89: B4 | J89: =IF(L89>1,VLOOKUP(L89,DB!$A$4:$B$500,2,0),"") | M89: =IF(B89>1,VLOOKUP(B89,DB!$D$4:$F$800,3,0),"") -> JETSET | O89: =IF(ISBLANK(F89),"RON","") -> RON | Q89: =IF(R89="RON",H89,"") -> RE02 | R89: =IF(O89="RON",O89,"") -> RON | S89: =IF(R89="RON",C89,"") -> CL 850 | T89: =IF(R89="RON",B89,"") -> PK-KAS | U89: =IF(R89="RON",M89,"") -> JETSET
A90: 73 | B90: T7-777 | C90: =IF(B90>1,VLOOKUP(B90,DB!$D$4:$E$800,2,0),"") -> BBJ | D90: 0.51944444 | E90: TRUE | F90: 0.57847222 | G90: TRUE | H90: B4 | I90: VMMC | J90: SA09 | M90: =IF(B90>1,VLOOKUP(B90,DB!$D$4:$F$800,3,0),"") -> JIP | O90: =IF(ISBLANK(F90),"RON","") | Q90: =IF(R90="RON",H90,"") | R90: =IF(O90="RON",O90,"") | S90: =IF(R90="RON",C90,"") | T90: =IF(R90="RON",B90,"") | U90: =IF(R90="RON",M90,"")
A91: 74 | B91: PK-NMI | C91: =IF(B91>1,VLOOKUP(B91,DB!$D$4:$E$800,2,0),"") -> B 733 | D91: 0.51458333 | E91: TRUE | G91: FALSE | H91: B10 | I91: WIOO | J91: =IF(L91>1,VLOOKUP(L91,DB!$A$4:$B$500,2,0),"") | M91: =IF(B91>1,VLOOKUP(B91,DB!$D$4:$F$800,3,0),"") -> AIRNESIA | O91: =IF(ISBLANK(F91),"RON","") -> RON | Q91: =IF(R91="RON",H91,"") -> B10 | R91: =IF(O91="RON",O91,"") -> RON | S91: =IF(R91="RON",C91,"") -> B 733 | T91: =IF(R91="RON",B91,"") -> PK-NMI | U91: =IF(R91="RON",M91,"") -> AIRNESIA
A92: 75 | B92: PK-LUF | C92: =IF(B92>1,VLOOKUP(B92,DB!$D$4:$E$800,2,0),"") -> A 320 | D92: 0.52847222 | E92: TRUE | F92: 0.57708333 | G92: TRUE | H92: A2 | I92: =IF(K92>1,VLOOKUP(K92,DB!$A$4:$B$500,2,0),"") -> WAHS | J92: =IF(L92>1,VLOOKUP(L92,DB!$A$4:$B$500,2,0),"") -> WIMM | K92: ID 7556 | L92: ID 7011 | M92: =IF(B92>1,VLOOKUP(B92,DB!$D$4:$F$800,3,0),"") -> BATIK AIR | O92: =IF(ISBLANK(F92),"RON","") | Q92: =IF(R92="RON",H92,"") | R92: =IF(O92="RON",O92,"") | S92: =IF(R92="RON",C92,"") | T92: =IF(R92="RON",B92,"") | U92: =IF(R92="RON",M92,"")
A93: 76 | B93: PK-LUS | C93: =IF(B93>1,VLOOKUP(B93,DB!$D$4:$E$800,2,0),"") -> A 320 | D93: 0.53194444 | E93: TRUE | F93: 0.56736111 | G93: TRUE | H93: A3 | I93: =IF(K93>1,VLOOKUP(K93,DB!$A$4:$B$500,2,0),"") -> WARR | J93: =IF(L93>1,VLOOKUP(L93,DB!$A$4:$B$500,2,0),"") -> WARR | K93: ID 7520 | L93: ID 7501 | M93: =IF(B93>1,VLOOKUP(B93,DB!$D$4:$F$800,3,0),"") -> BATIK AIR | O93: =IF(ISBLANK(F93),"RON","") | Q93: =IF(R93="RON",H93,"") | R93: =IF(O93="RON",O93,"") | S93: =IF(R93="RON",C93,"") | T93: =IF(R93="RON",B93,"") | U93: =IF(R93="RON",M93,"")
A94: 77 | B94: PK-GJV | C94: =IF(B94>1,VLOOKUP(B94,DB!$D$4:$E$800,2,0),"") -> ATR 72 | D94: 0.56597222 | E94: TRUE | F94: 0.59166667 | G94: TRUE | H94: B1 | I94: =IF(K94>1,VLOOKUP(K94,DB!$A$4:$B$500,2,0),"") -> WAHH | J94: =IF(L94>1,VLOOKUP(L94,DB!$A$4:$B$500,2,0),"") -> WAHH | K94: QG 1103 | L94: QG 1102 | M94: =IF(B94>1,VLOOKUP(B94,DB!$D$4:$F$800,3,0),"") -> CITILINK | O94: =IF(ISBLANK(F94),"RON","") | Q94: =IF(R94="RON",H94,"") | R94: =IF(O94="RON",O94,"") | S94: =IF(R94="RON",C94,"") | T94: =IF(R94="RON",B94,"") | U94: =IF(R94="RON",M94,"")
A95: 78 | B95: PK-GLX | C95: =IF(B95>1,VLOOKUP(B95,DB!$D$4:$E$800,2,0),"") -> A 320 | D95: 0.57777778 | E95: TRUE | F95: 0.60833333 | G95: TRUE | H95: B2 | I95: =IF(K95>1,VLOOKUP(K95,DB!$A$4:$B$500,2,0),"") -> WIPP | J95: =IF(L95>1,VLOOKUP(L95,DB!$A$4:$B$500,2,0),"") -> WARR | K95: QG 0089 | L95: QG 0174 | M95: =IF(B95>1,VLOOKUP(B95,DB!$D$4:$F$800,3,0),"") -> CITILINK | O95: =IF(ISBLANK(F95),"RON","") | Q95: =IF(R95="RON",H95,"") | R95: =IF(O95="RON",O95,"") | S95: =IF(R95="RON",C95,"") | T95: =IF(R95="RON",B95,"") | U95: =IF(R95="RON",M95,"")
A96: 79 | B96: PK-LUP | C96: =IF(B96>1,VLOOKUP(B96,DB!$D$4:$E$800,2,0),"") -> A 320 | D96: 0.57152778 | E96: TRUE | F96: 0.61458333 | G96: TRUE | H96: A1 | I96: =IF(K96>1,VLOOKUP(K96,DB!$A$4:$B$500,2,0),"") -> WADD | J96: =IF(L96>1,VLOOKUP(L96,DB!$A$4:$B$500,2,0),"") -> WIEE | K96: ID 7308 | L96: ID 7109 | M96: =IF(B96>1,VLOOKUP(B96,DB!$D$4:$F$800,3,0),"") -> BATIK AIR | O96: =IF(ISBLANK(F96),"RON","") | Q96: =IF(R96="RON",H96,"") | R96: =IF(O96="RON",O96,"") | S96: =IF(R96="RON",C96,"") | T96: =IF(R96="RON",B96,"") | U96: =IF(R96="RON",M96,"")
A97: 80 | B97: PK-OCK | C97: =IF(B97>1,VLOOKUP(B97,DB!$D$4:$E$800,2,0),"") -> DHC-6 | D97: 0.48611111 | E97: TRUE | F97: 0.54097222 | G97: TRUE | H97: SA12 | I97: HGR | J97: WIKK | M97: =IF(B97>1,VLOOKUP(B97,DB!$D$4:$F$800,3,0),"") | O97: =IF(ISBLANK(F97),"RON","") | Q97: =IF(R97="RON",H97,"") | R97: =IF(O97="RON",O97,"") | S97: =IF(R97="RON",C97,"") | T97: =IF(R97="RON",B97,"") | U97: =IF(R97="RON",M97,"")
A98: 81 | B98: PK-BKV | C98: =IF(B98>1,VLOOKUP(B98,DB!$D$4:$E$800,2,0),"") -> A 320 | D98: 0.60069444 | E98: TRUE | F98: 0.62916667 | G98: TRUE | H98: A3 | I98: =IF(K98>1,VLOOKUP(K98,DB!$A$4:$B$500,2,0),"") -> WAHQ | J98: =IF(L98>1,VLOOKUP(L98,DB!$A$4:$B$500,2,0),"") -> WAHS | K98: ID 7532 | L98: ID 7559 | M98: =IF(B98>1,VLOOKUP(B98,DB!$D$4:$F$800,3,0),"") -> BATIK AIR | O98: =IF(ISBLANK(F98),"RON","") | Q98: =IF(R98="RON",H98,"") | R98: =IF(O98="RON",O98,"") | S98: =IF(R98="RON",C98,"") | T98: =IF(R98="RON",B98,"") | U98: =IF(R98="RON",M98,"")
A99: 82 | B99: T7-777 | C99: =IF(B99>1,VLOOKUP(B99,DB!$D$4:$E$800,2,0),"") -> BBJ | D99: 0.58541667 | E99: TRUE | G99: FALSE | H99: SA09 | I99: B4 | J99: =IF(L99>1,VLOOKUP(L99,DB!$A$4:$B$500,2,0),"") | M99: =IF(B99>1,VLOOKUP(B99,DB!$D$4:$F$800,3,0),"") -> JIP | O99: =IF(ISBLANK(F99),"RON","") -> RON | Q99: =IF(R99="RON",H99,"") -> SA09 | R99: =IF(O99="RON",O99,"") -> RON | S99: =IF(R99="RON",C99,"") -> BBJ | T99: =IF(R99="RON",B99,"") -> T7-777 | U99: =IF(R99="RON",M99,"") -> JIP
A100: 83 | B100: PK-LUT | C100: =IF(B100>1,VLOOKUP(B100,DB!$D$4:$E$800,2,0),"") -> A 320 | D100: 0.63541667 | E100: TRUE | F100: 0.66944444 | G100: TRUE | H100: B5 | I100: =IF(K100>1,VLOOKUP(K100,DB!$A$4:$B$500,2,0),"") -> WARA | J100: =IF(L100>1,VLOOKUP(L100,DB!$A$4:$B$500,2,0),"") -> WADD | K100: ID 7582 | L100: ID 7311 | M100: =IF(B100>1,VLOOKUP(B100,DB!$D$4:$F$800,3,0),"") -> BATIK AIR | N100: DUBES INDIA | O100: =IF(ISBLANK(F100),"RON","") | Q100: =IF(R100="RON",H100,"") | R100: =IF(O100="RON",O100,"") | S100: =IF(R100="RON",C100,"") | T100: =IF(R100="RON",B100,"") | U100: =IF(R100="RON",M100,"")
A101: 84 | B101: PK-FJA | C101: =IF(B101>1,VLOOKUP(B101,DB!$D$4:$E$800,2,0),"") -> ATR 72 | D101: 0.62777778 | E101: TRUE | F101: 0.66597222 | G101: TRUE | H101: B3 | I101: WIGG | J101: SA12 | M101: =IF(B101>1,VLOOKUP(B101,DB!$D$4:$F$800,3,0),"") -> FLY JAYA | O101: =IF(ISBLANK(F101),"RON","") | Q101: =IF(R101="RON",H101,"") | R101: =IF(O101="RON",O101,"") | S101: =IF(R101="RON",C101,"") | T101: =IF(R101="RON",B101,"") | U101: =IF(R101="RON",M101,"")
A102: 85 | B102: PK-LUY | C102: =IF(B102>1,VLOOKUP(B102,DB!$D$4:$E$800,2,0),"") -> A 320 | D102: 0.64375 | E102: TRUE | F102: 0.67569444 | G102: TRUE | H102: A1 | I102: =IF(K102>1,VLOOKUP(K102,DB!$A$4:$B$500,2,0),"") -> WAHI | J102: =IF(L102>1,VLOOKUP(L102,DB!$A$4:$B$500,2,0),"") -> WIPP | K102: ID 7538 | L102: ID 7059 | M102: =IF(B102>1,VLOOKUP(B102,DB!$D$4:$F$800,3,0),"") -> BATIK AIR | O102: =IF(ISBLANK(F102),"RON","") | Q102: =IF(R102="RON",H102,"") | R102: =IF(O102="RON",O102,"") | S102: =IF(R102="RON",C102,"") | T102: =IF(R102="RON",B102,"") | U102: =IF(R102="RON",M102,"")
A103: 86 | B103: PK-LAL | C103: =IF(B103>1,VLOOKUP(B103,DB!$D$4:$E$800,2,0),"") -> A 320 | D103: 0.68402778 | E103: TRUE | F103: 0.73263889 | G103: TRUE | H103: A2 | I103: =IF(K103>1,VLOOKUP(K103,DB!$A$4:$B$500,2,0),"") -> WIPP | J103: =IF(L103>1,VLOOKUP(L103,DB!$A$4:$B$500,2,0),"") -> WARR | K103: ID 7052 | L103: ID 7503 | M103: =IF(B103>1,VLOOKUP(B103,DB!$D$4:$F$800,3,0),"") -> BATIK AIR | O103: =IF(ISBLANK(F103),"RON","") | Q103: =IF(R103="RON",H103,"") | R103: =IF(O103="RON",O103,"") | S103: =IF(R103="RON",C103,"") | T103: =IF(R103="RON",B103,"") | U103: =IF(R103="RON",M103,"")
A104: 87 | B104: PK-LAM | C104: =IF(B104>1,VLOOKUP(B104,DB!$D$4:$E$800,2,0),"") -> A 320 | D104: 0.67916667 | E104: TRUE | F104: 0.80208333 | G104: TRUE | H104: A3 | I104: =IF(K104>1,VLOOKUP(K104,DB!$A$4:$B$500,2,0),"") -> WARR | J104: =IF(L104>1,VLOOKUP(L104,DB!$A$4:$B$500,2,0),"") -> WIBB | K104: ID 7514 | L104: ID 7065 | M104: =IF(B104>1,VLOOKUP(B104,DB!$D$4:$F$800,3,0),"") -> BATIK AIR | O104: =IF(ISBLANK(F104),"RON","") | Q104: =IF(R104="RON",H104,"") | R104: =IF(O104="RON",O104,"") | S104: =IF(R104="RON",C104,"") | T104: =IF(R104="RON",B104,"") | U104: =IF(R104="RON",M104,"")
A105: 88 | B105: PK-GQP | C105: =IF(B105>1,VLOOKUP(B105,DB!$D$4:$E$800,2,0),"") -> A 320 | D105: 0.675 | E105: TRUE | F105: 0.72847222 | G105: TRUE | H105: B1 | I105: =IF(K105>1,VLOOKUP(K105,DB!$A$4:$B$500,2,0),"") -> WARA | J105: =IF(L105>1,VLOOKUP(L105,DB!$A$4:$B$500,2,0),"") -> WARR | K105: QG 0165 | L105: QG 0172 | M105: =IF(B105>1,VLOOKUP(B105,DB!$D$4:$F$800,3,0),"") -> CITILINK | O105: =IF(ISBLANK(F105),"RON","") | Q105: =IF(R105="RON",H105,"") | R105: =IF(O105="RON",O105,"") | S105: =IF(R105="RON",C105,"") | T105: =IF(R105="RON",B105,"") | U105: =IF(R105="RON",M105,"")
A106: 89 | B106: PK-GFF | C106: =IF(B106>1,VLOOKUP(B106,DB!$D$4:$E$800,2,0),"") -> B 738 | D106: 0.73541667 | E106: TRUE | F106: 0.79044877 | G106: TRUE | H106: B2 | I106: =IF(K106>1,VLOOKUP(K106,DB!$A$4:$B$500,2,0),"") -> WARR | J106: =IF(L106>1,VLOOKUP(L106,DB!$A$4:$B$500,2,0),"") -> WARR | K106: GA 0331 | L106: GA 3304 | M106: =IF(B106>1,VLOOKUP(B106,DB!$D$4:$F$800,3,0),"") -> GARUDA | O106: =IF(ISBLANK(F106),"RON","") | Q106: =IF(R106="RON",H106,"") | R106: =IF(O106="RON",O106,"") | S106: =IF(R106="RON",C106,"") | T106: =IF(R106="RON",B106,"") | U106: =IF(R106="RON",M106,"")
...

Sheet 03
A1: APRON MOVEMENT SHEET HALIM PERDANAKUSUMA
A7: AERODROME : | C7: WIHH
A8: TANGGAL : | C8: 45841
A9: PETUGAS AMC | C9: PAGI SIANG ( 07:00 - 18:59) | E9: MALAM (19:00 - 06:59)
C10: NIKON | E10: RIZA IBNU FAJAR
C11: RYAN KHALIQ | E11: RIDWAN WINANTO
C12: SERDA JIM MIM | E12: PELTU UUM
C13: AHCMAD FAUZI
A15: NO | B15: REGISTRATION | C15: TYPE | D15: TIME OF | H15: PARKING STAND | I15: FROM | J15: TO | K15: FLIGHT NO | M15: OPERATOR / AIRLINES | N15: REMARKS | O15: STATUS
D16: ON BLOCK | F16: OFF BLOCK | K16: ARR | L16: DEP
Q17: 1 | R17: 2 | S17: 3 | T17: 4 | U17: 5
A18: 1 | B18: PK-VCD | C18: =IF(B18>1,VLOOKUP(B18,DB!$D$4:$E$800,2,0),"") -> PA 34 | D18: - | E18: FALSE | G18: FALSE | H18: NSA01 | I18: =IF(K18>1,VLOOKUP(K18,DB!$A$4:$B$500,2,0),"") | J18: =IF(L18>1,VLOOKUP(L18,DB!$A$4:$B$500,2,0),"") | M18: =IF(B18>1,VLOOKUP(B18,DB!$D$4:$F$800,3,0),"") -> PENAS | N18: UNSERVICEABLE | O18: =IF(ISBLANK(F18),"RON","") -> RON | Q18: =IF(R18="RON",H18,"") -> NSA01 | R18: =IF(O18="RON",O18,"") -> RON | S18: =IF(R18="RON",C18,"") -> PA 34 | T18: =IF(R18="RON",B18,"") -> PK-VCD | U18: =IF(R18="RON",M18,"") -> PENAS
A19: 2 | B19: PK-RSO | C19: =IF(B19>1,VLOOKUP(B19,DB!$D$4:$E$800,2,0),"") -> CT 650 | D19: - | E19: FALSE | G19: FALSE | H19: NSA02 | I19: =IF(K19>1,VLOOKUP(K19,DB!$A$4:$B$500,2,0),"") | J19: =IF(L19>1,VLOOKUP(L19,DB!$A$4:$B$500,2,0),"") | M19: =IF(B19>1,VLOOKUP(B19,DB!$D$4:$F$800,3,0),"") -> ENGGANG | N19: UNSERVICEABLE | O19: =IF(ISBLANK(F19),"RON","") -> RON | Q19: =IF(R19="RON",H19,"") -> NSA02 | R19: =IF(O19="RON",O19,"") -> RON | S19: =IF(R19="RON",C19,"") -> CT 650 | T19: =IF(R19="RON",B19,"") -> PK-RSO | U19: =IF(R19="RON",M19,"") -> ENGGANG
A20: 3 | B20: PK-RDA | C20: =IF(B20>1,VLOOKUP(B20,DB!$D$4:$E$800,2,0),"") -> HK 900 | D20: - | E20: FALSE | G20: FALSE | H20: NSA03 | I20: =IF(K20>1,VLOOKUP(K20,DB!$A$4:$B$500,2,0),"") | J20: =IF(L20>1,VLOOKUP(L20,DB!$A$4:$B$500,2,0),"") | M20: =IF(B20>1,VLOOKUP(B20,DB!$D$4:$F$800,3,0),"") -> TRI MG | N20: UNSERVICEABLE | O20: =IF(ISBLANK(F20),"RON","") -> RON | Q20: =IF(R20="RON",H20,"") -> NSA03 | R20: =IF(O20="RON",O20,"") -> RON | S20: =IF(R20="RON",C20,"") -> HK 900 | T20: =IF(R20="RON",B20,"") -> PK-RDA | U20: =IF(R20="RON",M20,"") -> TRI MG
A21: 4 | B21: PK-YGK | C21: =IF(B21>1,VLOOKUP(B21,DB!$D$4:$E$800,2,0),"") -> HK 400 | D21: - | E21: FALSE | G21: FALSE | H21: NSA04 | I21: =IF(K21>1,VLOOKUP(K21,DB!$A$4:$B$500,2,0),"") | J21: =IF(L21>1,VLOOKUP(L21,DB!$A$4:$B$500,2,0),"") | M21: =IF(B21>1,VLOOKUP(B21,DB!$D$4:$F$800,3,0),"") -> TRI MG | N21: UNSERVICEABLE | O21: =IF(ISBLANK(F21),"RON","") -> RON | Q21: =IF(R21="RON",H21,"") -> NSA04 | R21: =IF(O21="RON",O21,"") -> RON | S21: =IF(R21="RON",C21,"") -> HK 400 | T21: =IF(R21="RON",B21,"") -> PK-YGK | U21: =IF(R21="RON",M21,"") -> TRI MG
A22: 5 | B22: PK-YGR | C22: =IF(B22>1,VLOOKUP(B22,DB!$D$4:$E$800,2,0),"") -> HK 800 | D22: - | E22: FALSE | G22: FALSE | H22: NSA05 | I22: =IF(K22>1,VLOOKUP(K22,DB!$A$4:$B$500,2,0),"") | J22: =IF(L22>1,VLOOKUP(L22,DB!$A$4:$B$500,2,0),"") | M22: =IF(B22>1,VLOOKUP(B22,DB!$D$4:$F$800,3,0),"") -> TRI MG | N22: UNSERVICEABLE | O22: =IF(ISBLANK(F22),"RON","") -> RON | Q22: =IF(R22="RON",H22,"") -> NSA05 | R22: =IF(O22="RON",O22,"") -> RON | S22: =IF(R22="RON",C22,"") -> HK 800 | T22: =IF(R22="RON",B22,"") -> PK-YGR | U22: =IF(R22="RON",M22,"") -> TRI MG
A23: 6 | B23: N-484BA | C23: =IF(B23>1,VLOOKUP(B23,DB!$D$4:$E$800,2,0),"") -> LJ 31 | D23: - | E23: FALSE | G23: FALSE | H23: NSA06 | I23: =IF(K23>1,VLOOKUP(K23,DB!$A$4:$B$500,2,0),"") | J23: =IF(L23>1,VLOOKUP(L23,DB!$A$4:$B$500,2,0),"") | M23: =IF(B23>1,VLOOKUP(B23,DB!$D$4:$F$800,3,0),"") -> IAP | N23: UNSERVICEABLE | O23: =IF(ISBLANK(F23),"RON","") -> RON | Q23: =IF(R23="RON",H23,"") -> NSA06 | R23: =IF(O23="RON",O23,"") -> RON | S23: =IF(R23="RON",C23,"") -> LJ 31 | T23: =IF(R23="RON",B23,"") -> N-484BA | U23: =IF(R23="RON",M23,"") -> IAP
A24: 7 | B24: A-2701 | C24: =IF(B24>1,VLOOKUP(B24,DB!$D$4:$E$800,2,0),"") -> FOKKER 27 | D24: - | E24: FALSE | G24: FALSE | H24: NSA07 | I24: =IF(K24>1,VLOOKUP(K24,DB!$A$4:$B$500,2,0),"") | J24: =IF(L24>1,VLOOKUP(L24,DB!$A$4:$B$500,2,0),"") | M24: =IF(B24>1,VLOOKUP(B24,DB!$D$4:$F$800,3,0),"") -> TNI AU | N24: UNSERVICEABLE | O24: =IF(ISBLANK(F24),"RON","") -> RON | Q24: =IF(R24="RON",H24,"") -> NSA07 | R24: =IF(O24="RON",O24,"") -> RON | S24: =IF(R24="RON",C24,"") -> FOKKER 27 | T24: =IF(R24="RON",B24,"") -> A-2701 | U24: =IF(R24="RON",M24,"") -> TNI AU
A25: 8 | B25: A-2706 | C25: =IF(B25>1,VLOOKUP(B25,DB!$D$4:$E$800,2,0),"") -> FOKKER 27 | D25: - | E25: FALSE | G25: FALSE | H25: NSA08 | I25: =IF(K25>1,VLOOKUP(K25,DB!$A$4:$B$500,2,0),"") | J25: =IF(L25>1,VLOOKUP(L25,DB!$A$4:$B$500,2,0),"") | M25: =IF(B25>1,VLOOKUP(B25,DB!$D$4:$F$800,3,0),"") -> TNI AU | N25: UNSERVICEABLE | O25: =IF(ISBLANK(F25),"RON","") -> RON | Q25: =IF(R25="RON",H25,"") -> NSA08 | R25: =IF(O25="RON",O25,"") -> RON | S25: =IF(R25="RON",C25,"") -> FOKKER 27 | T25: =IF(R25="RON",B25,"") -> A-2706 | U25: =IF(R25="RON",M25,"") -> TNI AU
A26: 9 | B26: A-2801 | C26: =IF(B26>1,VLOOKUP(B26,DB!$D$4:$E$800,2,0),"") -> FOKKER 28 | D26: - | E26: FALSE | G26: FALSE | H26: NSA09 | I26: =IF(K26>1,VLOOKUP(K26,DB!$A$4:$B$500,2,0),"") | J26: =IF(L26>1,VLOOKUP(L26,DB!$A$4:$B$500,2,0),"") | M26: =IF(B26>1,VLOOKUP(B26,DB!$D$4:$F$800,3,0),"") -> TNI AU | N26: UNSERVICEABLE | O26: =IF(ISBLANK(F26),"RON","") -> RON | Q26: =IF(R26="RON",H26,"") -> NSA09 | R26: =IF(O26="RON",O26,"") -> RON | S26: =IF(R26="RON",C26,"") -> FOKKER 28 | T26: =IF(R26="RON",B26,"") -> A-2801 | U26: =IF(R26="RON",M26,"") -> TNI AU
A27: 10 | B27: N-2409K | C27: =IF(B27>1,VLOOKUP(B27,DB!$D$4:$E$800,2,0),"") -> HK 800 | D27: - | E27: FALSE | G27: FALSE | H27: NSA10 | I27: =IF(K27>1,VLOOKUP(K27,DB!$A$4:$B$500,2,0),"") | J27: =IF(L27>1,VLOOKUP(L27,DB!$A$4:$B$500,2,0),"") | M27: AFM | O27: =IF(ISBLANK(F27),"RON","") -> RON | Q27: =IF(R27="RON",H27,"") -> NSA10 | R27: =IF(O27="RON",O27,"") -> RON | S27: =IF(R27="RON",C27,"") -> HK 800 | T27: =IF(R27="RON",B27,"") -> N-2409K | U27: =IF(R27="RON",M27,"") -> AFM
A28: 11 | B28: T7-HNC | C28: =IF(B28>1,VLOOKUP(B28,DB!$D$4:$E$800,2,0),"") -> KING AIR | D28: - | E28: FALSE | G28: FALSE | H28: NSA11 | I28: =IF(K28>1,VLOOKUP(K28,DB!$A$4:$B$500,2,0),"") | J28: =IF(L28>1,VLOOKUP(L28,DB!$A$4:$B$500,2,0),"") | M28: AFM | O28: =IF(ISBLANK(F28),"RON","") -> RON | Q28: =IF(R28="RON",H28,"") -> NSA11 | R28: =IF(O28="RON",O28,"") -> RON | S28: =IF(R28="RON",C28,"") -> KING AIR | T28: =IF(R28="RON",B28,"") -> T7-HNC | U28: =IF(R28="RON",M28,"") -> AFM
A29: 12 | B29: T7-FCN | C29: =IF(B29>1,VLOOKUP(B29,DB!$D$4:$E$800,2,0),"") -> HK 800 | D29: - | E29: FALSE | G29: FALSE | H29: NSA12 | I29: =IF(K29>1,VLOOKUP(K29,DB!$A$4:$B$500,2,0),"") | J29: =IF(L29>1,VLOOKUP(L29,DB!$A$4:$B$500,2,0),"") | M29: KARISMA | O29: =IF(ISBLANK(F29),"RON","") -> RON | Q29: =IF(R29="RON",H29,"") -> NSA12 | R29: =IF(O29="RON",O29,"") -> RON | S29: =IF(R29="RON",C29,"") -> HK 800 | T29: =IF(R29="RON",B29,"") -> T7-FCN | U29: =IF(R29="RON",M29,"") -> KARISMA
A30: 13 | B30: VP-CLL | C30: =IF(B30>1,VLOOKUP(B30,DB!$D$4:$E$800,2,0),"") -> EMB 135 | D30: - | E30: FALSE | F30: 0.54861111 | G30: TRUE | H30: SA01 | I30: =IF(K30>1,VLOOKUP(K30,DB!$A$4:$B$500,2,0),"") -> EX RON | J30: B4 | K30: - | M30: KARISMA | O30: =IF(ISBLANK(F30),"RON","") | Q30: =IF(R30="RON",H30,"") | R30: =IF(O30="RON",O30,"") | S30: =IF(R30="RON",C30,"") | T30: =IF(R30="RON",B30,"") | U30: =IF(R30="RON",M30,"")
A31: 14 | B31: PK-RJH | C31: =IF(B31>1,VLOOKUP(B31,DB!$D$4:$E$800,2,0),"") -> EC 135 | D31: - | E31: FALSE | G31: FALSE | H31: SA02 | I31: =IF(K31>1,VLOOKUP(K31,DB!$A$4:$B$500,2,0),"") | J31: =IF(L31>1,VLOOKUP(L31,DB!$A$4:$B$500,2,0),"") | M31: =IF(B31>1,VLOOKUP(B31,DB!$D$4:$F$800,3,0),"") -> PREMI | O31: =IF(ISBLANK(F31),"RON","") -> RON | Q31: =IF(R31="RON",H31,"") -> SA02 | R31: =IF(O31="RON",O31,"") -> RON | S31: =IF(R31="RON",C31,"") -> EC 135 | T31: =IF(R31="RON",B31,"") -> PK-RJH | U31: =IF(R31="RON",M31,"") -> PREMI
A32: 15 | B32: PK-LUR | C32: =IF(B32>1,VLOOKUP(B32,DB!$D$4:$E$800,2,0),"") -> A 320 | D32: - | E32: FALSE | G32: FALSE | H32: SA03 | I32: =IF(K32>1,VLOOKUP(K32,DB!$A$4:$B$500,2,0),"") | J32: =IF(L32>1,VLOOKUP(L32,DB!$A$4:$B$500,2,0),"") | M32: =IF(B32>1,VLOOKUP(B32,DB!$D$4:$F$800,3,0),"") -> BATIK AIR | O32: =IF(ISBLANK(F32),"RON","") -> RON | Q32: =IF(R32="RON",H32,"") -> SA03 | R32: =IF(O32="RON",O32,"") -> RON | S32: =IF(R32="RON",C32,"") -> A 320 | T32: =IF(R32="RON",B32,"") -> PK-LUR | U32: =IF(R32="RON",M32,"") -> BATIK AIR
A33: 16 | B33: N-227GV | C33: =IF(B33>1,VLOOKUP(B33,DB!$D$4:$E$800,2,0),"") -> L 1000 | D33: - | E33: FALSE | F33: 0.36180556 | G33: TRUE | H33: SA04 | I33: =IF(K33>1,VLOOKUP(K33,DB!$A$4:$B$500,2,0),"") -> EX RON | J33: B3 | K33: - | M33: =IF(B33>1,VLOOKUP(B33,DB!$D$4:$F$800,3,0),"") -> PREMI | O33: =IF(ISBLANK(F33),"RON","") | Q33: =IF(R33="RON",H33,"") | R33: =IF(O33="RON",O33,"") | S33: =IF(R33="RON",C33,"") | T33: =IF(R33="RON",B33,"") | U33: =IF(R33="RON",M33,"")
A34: 17 | B34: T7-X14 | C34: =IF(B34>1,VLOOKUP(B34,DB!$D$4:$E$800,2,0),"") -> G VI | D34: - | E34: FALSE | G34: FALSE | H34: SA05 | I34: =IF(K34>1,VLOOKUP(K34,DB!$A$4:$B$500,2,0),"") | J34: =IF(L34>1,VLOOKUP(L34,DB!$A$4:$B$500,2,0),"") | M34: AFM | O34: =IF(ISBLANK(F34),"RON","") -> RON | Q34: =IF(R34="RON",H34,"") -> SA05 | R34: =IF(O34="RON",O34,"") -> RON | S34: =IF(R34="RON",C34,"") -> G VI | T34: =IF(R34="RON",B34,"") -> T7-X14 | U34: =IF(R34="RON",M34,"") -> AFM
A35: 18 | B35: PK-RJA | C35: =IF(B35>1,VLOOKUP(B35,DB!$D$4:$E$800,2,0),"") -> EMB 135 | D35: - | E35: FALSE | F35: 0.66666667 | G35: TRUE | H35: SA06 | I35: =IF(K35>1,VLOOKUP(K35,DB!$A$4:$B$500,2,0),"") -> EX RON | J35: HGR | K35: - | M35: =IF(B35>1,VLOOKUP(B35,DB!$D$4:$F$800,3,0),"") -> PREMI | O35: =IF(ISBLANK(F35),"RON","") | Q35: =IF(R35="RON",H35,"") | R35: =IF(O35="RON",O35,"") | S35: =IF(R35="RON",C35,"") | T35: =IF(R35="RON",B35,"") | U35: =IF(R35="RON",M35,"")
A36: 19 | B36: N-970NX | C36: =IF(B36>1,VLOOKUP(B36,DB!$D$4:$E$800,2,0),"") -> GLEX | D36: - | E36: FALSE | F36: 0.64027778 | G36: TRUE | H36: SA07 | I36: =IF(K36>1,VLOOKUP(K36,DB!$A$4:$B$500,2,0),"") -> EX RON | J36: HGR | K36: - | M36: =IF(B36>1,VLOOKUP(B36,DB!$D$4:$F$800,3,0),"") -> PREMI | O36: =IF(ISBLANK(F36),"RON","") | Q36: =IF(R36="RON",H36,"") | R36: =IF(O36="RON",O36,"") | S36: =IF(R36="RON",C36,"") | T36: =IF(R36="RON",B36,"") | U36: =IF(R36="RON",M36,"")
A37: 20 | B37: PK-GJT | C37: =IF(B37>1,VLOOKUP(B37,DB!$D$4:$E$800,2,0),"") -> ATR 72 | D37: - | E37: FALSE | G37: FALSE | H37: SA08 | I37: =IF(K37>1,VLOOKUP(K37,DB!$A$4:$B$500,2,0),"") | J37: =IF(L37>1,VLOOKUP(L37,DB!$A$4:$B$500,2,0),"") | M37: =IF(B37>1,VLOOKUP(B37,DB!$D$4:$F$800,3,0),"") -> CITILINK | O37: =IF(ISBLANK(F37),"RON","") -> RON | Q37: =IF(R37="RON",H37,"") -> SA08 | R37: =IF(O37="RON",O37,"") -> RON | S37: =IF(R37="RON",C37,"") -> ATR 72 | T37: =IF(R37="RON",B37,"") -> PK-GJT | U37: =IF(R37="RON",M37,"") -> CITILINK
A38: 21 | B38: T7-777 | C38: =IF(B38>1,VLOOKUP(B38,DB!$D$4:$E$800,2,0),"") -> BBJ | D38: - | E38: FALSE | F38: 0.20833333 | G38: TRUE | H38: SA09 | I38: =IF(K38>1,VLOOKUP(K38,DB!$A$4:$B$500,2,0),"") -> EX RON | J38: B4 | K38: - | M38: =IF(B38>1,VLOOKUP(B38,DB!$D$4:$F$800,3,0),"") -> JIP | O38: =IF(ISBLANK(F38),"RON","") | Q38: =IF(R38="RON",H38,"") | R38: =IF(O38="RON",O38,"") | S38: =IF(R38="RON",C38,"") | T38: =IF(R38="RON",B38,"") | U38: =IF(R38="RON",M38,"")
A39: 22 | B39: VP-CGO | C39: =IF(B39>1,VLOOKUP(B39,DB!$D$4:$E$800,2,0),"") -> GLEX | D39: - | E39: FALSE | G39: FALSE | H39: SA10 | I39: =IF(K39>1,VLOOKUP(K39,DB!$A$4:$B$500,2,0),"") | J39: =IF(L39>1,VLOOKUP(L39,DB!$A$4:$B$500,2,0),"") | M39: AFM | O39: =IF(ISBLANK(F39),"RON","") -> RON | Q39: =IF(R39="RON",H39,"") -> SA10 | R39: =IF(O39="RON",O39,"") -> RON | S39: =IF(R39="RON",C39,"") -> GLEX | T39: =IF(R39="RON",B39,"") -> VP-CGO | U39: =IF(R39="RON",M39,"") -> AFM
A40: 23 | B40: T7-GBS | C40: =IF(B40>1,VLOOKUP(B40,DB!$D$4:$E$800,2,0),"") -> EMB 135 | D40: - | E40: FALSE | G40: FALSE | H40: SA11 | I40: =IF(K40>1,VLOOKUP(K40,DB!$A$4:$B$500,2,0),"") | J40: =IF(L40>1,VLOOKUP(L40,DB!$A$4:$B$500,2,0),"") | M40: KARISMA | O40: =IF(ISBLANK(F40),"RON","") -> RON | Q40: =IF(R40="RON",H40,"") -> SA11 | R40: =IF(O40="RON",O40,"") -> RON | S40: =IF(R40="RON",C40,"") -> EMB 135 | T40: =IF(R40="RON",B40,"") -> T7-GBS | U40: =IF(R40="RON",M40,"") -> KARISMA
A41: 24 | B41: PK-FJA | C41: =IF(B41>1,VLOOKUP(B41,DB!$D$4:$E$800,2,0),"") -> ATR 72 | D41: - | E41: FALSE | F41: 0.23472222 | G41: TRUE | H41: SA12 | I41: =IF(K41>1,VLOOKUP(K41,DB!$A$4:$B$500,2,0),"") -> EX RON | J41: A2 | K41: - | M41: =IF(B41>1,VLOOKUP(B41,DB!$D$4:$F$800,3,0),"") -> FLY JAYA | O41: =IF(ISBLANK(F41),"RON","") | Q41: =IF(R41="RON",H41,"") | R41: =IF(O41="RON",O41,"") | S41: =IF(R41="RON",C41,"") | T41: =IF(R41="RON",B41,"") | U41: =IF(R41="RON",M41,"")
A42: 25 | B42: PK-LUS | C42: =IF(B42>1,VLOOKUP(B42,DB!$D$4:$E$800,2,0),"") -> A 320 | D42: - | E42: FALSE | F42: 0.43541667 | G42: TRUE | H42: SA13 | I42: =IF(K42>1,VLOOKUP(K42,DB!$A$4:$B$500,2,0),"") -> EX RON | J42: B8 | K42: - | M42: =IF(B42>1,VLOOKUP(B42,DB!$D$4:$F$800,3,0),"") -> BATIK AIR | O42: =IF(ISBLANK(F42),"RON","") | Q42: =IF(R42="RON",H42,"") | R42: =IF(O42="RON",O42,"") | S42: =IF(R42="RON",C42,"") | T42: =IF(R42="RON",B42,"") | U42: =IF(R42="RON",M42,"")
A43: 26 | B43: PK-RSS | C43: =IF(B43>1,VLOOKUP(B43,DB!$D$4:$E$800,2,0),"") -> EMB 135 | D43: - | E43: FALSE | F43: 0.37708333 | G43: TRUE | H43: SA15 | I43: =IF(K43>1,VLOOKUP(K43,DB!$A$4:$B$500,2,0),"") -> EX RON | J43: B5 | K43: - | M43: PTN | O43: =IF(ISBLANK(F43),"RON","") | Q43: =IF(R43="RON",H43,"") | R43: =IF(O43="RON",O43,"") | S43: =IF(R43="RON",C43,"") | T43: =IF(R43="RON",B43,"") | U43: =IF(R43="RON",M43,"")
A44: 27 | B44: PK-OTR | C44: =IF(B44>1,VLOOKUP(B44,DB!$D$4:$E$800,2,0),"") -> ATR 72 | D44: - | E44: FALSE | G44: FALSE | H44: SA12 | I44: =IF(K44>1,VLOOKUP(K44,DB!$A$4:$B$500,2,0),"") | J44: =IF(L44>1,VLOOKUP(L44,DB!$A$4:$B$500,2,0),"") | M44: =IF(B44>1,VLOOKUP(B44,DB!$D$4:$F$800,3,0),"") -> TAS | O44: =IF(ISBLANK(F44),"RON","") -> RON | Q44: =IF(R44="RON",H44,"") -> SA12 | R44: =IF(O44="RON",O44,"") -> RON | S44: =IF(R44="RON",C44,"") -> ATR 72 | T44: =IF(R44="RON",B44,"") -> PK-OTR | U44: =IF(R44="RON",M44,"") -> TAS
A45: 28 | B45: N-939AP | C45: =IF(B45>1,VLOOKUP(B45,DB!$D$4:$E$800,2,0),"") -> GLEX | D45: - | E45: FALSE | G45: FALSE | H45: RE01 | I45: =IF(K45>1,VLOOKUP(K45,DB!$A$4:$B$500,2,0),"") | J45: =IF(L45>1,VLOOKUP(L45,DB!$A$4:$B$500,2,0),"") | M45: =IF(B45>1,VLOOKUP(B45,DB!$D$4:$F$800,3,0),"") -> BIOMANTARA | O45: =IF(ISBLANK(F45),"RON","") -> RON | Q45: =IF(R45="RON",H45,"") -> RE01 | R45: =IF(O45="RON",O45,"") -> RON | S45: =IF(R45="RON",C45,"") -> GLEX | T45: =IF(R45="RON",B45,"") -> N-939AP | U45: =IF(R45="RON",M45,"") -> BIOMANTARA
A46: 29 | B46: PK-KAS | C46: =IF(B46>1,VLOOKUP(B46,DB!$D$4:$E$800,2,0),"") -> CL 850 | D46: - | E46: FALSE | F46: 0.25694444 | G46: TRUE | H46: RE02 | I46: =IF(K46>1,VLOOKUP(K46,DB!$A$4:$B$500,2,0),"") -> EX RON | J46: B2 | K46: - | M46: =IF(B46>1,VLOOKUP(B46,DB!$D$4:$F$800,3,0),"") -> JETSET | O46: =IF(ISBLANK(F46),"RON","") | Q46: =IF(R46="RON",H46,"") | R46: =IF(O46="RON",O46,"") | S46: =IF(R46="RON",C46,"") | T46: =IF(R46="RON",B46,"") | U46: =IF(R46="RON",M46,"")
A47: 30 | B47: T7-977 | C47: =IF(B47>1,VLOOKUP(B47,DB!$D$4:$E$800,2,0),"") -> G IV | D47: - | E47: FALSE | F47: 0.19583333 | G47: TRUE | H47: RE03 | I47: =IF(K47>1,VLOOKUP(K47,DB!$A$4:$B$500,2,0),"") -> EX RON | J47: B5 | K47: - | M47: =IF(B47>1,VLOOKUP(B47,DB!$D$4:$F$800,3,0),"") -> JIP | O47: =IF(ISBLANK(F47),"RON","") | Q47: =IF(R47="RON",H47,"") | R47: =IF(O47="RON",O47,"") | S47: =IF(R47="RON",C47,"") | T47: =IF(R47="RON",B47,"") | U47: =IF(R47="RON",M47,"")
A48: 31 | B48: T7-HNA | C48: =IF(B48>1,VLOOKUP(B48,DB!$D$4:$E$800,2,0),"") -> G IV | D48: - | E48: FALSE | F48: 0.89930556 | G48: TRUE | H48: RE04 | I48: =IF(K48>1,VLOOKUP(K48,DB!$A$4:$B$500,2,0),"") -> EX RON | J48: B5 | K48: - | M48: AFM | O48: =IF(ISBLANK(F48),"RON","") | Q48: =IF(R48="RON",H48,"") | R48: =IF(O48="RON",O48,"") | S48: =IF(R48="RON",C48,"") | T48: =IF(R48="RON",B48,"") | U48: =IF(R48="RON",M48,"")
A49: 32 | B49: PK-LUT | C49: =IF(B49>1,VLOOKUP(B49,DB!$D$4:$E$800,2,0),"") -> A 320 | D49: - | E49: FALSE | F49: 0.29305556 | G49: TRUE | H49: A1 | I49: =IF(K49>1,VLOOKUP(K49,DB!$A$4:$B$500,2,0),"") -> EX RON | J49: =IF(L49>1,VLOOKUP(L49,DB!$A$4:$B$500,2,0),"") -> WARA | K49: - | L49: ID 7581 | M49: =IF(B49>1,VLOOKUP(B49,DB!$D$4:$F$800,3,0),"") -> BATIK AIR | O49: =IF(ISBLANK(F49),"RON","") | Q49: =IF(R49="RON",H49,"") | R49: =IF(O49="RON",O49,"") | S49: =IF(R49="RON",C49,"") | T49: =IF(R49="RON",B49,"") | U49: =IF(R49="RON",M49,"")
A50: 33 | B50: PK-PAH | C50: =IF(B50>1,VLOOKUP(B50,DB!$D$4:$E$800,2,0),"") -> ATR 72 | D50: - | E50: FALSE | F50: 0.23055556 | G50: TRUE | H50: A2 | I50: =IF(K50>1,VLOOKUP(K50,DB!$A$4:$B$500,2,0),"") -> EX RON | J50: =IF(L50>1,VLOOKUP(L50,DB!$A$4:$B$500,2,0),"") -> WIDM | K50: - | L50: IP 7300 | M50: =IF(B50>1,VLOOKUP(B50,DB!$D$4:$F$800,3,0),"") -> PELITA | O50: =IF(ISBLANK(F50),"RON","") | Q50: =IF(R50="RON",H50,"") | R50: =IF(O50="RON",O50,"") | S50: =IF(R50="RON",C50,"") | T50: =IF(R50="RON",B50,"") | U50: =IF(R50="RON",M50,"")
A51: 34 | B51: PK-GJV | C51: =IF(B51>1,VLOOKUP(B51,DB!$D$4:$E$800,2,0),"") -> ATR 72 | D51: - | E51: FALSE | F51: 0.25 | G51: TRUE | H51: A3 | I51: =IF(K51>1,VLOOKUP(K51,DB!$A$4:$B$500,2,0),"") -> EX RON | J51: =IF(L51>1,VLOOKUP(L51,DB!$A$4:$B$500,2,0),"") -> WAHH | K51: - | L51: QG 1100 | M51: =IF(B51>1,VLOOKUP(B51,DB!$D$4:$F$800,3,0),"") -> CITILINK | O51: =IF(ISBLANK(F51),"RON","") | Q51: =IF(R51="RON",H51,"") | R51: =IF(O51="RON",O51,"") | S51: =IF(R51="RON",C51,"") | T51: =IF(R51="RON",B51,"") | U51: =IF(R51="RON",M51,"")
A52: 35 | B52: PK-GFF | C52: =IF(B52>1,VLOOKUP(B52,DB!$D$4:$E$800,2,0),"") -> B 738 | D52: - | E52: FALSE | F52: 0.26388889 | G52: TRUE | H52: B1 | I52: =IF(K52>1,VLOOKUP(K52,DB!$A$4:$B$500,2,0),"") -> EX RON | J52: =IF(L52>1,VLOOKUP(L52,DB!$A$4:$B$500,2,0),"") -> WIMM | K52: - | L52: GA 0180 | M52: =IF(B52>1,VLOOKUP(B52,DB!$D$4:$F$800,3,0),"") -> GARUDA | O52: =IF(ISBLANK(F52),"RON","") | Q52: =IF(R52="RON",H52,"") | R52: =IF(O52="RON",O52,"") | S52: =IF(R52="RON",C52,"") | T52: =IF(R52="RON",B52,"") | U52: =IF(R52="RON",M52,"")
A53: 36 | B53: T7-187 | C53: =IF(B53>1,VLOOKUP(B53,DB!$D$4:$E$800,2,0),"") -> EMB 135 | D53: - | E53: FALSE | F53: 0.29027778 | G53: TRUE | H53: B3 | I53: =IF(K53>1,VLOOKUP(K53,DB!$A$4:$B$500,2,0),"") -> EX RON | J53: WAWP | K53: - | M53: AFM | O53: =IF(ISBLANK(F53),"RON","") | Q53: =IF(R53="RON",H53,"") | R53: =IF(O53="RON",O53,"") | S53: =IF(R53="RON",C53,"") | T53: =IF(R53="RON",B53,"") | U53: =IF(R53="RON",M53,"")
A54: 37 | B54: T7-A187 | C54: =IF(B54>1,VLOOKUP(B54,DB!$D$4:$E$800,2,0),"") -> GLEX | D54: - | E54: FALSE | F54: 0.29825832 | G54: TRUE | H54: B6 | I54: =IF(K54>1,VLOOKUP(K54,DB!$A$4:$B$500,2,0),"") -> EX RON | J54: WAWP | K54: - | M54: AFM | O54: =IF(ISBLANK(F54),"RON","") | Q54: =IF(R54="RON",H54,"") | R54: =IF(O54="RON",O54,"") | S54: =IF(R54="RON",C54,"") | T54: =IF(R54="RON",B54,"") | U54: =IF(R54="RON",M54,"")
A55: 38 | B55: PK-LUY | C55: =IF(B55>1,VLOOKUP(B55,DB!$D$4:$E$800,2,0),"") -> A 320 | D55: - | E55: FALSE | F55: 0.22083333 | G55: TRUE | H55: B7 | I55: =IF(K55>1,VLOOKUP(K55,DB!$A$4:$B$500,2,0),"") -> EX RON | J55: =IF(L55>1,VLOOKUP(L55,DB!$A$4:$B$500,2,0),"") -> WARR | K55: - | L55: ID 7511 | M55: =IF(B55>1,VLOOKUP(B55,DB!$D$4:$F$800,3,0),"") -> BATIK AIR | O55: =IF(ISBLANK(F55),"RON","") | Q55: =IF(R55="RON",H55,"") | R55: =IF(O55="RON",O55,"") | S55: =IF(R55="RON",C55,"") | T55: =IF(R55="RON",B55,"") | U55: =IF(R55="RON",M55,"")
A56: 39 | B56: PK-BKP | C56: =IF(B56>1,VLOOKUP(B56,DB!$D$4:$E$800,2,0),"") -> A 320 | D56: - | E56: FALSE | F56: 0.30174118 | G56: TRUE | H56: B8 | I56: =IF(K56>1,VLOOKUP(K56,DB!$A$4:$B$500,2,0),"") -> EX RON | J56: =IF(L56>1,VLOOKUP(L56,DB!$A$4:$B$500,2,0),"") -> WIPP | K56: - | L56: ID 7053 | M56: =IF(B56>1,VLOOKUP(B56,DB!$D$4:$F$800,3,0),"") -> BATIK AIR | O56: =IF(ISBLANK(F56),"RON","") | Q56: =IF(R56="RON",H56,"") | R56: =IF(O56="RON",O56,"") | S56: =IF(R56="RON",C56,"") | T56: =IF(R56="RON",B56,"") | U56: =IF(R56="RON",M56,"")
A57: 40 | B57: PK-GQP | C57: =IF(B57>1,VLOOKUP(B57,DB!$D$4:$E$800,2,0),"") -> A 320 | D57: - | E57: FALSE | F57: 0.28333333 | G57: TRUE | H57: B9 | I57: =IF(K57>1,VLOOKUP(K57,DB!$A$4:$B$500,2,0),"") -> EX RON | J57: =IF(L57>1,VLOOKUP(L57,DB!$A$4:$B$500,2,0),"") -> WIMN | K57: - | L57: QG 0020 | M57: =IF(B57>1,VLOOKUP(B57,DB!$D$4:$F$800,3,0),"") -> CITILINK | O57: =IF(ISBLANK(F57),"RON","") | Q57: =IF(R57="RON",H57,"") | R57: =IF(O57="RON",O57,"") | S57: =IF(R57="RON",C57,"") | T57: =IF(R57="RON",B57,"") | U57: =IF(R57="RON",M57,"")
A58: 41 | B58: PK-NMI | C58: =IF(B58>1,VLOOKUP(B58,DB!$D$4:$E$800,2,0),"") -> B 733 | D58: - | E58: FALSE | F58: 0.38402778 | G58: TRUE | H58: B10 | I58: =IF(K58>1,VLOOKUP(K58,DB!$A$4:$B$500,2,0),"") -> EX RON | J58: WAOO | K58: - | M58: =IF(B58>1,VLOOKUP(B58,DB!$D$4:$F$800,3,0),"") -> AIRNESIA | O58: =IF(ISBLANK(F58),"RON","") | Q58: =IF(R58="RON",H58,"") | R58: =IF(O58="RON",O58,"") | S58: =IF(R58="RON",C58,"") | T58: =IF(R58="RON",B58,"") | U58: =IF(R58="RON",M58,"")
A59: 42 | B59: T7-977 | C59: =IF(B59>1,VLOOKUP(B59,DB!$D$4:$E$800,2,0),"") -> G IV | D59: 0.19791667 | E59: TRUE | F59: 0.34616833 | G59: TRUE | H59: B5 | I59: RE03 | J59: WAHH | M59: =IF(B59>1,VLOOKUP(B59,DB!$D$4:$F$800,3,0),"") -> JIP | N59: KABIN | O59: =IF(ISBLANK(F59),"RON","") | Q59: =IF(R59="RON",H59,"") | R59: =IF(O59="RON",O59,"") | S59: =IF(R59="RON",C59,"") | T59: =IF(R59="RON",B59,"") | U59: =IF(R59="RON",M59,"")
A60: 43 | B60: PK-YST | C60: =IF(B60>1,VLOOKUP(B60,DB!$D$4:$E$800,2,0),"") -> B 733 | D60: 0.20972222 | E60: TRUE | F60: 0.32762238 | G60: TRUE | H60: B12 | I60: =IF(K60>1,VLOOKUP(K60,DB!$A$4:$B$500,2,0),"") -> WIMM | J60: =IF(L60>1,VLOOKUP(L60,DB!$A$4:$B$500,2,0),"") -> WAGG | K60: IL 702 | L60: IL 7131 | M60: =IF(B60>1,VLOOKUP(B60,DB!$D$4:$F$800,3,0),"") -> TRIGANA | O60: =IF(ISBLANK(F60),"RON","") | Q60: =IF(R60="RON",H60,"") | R60: =IF(O60="RON",O60,"") | S60: =IF(R60="RON",C60,"") | T60: =IF(R60="RON",B60,"") | U60: =IF(R60="RON",M60,"")
A61: 44 | B61: PK-MGZ | C61: =IF(B61>1,VLOOKUP(B61,DB!$D$4:$E$800,2,0),"") -> B 733 | D61: 0.21875 | E61: TRUE | F61: 0.25555556 | G61: TRUE | H61: B13 | I61: =IF(K61>1,VLOOKUP(K61,DB!$A$4:$B$500,2,0),"") -> WSSS | J61: =IF(L61>1,VLOOKUP(L61,DB!$A$4:$B$500,2,0),"") -> WALL | K61: GM 019 | L61: GM 061 | M61: =IF(B61>1,VLOOKUP(B61,DB!$D$4:$F$800,3,0),"") -> TRI MG | O61: =IF(ISBLANK(F61),"RON","") | Q61: =IF(R61="RON",H61,"") | R61: =IF(O61="RON",O61,"") | S61: =IF(R61="RON",C61,"") | T61: =IF(R61="RON",B61,"") | U61: =IF(R61="RON",M61,"")
A62: 45 | B62: T7-777 | C62: =IF(B62>1,VLOOKUP(B62,DB!$D$4:$E$800,2,0),"") -> BBJ | D62: 0.21527778 | E62: TRUE | F62: 0.308769 | G62: TRUE | H62: B4 | I62: SA09 | J62: WAHQ | M62: =IF(B62>1,VLOOKUP(B62,DB!$D$4:$F$800,3,0),"") -> JIP | N62: PANGLIMA TNI | O62: =IF(ISBLANK(F62),"RON","") | Q62: =IF(R62="RON",H62,"") | R62: =IF(O62="RON",O62,"") | S62: =IF(R62="RON",C62,"") | T62: =IF(R62="RON",B62,"") | U62: =IF(R62="RON",M62,"")
A63: 46 | B63: PK-FJA | C63: =IF(B63>1,VLOOKUP(B63,DB!$D$4:$E$800,2,0),"") -> ATR 72 | D63: 0.24166667 | E63: TRUE | F63: 0.33888889 | G63: TRUE | H63: A2 | I63: SA12 | J63: =IF(L63>1,VLOOKUP(L63,DB!$A$4:$B$500,2,0),"") -> WAHH | K63: - | L63: KS 102 | M63: =IF(B63>1,VLOOKUP(B63,DB!$D$4:$F$800,3,0),"") -> FLY JAYA | O63: =IF(ISBLANK(F63),"RON","") | Q63: =IF(R63="RON",H63,"") | R63: =IF(O63="RON",O63,"") | S63: =IF(R63="RON",C63,"") | T63: =IF(R63="RON",B63,"") | U63: =IF(R63="RON",M63,"")
A64: 47 | B64: T7-MYR | C64: =IF(B64>1,VLOOKUP(B64,DB!$D$4:$E$800,2,0),"") -> G VII | D64: 0.24652778 | E64: TRUE | F64: 0.29675619 | G64: TRUE | H64: B11 | I64: HGR | J64: WAAA | M64: =IF(B64>1,VLOOKUP(B64,DB!$D$4:$F$800,3,0),"") -> TRAVIRA | O64: =IF(ISBLANK(F64),"RON","") | Q64: =IF(R64="RON",H64,"") | R64: =IF(O64="RON",O64,"") | S64: =IF(R64="RON",C64,"") | T64: =IF(R64="RON",B64,"") | U64: =IF(R64="RON",M64,"")
A65: 48 | B65: PK-LAF | C65: =IF(B65>1,VLOOKUP(B65,DB!$D$4:$E$800,2,0),"") -> A 320 | D65: 0.25833333 | E65: TRUE | F65: 0.40416667 | G65: TRUE | H65: A3 | I65: =IF(K65>1,VLOOKUP(K65,DB!$A$4:$B$500,2,0),"") -> WARR | J65: =IF(L65>1,VLOOKUP(L65,DB!$A$4:$B$500,2,0),"") -> WAHS | K65: ID 7508 | L65: ID 7557 | M65: =IF(B65>1,VLOOKUP(B65,DB!$D$4:$F$800,3,0),"") -> BATIK AIR | O65: =IF(ISBLANK(F65),"RON","") | Q65: =IF(R65="RON",H65,"") | R65: =IF(O65="RON",O65,"") | S65: =IF(R65="RON",C65,"") | T65: =IF(R65="RON",B65,"") | U65: =IF(R65="RON",M65,"")
A66: 49 | B66: PK-KAS | C66: =IF(B66>1,VLOOKUP(B66,DB!$D$4:$E$800,2,0),"") -> CL 850 | D66: 0.25833333 | E66: TRUE | F66: 0.35833333 | G66: TRUE | H66: B2 | I66: RE02 | J66: WIDD | M66: =IF(B66>1,VLOOKUP(B66,DB!$D$4:$F$800,3,0),"") -> JETSET | O66: =IF(ISBLANK(F66),"RON","") | Q66: =IF(R66="RON",H66,"") | R66: =IF(O66="RON",O66,"") | S66: =IF(R66="RON",C66,"") | T66: =IF(R66="RON",B66,"") | U66: =IF(R66="RON",M66,"")
A67: 50 | B67: PK-YSH | C67: =IF(B67>1,VLOOKUP(B67,DB!$D$4:$E$800,2,0),"") -> B 733 | D67: 0.27916667 | E67: TRUE | F67: 0.36597222 | G67: TRUE | H67: B13 | I67: =IF(K67>1,VLOOKUP(K67,DB!$A$4:$B$500,2,0),"") -> WAAA | J67: =IF(L67>1,VLOOKUP(L67,DB!$A$4:$B$500,2,0),"") -> WAGG | K67: IL 722 | L67: IL 713 | M67: =IF(B67>1,VLOOKUP(B67,DB!$D$4:$F$800,3,0),"") -> TRIGANA | O67: =IF(ISBLANK(F67),"RON","") | Q67: =IF(R67="RON",H67,"") | R67: =IF(O67="RON",O67,"") | S67: =IF(R67="RON",C67,"") | T67: =IF(R67="RON",B67,"") | U67: =IF(R67="RON",M67,"")
A68: 51 | B68: PK-LAM | C68: =IF(B68>1,VLOOKUP(B68,DB!$D$4:$E$800,2,0),"") -> A 320 | D68: 0.32569444 | E68: TRUE | F68: 0.36180556 | G68: TRUE | H68: B4 | I68: =IF(K68>1,VLOOKUP(K68,DB!$A$4:$B$500,2,0),"") -> WIBB | J68: =IF(L68>1,VLOOKUP(L68,DB!$A$4:$B$500,2,0),"") -> WARR | K68: ID 7066 | L68: ID 7513 | M68: =IF(B68>1,VLOOKUP(B68,DB!$D$4:$F$800,3,0),"") -> BATIK AIR | O68: =IF(ISBLANK(F68),"RON","") | Q68: =IF(R68="RON",H68,"") | R68: =IF(O68="RON",O68,"") | S68: =IF(R68="RON",C68,"") | T68: =IF(R68="RON",B68,"") | U68: =IF(R68="RON",M68,"")
A69: 52 | B69: PK-LUP | C69: =IF(B69>1,VLOOKUP(B69,DB!$D$4:$E$800,2,0),"") -> A 320 | D69: 0.33125 | E69: TRUE | F69: 0.38541667 | G69: TRUE | H69: A1 | I69: =IF(K69>1,VLOOKUP(K69,DB!$A$4:$B$500,2,0),"") -> WIPP | J69: =IF(L69>1,VLOOKUP(L69,DB!$A$4:$B$500,2,0),"") -> WADD | K69: ID 7056 | L69: ID 7309 | M69: =IF(B69>1,VLOOKUP(B69,DB!$D$4:$F$800,3,0),"") -> BATIK AIR | O69: =IF(ISBLANK(F69),"RON","") | Q69: =IF(R69="RON",H69,"") | R69: =IF(O69="RON",O69,"") | S69: =IF(R69="RON",C69,"") | T69: =IF(R69="RON",B69,"") | U69: =IF(R69="RON",M69,"")
A70: 53 | B70: PK-VVM | C70: =IF(B70>1,VLOOKUP(B70,DB!$D$4:$E$800,2,0),"") -> C 208 | D70: 0.32986111 | E70: TRUE | F70: 0.36180556 | G70: TRUE | H70: A0 | I70: =IF(K70>1,VLOOKUP(K70,DB!$A$4:$B$500,2,0),"") -> WICN | J70: =IF(L70>1,VLOOKUP(L70,DB!$A$4:$B$500,2,0),"") -> WICN | K70: SI 235 | L70: SI 234 | M70: =IF(B70>1,VLOOKUP(B70,DB!$D$4:$F$800,3,0),"") -> SUSI AIR | O70: =IF(ISBLANK(F70),"RON","") | Q70: =IF(R70="RON",H70,"") | R70: =IF(O70="RON",O70,"") | S70: =IF(R70="RON",C70,"") | T70: =IF(R70="RON",B70,"") | U70: =IF(R70="RON",M70,"")
A71: 54 | B71: PK-LUY | C71: =IF(B71>1,VLOOKUP(B71,DB!$D$4:$E$800,2,0),"") -> A 320 | D71: 0.35972222 | E71: TRUE | F71: 0.39236111 | G71: TRUE | H71: B1 | I71: =IF(K71>1,VLOOKUP(K71,DB!$A$4:$B$500,2,0),"") -> WARR | J71: =IF(L71>1,VLOOKUP(L71,DB!$A$4:$B$500,2,0),"") -> WARR | K71: ID 7510 | L71: ID 7517 | M71: =IF(B71>1,VLOOKUP(B71,DB!$D$4:$F$800,3,0),"") -> BATIK AIR | O71: =IF(ISBLANK(F71),"RON","") | Q71: =IF(R71="RON",H71,"") | R71: =IF(O71="RON",O71,"") | S71: =IF(R71="RON",C71,"") | T71: =IF(R71="RON",B71,"") | U71: =IF(R71="RON",M71,"")
A72: 55 | B72: N-227GV | C72: =IF(B72>1,VLOOKUP(B72,DB!$D$4:$E$800,2,0),"") -> L 1000 | D72: 0.36875 | E72: TRUE | F72: 0.43194444 | G72: TRUE | H72: B3 | I72: SA04 | J72: WSSL | M72: =IF(B72>1,VLOOKUP(B72,DB!$D$4:$F$800,3,0),"") -> PREMI | O72: =IF(ISBLANK(F72),"RON","") | Q72: =IF(R72="RON",H72,"") | R72: =IF(O72="RON",O72,"") | S72: =IF(R72="RON",C72,"") | T72: =IF(R72="RON",B72,"") | U72: =IF(R72="RON",M72,"")
A73: 56 | B73: PK-BBJ | C73: =IF(B73>1,VLOOKUP(B73,DB!$D$4:$E$800,2,0),"") -> B 734 | D73: 0.38055556 | E73: TRUE | F73: 0.50277778 | G73: TRUE | H73: B12 | I73: =IF(K73>1,VLOOKUP(K73,DB!$A$4:$B$500,2,0),"") -> WAMM | J73: =IF(L73>1,VLOOKUP(L73,DB!$A$4:$B$500,2,0),"") -> WIOO | K73: 0B 5022 | L73: 0B 5611 | M73: =IF(B73>1,VLOOKUP(B73,DB!$D$4:$F$800,3,0),"") -> B. B. N. | O73: =IF(ISBLANK(F73),"RON","") | Q73: =IF(R73="RON",H73,"") | R73: =IF(O73="RON",O73,"") | S73: =IF(R73="RON",C73,"") | T73: =IF(R73="RON",B73,"") | U73: =IF(R73="RON",M73,"")
A74: 57 | B74: PK-RSS | C74: =IF(B74>1,VLOOKUP(B74,DB!$D$4:$E$800,2,0),"") -> EMB 135 | D74: 0.38402778 | E74: TRUE | F74: 0.4625 | G74: TRUE | H74: B5 | I74: SA15 | J74: WADD | M74: KARISMA | O74: =IF(ISBLANK(F74),"RON","") | Q74: =IF(R74="RON",H74,"") | R74: =IF(O74="RON",O74,"") | S74: =IF(R74="RON",C74,"") | T74: =IF(R74="RON",B74,"") | U74: =IF(R74="RON",M74,"")
A75: 58 | B75: PK-GJV | C75: =IF(B75>1,VLOOKUP(B75,DB!$D$4:$E$800,2,0),"") -> ATR 72 | D75: 0.3875 | E75: TRUE | F75: 0.41736111 | G75: TRUE | H75: B2 | I75: =IF(K75>1,VLOOKUP(K75,DB!$A$4:$B$500,2,0),"") -> WAHH | J75: =IF(L75>1,VLOOKUP(L75,DB!$A$4:$B$500,2,0),"") -> WAHH | K75: QG 1101 | L75: QG 1104 | M75: =IF(B75>1,VLOOKUP(B75,DB!$D$4:$F$800,3,0),"") -> CITILINK | O75: =IF(ISBLANK(F75),"RON","") | Q75: =IF(R75="RON",H75,"") | R75: =IF(O75="RON",O75,"") | S75: =IF(R75="RON",C75,"") | T75: =IF(R75="RON",B75,"") | U75: =IF(R75="RON",M75,"")
A76: 59 | B76: T7-777 | C76: =IF(B76>1,VLOOKUP(B76,DB!$D$4:$E$800,2,0),"") -> BBJ | D76: 0.40694444 | E76: TRUE | F76: 0.44305556 | G76: TRUE | H76: B6 | I76: WAHH | J76: SA04 | M76: =IF(B76>1,VLOOKUP(B76,DB!$D$4:$F$800,3,0),"") -> JIP | O76: =IF(ISBLANK(F76),"RON","") | Q76: =IF(R76="RON",H76,"") | R76: =IF(O76="RON",O76,"") | S76: =IF(R76="RON",C76,"") | T76: =IF(R76="RON",B76,"") | U76: =IF(R76="RON",M76,"")
A77: 60 | B77: PK-FGG | C77: =IF(B77>1,VLOOKUP(B77,DB!$D$4:$E$800,2,0),"") -> EC 45 | D77: 0.39722222 | E77: TRUE | F77: 0.51944444 | G77: TRUE | H77: WR01 | I77: TEGAL | J77: LOCAL | M77: SURYA AIR | O77: =IF(ISBLANK(F77),"RON","") | Q77: =IF(R77="RON",H77,"") | R77: =IF(O77="RON",O77,"") | S77: =IF(R77="RON",C77,"") | T77: =IF(R77="RON",B77,"") | U77: =IF(R77="RON",M77,"")
A78: 61 | B78: PK-GTA | C78: =IF(B78>1,VLOOKUP(B78,DB!$D$4:$E$800,2,0),"") -> A 320 | D78: 0.41388889 | E78: TRUE | F78: 0.45 | G78: TRUE | H78: B1 | I78: =IF(K78>1,VLOOKUP(K78,DB!$A$4:$B$500,2,0),"") -> WARR | J78: =IF(L78>1,VLOOKUP(L78,DB!$A$4:$B$500,2,0),"") -> WIPP | K78: QG 0171 | L78: QG 0088 | M78: =IF(B78>1,VLOOKUP(B78,DB!$D$4:$F$800,3,0),"") -> CITILINK | O78: =IF(ISBLANK(F78),"RON","") | Q78: =IF(R78="RON",H78,"") | R78: =IF(O78="RON",O78,"") | S78: =IF(R78="RON",C78,"") | T78: =IF(R78="RON",B78,"") | U78: =IF(R78="RON",M78,"")
A79: 62 | B79: PK-NMI | C79: =IF(B79>1,VLOOKUP(B79,DB!$D$4:$E$800,2,0),"") -> B 733 | D79: 0.40277778 | E79: TRUE | G79: FALSE | H79: B11 | I79: RTB | J79: =IF(L79>1,VLOOKUP(L79,DB!$A$4:$B$500,2,0),"") | M79: =IF(B79>1,VLOOKUP(B79,DB!$D$4:$F$800,3,0),"") -> AIRNESIA | O79: =IF(ISBLANK(F79),"RON","") -> RON | Q79: =IF(R79="RON",H79,"") -> B11 | R79: =IF(O79="RON",O79,"") -> RON | S79: =IF(R79="RON",C79,"") -> B 733 | T79: =IF(R79="RON",B79,"") -> PK-NMI | U79: =IF(R79="RON",M79,"") -> AIRNESIA
A80: 63 | B80: PK-BKP | C80: =IF(B80>1,VLOOKUP(B80,DB!$D$4:$E$800,2,0),"") -> A 320 | D80: 0.43472222 | E80: TRUE | F80: 0.46388889 | G80: TRUE | H80: A1 | I80: =IF(K80>1,VLOOKUP(K80,DB!$A$4:$B$500,2,0),"") -> WIPP | J80: =IF(L80>1,VLOOKUP(L80,DB!$A$4:$B$500,2,0),"") -> WAHQ | K80: ID 7054 | L80: ID 7531 | M80: =IF(B80>1,VLOOKUP(B80,DB!$D$4:$F$800,3,0),"") -> BATIK AIR | O80: =IF(ISBLANK(F80),"RON","") | Q80: =IF(R80="RON",H80,"") | R80: =IF(O80="RON",O80,"") | S80: =IF(R80="RON",C80,"") | T80: =IF(R80="RON",B80,"") | U80: =IF(R80="RON",M80,"")
A81: 64 | B81: PK-LUT | C81: =IF(B81>1,VLOOKUP(B81,DB!$D$4:$E$800,2,0),"") -> A 320 | D81: 0.44166667 | E81: TRUE | F81: 0.46944444 | G81: TRUE | H81: A2 | I81: =IF(K81>1,VLOOKUP(K81,DB!$A$4:$B$500,2,0),"") -> WARA | J81: =IF(L81>1,VLOOKUP(L81,DB!$A$4:$B$500,2,0),"") -> WARA | K81: ID 7580 | L81: ID 7583 | M81: =IF(B81>1,VLOOKUP(B81,DB!$D$4:$F$800,3,0),"") -> BATIK AIR | O81: =IF(ISBLANK(F81),"RON","") | Q81: =IF(R81="RON",H81,"") | R81: =IF(O81="RON",O81,"") | S81: =IF(R81="RON",C81,"") | T81: =IF(R81="RON",B81,"") | U81: =IF(R81="RON",M81,"")
A82: 65 | B82: PK-MGZ | C82: =IF(B82>1,VLOOKUP(B82,DB!$D$4:$E$800,2,0),"") -> B 733 | D82: 0.46944444 | E82: TRUE | F82: 0.67291667 | G82: TRUE | H82: B13 | I82: =IF(K82>1,VLOOKUP(K82,DB!$A$4:$B$500,2,0),"") -> WALL | J82: WALL | K82: GM 030 | M82: =IF(B82>1,VLOOKUP(B82,DB!$D$4:$F$800,3,0),"") -> TRI MG | O82: =IF(ISBLANK(F82),"RON","") | Q82: =IF(R82="RON",H82,"") | R82: =IF(O82="RON",O82,"") | S82: =IF(R82="RON",C82,"") | T82: =IF(R82="RON",B82,"") | U82: =IF(R82="RON",M82,"")
A83: 66 | B83: PK-TWW | C83: =IF(B83>1,VLOOKUP(B83,DB!$D$4:$E$800,2,0),"") -> C 212 | D83: 0.46041667 | E83: TRUE | F83: 0.47152778 | G83: TRUE | H83: A3 | I83: WILB | J83: HGR | M83: =IF(B83>1,VLOOKUP(B83,DB!$D$4:$F$800,3,0),"") -> TRANSWISATA | O83: =IF(ISBLANK(F83),"RON","") | Q83: =IF(R83="RON",H83,"") | R83: =IF(O83="RON",O83,"") | S83: =IF(R83="RON",C83,"") | T83: =IF(R83="RON",B83,"") | U83: =IF(R83="RON",M83,"")
A84: 67 | B84: PK-LUS | C84: =IF(B84>1,VLOOKUP(B84,DB!$D$4:$E$800,2,0),"") -> A 320 | D84: 0.44236111 | E84: TRUE | F84: 0.52013889 | G84: TRUE | H84: B8 | I84: SA13 | J84: =IF(L84>1,VLOOKUP(L84,DB!$A$4:$B$500,2,0),"") -> WARR | L84: ID 7515 | M84: =IF(B84>1,VLOOKUP(B84,DB!$D$4:$F$800,3,0),"") -> BATIK AIR | O84: =IF(ISBLANK(F84),"RON","") | Q84: =IF(R84="RON",H84,"") | R84: =IF(O84="RON",O84,"") | S84: =IF(R84="RON",C84,"") | T84: =IF(R84="RON",B84,"") | U84: =IF(R84="RON",M84,"")
A85: 68 | B85: T7-777 | C85: =IF(B85>1,VLOOKUP(B85,DB!$D$4:$E$800,2,0),"") -> BBJ | D85: 0.45069444 | E85: TRUE | F85: 0.77152778 | G85: TRUE | H85: SA04 | I85: B6 | J85: B4 | M85: =IF(B85>1,VLOOKUP(B85,DB!$D$4:$F$800,3,0),"") -> JIP | O85: =IF(ISBLANK(F85),"RON","") | Q85: =IF(R85="RON",H85,"") | R85: =IF(O85="RON",O85,"") | S85: =IF(R85="RON",C85,"") | T85: =IF(R85="RON",B85,"") | U85: =IF(R85="RON",M85,"") | X85: :
A86: 69 | B86: PK-GQP | C86: =IF(B86>1,VLOOKUP(B86,DB!$D$4:$E$800,2,0),"") -> A 320 | D86: 0.49930556 | E86: TRUE | F86: 0.52986111 | G86: TRUE | H86: B1 | I86: =IF(K86>1,VLOOKUP(K86,DB!$A$4:$B$500,2,0),"") -> WIMN | J86: =IF(L86>1,VLOOKUP(L86,DB!$A$4:$B$500,2,0),"") -> WARA | K86: QG 0021 | L86: QG 0164 | M86: =IF(B86>1,VLOOKUP(B86,DB!$D$4:$F$800,3,0),"") -> CITILINK | O86: =IF(ISBLANK(F86),"RON","") | Q86: =IF(R86="RON",H86,"") | R86: =IF(O86="RON",O86,"") | S86: =IF(R86="RON",C86,"") | T86: =IF(R86="RON",B86,"") | U86: =IF(R86="RON",M86,"")
A87: 70 | B87: PK-GFF | C87: =IF(B87>1,VLOOKUP(B87,DB!$D$4:$E$800,2,0),"") -> B 738 | D87: 0.50555556 | E87: TRUE | F87: 0.54597382 | G87: TRUE | H87: B2 | I87: =IF(K87>1,VLOOKUP(K87,DB!$A$4:$B$500,2,0),"") -> WIMM | J87: =IF(L87>1,VLOOKUP(L87,DB!$A$4:$B$500,2,0),"") -> WARR | K87: GA 0181 | L87: GA 0330 | M87: =IF(B87>1,VLOOKUP(B87,DB!$D$4:$F$800,3,0),"") -> GARUDA | O87: =IF(ISBLANK(F87),"RON","") | Q87: =IF(R87="RON",H87,"") | R87: =IF(O87="RON",O87,"") | S87: =IF(R87="RON",C87,"") | T87: =IF(R87="RON",B87,"") | U87: =IF(R87="RON",M87,"")
A88: 71 | B88: PK-YST | C88: =IF(B88>1,VLOOKUP(B88,DB!$D$4:$E$800,2,0),"") -> B 733 | D88: 0.50972222 | E88: TRUE | F88: 0.66527778 | G88: TRUE | H88: B12 | I88: =IF(K88>1,VLOOKUP(K88,DB!$A$4:$B$500,2,0),"") -> WAGG | J88: =IF(L88>1,VLOOKUP(L88,DB!$A$4:$B$500,2,0),"") -> WAOO | K88: IL 7141 | L88: IL 725 | M88: =IF(B88>1,VLOOKUP(B88,DB!$D$4:$F$800,3,0),"") -> TRIGANA | O88: =IF(ISBLANK(F88),"RON","") | Q88: =IF(R88="RON",H88,"") | R88: =IF(O88="RON",O88,"") | S88: =IF(R88="RON",C88,"") | T88: =IF(R88="RON",B88,"") | U88: =IF(R88="RON",M88,"")
A89: 72 | B89: PK-LAM | C89: =IF(B89>1,VLOOKUP(B89,DB!$D$4:$E$800,2,0),"") -> A 320 | D89: 0.52083333 | E89: TRUE | F89: 0.55555556 | G89: TRUE | H89: A3 | I89: =IF(K89>1,VLOOKUP(K89,DB!$A$4:$B$500,2,0),"") -> WARR | J89: =IF(L89>1,VLOOKUP(L89,DB!$A$4:$B$500,2,0),"") -> WIPP | K89: ID 7516 | L89: ID 7051 | M89: =IF(B89>1,VLOOKUP(B89,DB!$D$4:$F$800,3,0),"") -> BATIK AIR | O89: =IF(ISBLANK(F89),"RON","") | Q89: =IF(R89="RON",H89,"") | R89: =IF(O89="RON",O89,"") | S89: =IF(R89="RON",C89,"") | T89: =IF(R89="RON",B89,"") | U89: =IF(R89="RON",M89,"")
A90: 73 | B90: T7-MYR | C90: =IF(B90>1,VLOOKUP(B90,DB!$D$4:$E$800,2,0),"") -> G VII | D90: 0.52708333 | E90: TRUE | F90: 0.53680556 | G90: TRUE | H90: B7 | I90: WAAA | J90: HGR | M90: =IF(B90>1,VLOOKUP(B90,DB!$D$4:$F$800,3,0),"") -> TRAVIRA | O90: =IF(ISBLANK(F90),"RON","") | Q90: =IF(R90="RON",H90,"") | R90: =IF(O90="RON",O90,"") | S90: =IF(R90="RON",C90,"") | T90: =IF(R90="RON",B90,"") | U90: =IF(R90="RON",M90,"")
A91: 74 | B91: M-PTGG | C91: =IF(B91>1,VLOOKUP(B91,DB!$D$4:$E$800,2,0),"") -> FAL 8X | D91: 0.51597222 | E91: TRUE | F91: 0.60277778 | G91: TRUE | H91: B9 | I91: WARD | J91: WSSL | M91: AFM | O91: =IF(ISBLANK(F91),"RON","") | Q91: =IF(R91="RON",H91,"") | R91: =IF(O91="RON",O91,"") | S91: =IF(R91="RON",C91,"") | T91: =IF(R91="RON",B91,"") | U91: =IF(R91="RON",M91,"")
A92: 75 | B92: PK-LAF | C92: =IF(B92>1,VLOOKUP(B92,DB!$D$4:$E$800,2,0),"") -> A 320 | D92: 0.52916667 | E92: TRUE | F92: 0.5689803 | G92: TRUE | H92: A1 | I92: =IF(K92>1,VLOOKUP(K92,DB!$A$4:$B$500,2,0),"") -> WAHS | J92: =IF(L92>1,VLOOKUP(L92,DB!$A$4:$B$500,2,0),"") -> WAHI | K92: ID 7556 | L92: ID 7539 | M92: =IF(B92>1,VLOOKUP(B92,DB!$D$4:$F$800,3,0),"") -> BATIK AIR | O92: =IF(ISBLANK(F92),"RON","") | Q92: =IF(R92="RON",H92,"") | R92: =IF(O92="RON",O92,"") | S92: =IF(R92="RON",C92,"") | T92: =IF(R92="RON",B92,"") | U92: =IF(R92="RON",M92,"")
A93: 76 | B93: PK-LUY | C93: =IF(B93>1,VLOOKUP(B93,DB!$D$4:$E$800,2,0),"") -> A 320 | D93: 0.53888889 | E93: TRUE | F93: 0.56683611 | G93: TRUE | H93: A2 | I93: =IF(K93>1,VLOOKUP(K93,DB!$A$4:$B$500,2,0),"") -> WARR | J93: =IF(L93>1,VLOOKUP(L93,DB!$A$4:$B$500,2,0),"") -> WARR | K93: ID 7520 | L93: ID 7501 | M93: =IF(B93>1,VLOOKUP(B93,DB!$D$4:$F$800,3,0),"") -> BATIK AIR | O93: =IF(ISBLANK(F93),"RON","") | Q93: =IF(R93="RON",H93,"") | R93: =IF(O93="RON",O93,"") | S93: =IF(R93="RON",C93,"") | T93: =IF(R93="RON",B93,"") | U93: =IF(R93="RON",M93,"")
A94: 77 | B94: Z-J121 | C94: =IF(B94>1,VLOOKUP(B94,DB!$D$4:$E$800,2,0),"") -> AW 101 | D94: 0.51180556 | E94: TRUE | F94: 0.53888889 | G94: TRUE | H94: B6 | I94: KAPAL INDUK | J94: KAPAL INDUK | M94: =IF(B94>1,VLOOKUP(B94,DB!$D$4:$F$800,3,0),"") | O94: =IF(ISBLANK(F94),"RON","") | Q94: =IF(R94="RON",H94,"") | R94: =IF(O94="RON",O94,"") | S94: =IF(R94="RON",C94,"") | T94: =IF(R94="RON",B94,"") | U94: =IF(R94="RON",M94,"")
A95: 78 | B95: PK-GJV | C95: =IF(B95>1,VLOOKUP(B95,DB!$D$4:$E$800,2,0),"") -> ATR 72 | D95: 0.55972222 | E95: TRUE | F95: 0.58480594 | G95: TRUE | H95: B1 | I95: =IF(K95>1,VLOOKUP(K95,DB!$A$4:$B$500,2,0),"") -> WAHH | J95: =IF(L95>1,VLOOKUP(L95,DB!$A$4:$B$500,2,0),"") -> WAHH | K95: QG 1103 | L95: QG 1102 | M95: =IF(B95>1,VLOOKUP(B95,DB!$D$4:$F$800,3,0),"") -> CITILINK | O95: =IF(ISBLANK(F95),"RON","") | Q95: =IF(R95="RON",H95,"") | R95: =IF(O95="RON",O95,"") | S95: =IF(R95="RON",C95,"") | T95: =IF(R95="RON",B95,"") | U95: =IF(R95="RON",M95,"")
A96: 79 | B96: PK-DBM | C96: =IF(B96>1,VLOOKUP(B96,DB!$D$4:$E$800,2,0),"") -> AS 350 | D96: 0.53125 | E96: TRUE | F96: 0.57152778 | G96: TRUE | H96: WR01 | I96: HGR | J96: HGR | M96: =IF(B96>1,VLOOKUP(B96,DB!$D$4:$F$800,3,0),"") -> DERAZONA | O96: =IF(ISBLANK(F96),"RON","") | Q96: =IF(R96="RON",H96,"") | R96: =IF(O96="RON",O96,"") | S96: =IF(R96="RON",C96,"") | T96: =IF(R96="RON",B96,"") | U96: =IF(R96="RON",M96,"")
A97: 80 | B97: PK-YSH | C97: =IF(B97>1,VLOOKUP(B97,DB!$D$4:$E$800,2,0),"") -> B 733 | D97: 0.55138889 | E97: TRUE | F97: 0.64444444 | G97: TRUE | H97: B10 | I97: =IF(K97>1,VLOOKUP(K97,DB!$A$4:$B$500,2,0),"") -> WAGG | J97: =IF(L97>1,VLOOKUP(L97,DB!$A$4:$B$500,2,0),"") -> WIKK | K97: IL 714 | L97: IL 715 | M97: =IF(B97>1,VLOOKUP(B97,DB!$D$4:$F$800,3,0),"") -> TRIGANA | O97: =IF(ISBLANK(F97),"RON","") | Q97: =IF(R97="RON",H97,"") | R97: =IF(O97="RON",O97,"") | S97: =IF(R97="RON",C97,"") | T97: =IF(R97="RON",B97,"") | U97: =IF(R97="RON",M97,"")
A98: 81 | B98: PK-FGG | C98: =IF(B98>1,VLOOKUP(B98,DB!$D$4:$E$800,2,0),"") -> EC 45 | D98: 0.53263889 | E98: TRUE | F98: 0.57490731 | G98: TRUE | H98: WR02 | I98: LOCAL | J98: LOCAL | M98: =IF(B98>1,VLOOKUP(B98,DB!$D$4:$F$800,3,0),"") -> SURYA AIR | O98: =IF(ISBLANK(F98),"RON","") | Q98: =IF(R98="RON",H98,"") | R98: =IF(O98="RON",O98,"") | S98: =IF(R98="RON",C98,"") | T98: =IF(R98="RON",B98,"") | U98: =IF(R98="RON",M98,"")
A99: 82 | B99: VP-CLL | C99: =IF(B99>1,VLOOKUP(B99,DB!$D$4:$E$800,2,0),"") -> EMB 135 | D99: 0.55555556 | E99: TRUE | F99: 0.67569444 | G99: TRUE | H99: B4 | I99: SA01 | J99: WARA | M99: KARISMA | O99: =IF(ISBLANK(F99),"RON","") | Q99: =IF(R99="RON",H99,"") | R99: =IF(O99="RON",O99,"") | S99: =IF(R99="RON",C99,"") | T99: =IF(R99="RON",B99,"") | U99: =IF(R99="RON",M99,"")
A100: 83 | B100: PK-LUP | C100: =IF(B100>1,VLOOKUP(B100,DB!$D$4:$E$800,2,0),"") -> A 320 | D100: 0.57152778 | E100: TRUE | F100: 0.62847222 | G100: TRUE | H100: A3 | I100: =IF(K100>1,VLOOKUP(K100,DB!$A$4:$B$500,2,0),"") -> WADD | J100: =IF(L100>1,VLOOKUP(L100,DB!$A$4:$B$500,2,0),"") -> WIMM | K100: ID 7308 | L100: ID 7011 | M100: =IF(B100>1,VLOOKUP(B100,DB!$D$4:$F$800,3,0),"") -> BATIK AIR | O100: =IF(ISBLANK(F100),"RON","") | Q100: =IF(R100="RON",H100,"") | R100: =IF(O100="RON",O100,"") | S100: =IF(R100="RON",C100,"") | T100: =IF(R100="RON",B100,"") | U100: =IF(R100="RON",M100,"")
A101: 84 | B101: PK-BKP | C101: =IF(B101>1,VLOOKUP(B101,DB!$D$4:$E$800,2,0),"") -> A 320 | D101: 0.575 | E101: TRUE | F101: 0.60208333 | G101: TRUE | H101: B2 | I101: =IF(K101>1,VLOOKUP(K101,DB!$A$4:$B$500,2,0),"") -> WAHQ | J101: =IF(L101>1,VLOOKUP(L101,DB!$A$4:$B$500,2,0),"") -> WAHS | K101: ID 7532 | L101: ID 7559 | M101: =IF(B101>1,VLOOKUP(B101,DB!$D$4:$F$800,3,0),"") -> BATIK AIR | O101: =IF(ISBLANK(F101),"RON","") | Q101: =IF(R101="RON",H101,"") | R101: =IF(O101="RON",O101,"") | S101: =IF(R101="RON",C101,"") | T101: =IF(R101="RON",B101,"") | U101: =IF(R101="RON",M101,"")
A102: 85 | B102: PK-GTA | C102: =IF(B102>1,VLOOKUP(B102,DB!$D$4:$E$800,2,0),"") -> A 320 | D102: 0.58402778 | E102: TRUE | F102: 0.60555556 | G102: TRUE | H102: B3 | I102: =IF(K102>1,VLOOKUP(K102,DB!$A$4:$B$500,2,0),"") -> WIPP | J102: =IF(L102>1,VLOOKUP(L102,DB!$A$4:$B$500,2,0),"") -> WARR | K102: QG 0089 | L102: QG 0174 | M102: =IF(B102>1,VLOOKUP(B102,DB!$D$4:$F$800,3,0),"") -> CITILINK | O102: =IF(ISBLANK(F102),"RON","") | Q102: =IF(R102="RON",H102,"") | R102: =IF(O102="RON",O102,"") | S102: =IF(R102="RON",C102,"") | T102: =IF(R102="RON",B102,"") | U102: =IF(R102="RON",M102,"")
A103: 86 | B103: N-227GV | C103: =IF(B103>1,VLOOKUP(B103,DB!$D$4:$E$800,2,0),"") -> L 1000 | D103: 0.59375 | E103: TRUE | F103: 0.61111111 | G103: TRUE | H103: B6 | I103: WSSL | J103: SA01 | M103: =IF(B103>1,VLOOKUP(B103,DB!$D$4:$F$800,3,0),"") -> PREMI | O103: =IF(ISBLANK(F103),"RON","") | Q103: =IF(R103="RON",H103,"") | R103: =IF(O103="RON",O103,"") | S103: =IF(R103="RON",C103,"") | T103: =IF(R103="RON",B103,"") | U103: =IF(R103="RON",M103,"")
A104: 87 | B104: PK-LUT | C104: =IF(B104>1,VLOOKUP(B104,DB!$D$4:$E$800,2,0),"") -> A 320 | D104: 0.60763889 | E104: TRUE | F104: 0.64583333 | G104: TRUE | H104: A2 | I104: =IF(K104>1,VLOOKUP(K104,DB!$A$4:$B$500,2,0),"") -> WARA | J104: =IF(L104>1,VLOOKUP(L104,DB!$A$4:$B$500,2,0),"") -> WIEE | K104: ID 7582 | L104: ID 7109 | M104: =IF(B104>1,VLOOKUP(B104,DB!$D$4:$F$800,3,0),"") -> BATIK AIR | O104: =IF(ISBLANK(F104),"RON","") | Q104: =IF(R104="RON",H104,"") | R104: =IF(O104="RON",O104,"") | S104: =IF(R104="RON",C104,"") | T104: =IF(R104="RON",B104,"") | U104: =IF(R104="RON",M104,"")
A105: 88 | B105: PK-FGG | C105: =IF(B105>1,VLOOKUP(B105,DB!$D$4:$E$800,2,0),"") -> EC 45 | D105: 0.59097222 | E105: TRUE | F105: 0.60763889 | G105: TRUE | H105: B7 | I105: LOCAL | J105: LOCAL | M105: =IF(B105>1,VLOOKUP(B105,DB!$D$4:$F$800,3,0),"") -> SURYA AIR | O105: =IF(ISBLANK(F105),"RON","") | Q105: =IF(R105="RON",H105,"") | R105: =IF(O105="RON",O105,"") | S105: =IF(R105="RON",C105,"") | T105: =IF(R105="RON",B105,"") | U105: =IF(R105="RON",M105,"")
A106: 89 | B106: N-227GV | C106: =IF(B106>1,VLOOKUP(B106,DB!$D$4:$E$800,2,0),"") -> L 1000 | D106: 0.61805556 | E106: TRUE | G106: FALSE | H106: SA01 | I106: B6 | J106: =IF(L106>1,VLOOKUP(L106,DB!$A$4:$B$500,2,0),"") | M106: =IF(B106>1,VLOOKUP(B106,DB!$D$4:$F$800,3,0),"") -> PREMI | O106: =IF(ISBLANK(F106),"RON","") -> RON | Q106: =IF(R106="RON",H106,"") -> SA01 | R106: =IF(O106="RON",O106,"") -> RON | S106: =IF(R106="RON",C106,"") -> L 1000 | T106: =IF(R106="RON",B106,"") -> N-227GV | U106: =IF(R106="RON",M106,"") -> PREMI
...

Sheet 04
A1: APRON MOVEMENT SHEET HALIM PERDANAKUSUMA
A7: AERODROME : | C7: WIHH
A8: TANGGAL : | C8: 45842
A9: PETUGAS AMC | C9: PAGI SIANG ( 07:00 - 18:59) | E9: MALAM (19:00 - 06:59)
C10: MALDIKA HASIBUAN | E10: NIKON
C11: NUZAR AFRIAN | E11: RYAN KHALIQ
C12: PELTU SUCIADI | E12: SERDA JIM MIM
C13: AHCMAD FAUZI
A15: NO | B15: REGISTRATION | C15: TYPE | D15: TIME OF | H15: PARKING STAND | I15: FROM | J15: TO | K15: FLIGHT NO | M15: OPERATOR / AIRLINES | N15: REMARKS | O15: STATUS
D16: ON BLOCK | F16: OFF BLOCK | K16: ARR | L16: DEP
Q17: 1 | R17: 2 | S17: 3 | T17: 4 | U17: 5
A18: 1 | B18: PK-VCD | C18: =IF(B18>1,VLOOKUP(B18,DB!$D$4:$E$800,2,0),"") -> PA 34 | D18: - | E18: FALSE | G18: FALSE | H18: NSA01 | I18: =IF(K18>1,VLOOKUP(K18,DB!$A$4:$B$500,2,0),"") | J18: =IF(L18>1,VLOOKUP(L18,DB!$A$4:$B$500,2,0),"") | M18: =IF(B18>1,VLOOKUP(B18,DB!$D$4:$F$800,3,0),"") -> PENAS | N18: UNSERVICEABLE | O18: =IF(ISBLANK(F18),"RON","") -> RON | Q18: =IF(R18="RON",H18,"") -> NSA01 | R18: =IF(O18="RON",O18,"") -> RON | S18: =IF(R18="RON",C18,"") -> PA 34 | T18: =IF(R18="RON",B18,"") -> PK-VCD | U18: =IF(R18="RON",M18,"") -> PENAS
A19: 2 | B19: PK-RSO | C19: =IF(B19>1,VLOOKUP(B19,DB!$D$4:$E$800,2,0),"") -> CT 650 | D19: - | E19: FALSE | G19: FALSE | H19: NSA02 | I19: =IF(K19>1,VLOOKUP(K19,DB!$A$4:$B$500,2,0),"") | J19: =IF(L19>1,VLOOKUP(L19,DB!$A$4:$B$500,2,0),"") | M19: =IF(B19>1,VLOOKUP(B19,DB!$D$4:$F$800,3,0),"") -> ENGGANG | N19: UNSERVICEABLE | O19: =IF(ISBLANK(F19),"RON","") -> RON | Q19: =IF(R19="RON",H19,"") -> NSA02 | R19: =IF(O19="RON",O19,"") -> RON | S19: =IF(R19="RON",C19,"") -> CT 650 | T19: =IF(R19="RON",B19,"") -> PK-RSO | U19: =IF(R19="RON",M19,"") -> ENGGANG
A20: 3 | B20: PK-RDA | C20: =IF(B20>1,VLOOKUP(B20,DB!$D$4:$E$800,2,0),"") -> HK 900 | D20: - | E20: FALSE | G20: FALSE | H20: NSA03 | I20: =IF(K20>1,VLOOKUP(K20,DB!$A$4:$B$500,2,0),"") | J20: =IF(L20>1,VLOOKUP(L20,DB!$A$4:$B$500,2,0),"") | M20: =IF(B20>1,VLOOKUP(B20,DB!$D$4:$F$800,3,0),"") -> TRI MG | N20: UNSERVICEABLE | O20: =IF(ISBLANK(F20),"RON","") -> RON | Q20: =IF(R20="RON",H20,"") -> NSA03 | R20: =IF(O20="RON",O20,"") -> RON | S20: =IF(R20="RON",C20,"") -> HK 900 | T20: =IF(R20="RON",B20,"") -> PK-RDA | U20: =IF(R20="RON",M20,"") -> TRI MG
A21: 4 | B21: PK-YGK | C21: =IF(B21>1,VLOOKUP(B21,DB!$D$4:$E$800,2,0),"") -> HK 400 | D21: - | E21: FALSE | G21: FALSE | H21: NSA04 | I21: =IF(K21>1,VLOOKUP(K21,DB!$A$4:$B$500,2,0),"") | J21: =IF(L21>1,VLOOKUP(L21,DB!$A$4:$B$500,2,0),"") | M21: =IF(B21>1,VLOOKUP(B21,DB!$D$4:$F$800,3,0),"") -> TRI MG | N21: UNSERVICEABLE | O21: =IF(ISBLANK(F21),"RON","") -> RON | Q21: =IF(R21="RON",H21,"") -> NSA04 | R21: =IF(O21="RON",O21,"") -> RON | S21: =IF(R21="RON",C21,"") -> HK 400 | T21: =IF(R21="RON",B21,"") -> PK-YGK | U21: =IF(R21="RON",M21,"") -> TRI MG
A22: 5 | B22: PK-YGR | C22: =IF(B22>1,VLOOKUP(B22,DB!$D$4:$E$800,2,0),"") -> HK 800 | D22: - | E22: FALSE | G22: FALSE | H22: NSA05 | I22: =IF(K22>1,VLOOKUP(K22,DB!$A$4:$B$500,2,0),"") | J22: =IF(L22>1,VLOOKUP(L22,DB!$A$4:$B$500,2,0),"") | M22: =IF(B22>1,VLOOKUP(B22,DB!$D$4:$F$800,3,0),"") -> TRI MG | N22: UNSERVICEABLE | O22: =IF(ISBLANK(F22),"RON","") -> RON | Q22: =IF(R22="RON",H22,"") -> NSA05 | R22: =IF(O22="RON",O22,"") -> RON | S22: =IF(R22="RON",C22,"") -> HK 800 | T22: =IF(R22="RON",B22,"") -> PK-YGR | U22: =IF(R22="RON",M22,"") -> TRI MG
A23: 6 | B23: N-484BA | C23: =IF(B23>1,VLOOKUP(B23,DB!$D$4:$E$800,2,0),"") -> LJ 31 | D23: - | E23: FALSE | G23: FALSE | H23: NSA06 | I23: =IF(K23>1,VLOOKUP(K23,DB!$A$4:$B$500,2,0),"") | J23: =IF(L23>1,VLOOKUP(L23,DB!$A$4:$B$500,2,0),"") | M23: =IF(B23>1,VLOOKUP(B23,DB!$D$4:$F$800,3,0),"") -> IAP | N23: UNSERVICEABLE | O23: =IF(ISBLANK(F23),"RON","") -> RON | Q23: =IF(R23="RON",H23,"") -> NSA06 | R23: =IF(O23="RON",O23,"") -> RON | S23: =IF(R23="RON",C23,"") -> LJ 31 | T23: =IF(R23="RON",B23,"") -> N-484BA | U23: =IF(R23="RON",M23,"") -> IAP
A24: 7 | B24: A-2701 | C24: =IF(B24>1,VLOOKUP(B24,DB!$D$4:$E$800,2,0),"") -> FOKKER 27 | D24: - | E24: FALSE | G24: FALSE | H24: NSA07 | I24: =IF(K24>1,VLOOKUP(K24,DB!$A$4:$B$500,2,0),"") | J24: =IF(L24>1,VLOOKUP(L24,DB!$A$4:$B$500,2,0),"") | M24: =IF(B24>1,VLOOKUP(B24,DB!$D$4:$F$800,3,0),"") -> TNI AU | N24: UNSERVICEABLE | O24: =IF(ISBLANK(F24),"RON","") -> RON | Q24: =IF(R24="RON",H24,"") -> NSA07 | R24: =IF(O24="RON",O24,"") -> RON | S24: =IF(R24="RON",C24,"") -> FOKKER 27 | T24: =IF(R24="RON",B24,"") -> A-2701 | U24: =IF(R24="RON",M24,"") -> TNI AU
A25: 8 | B25: A-2706 | C25: =IF(B25>1,VLOOKUP(B25,DB!$D$4:$E$800,2,0),"") -> FOKKER 27 | D25: - | E25: FALSE | G25: FALSE | H25: NSA08 | I25: =IF(K25>1,VLOOKUP(K25,DB!$A$4:$B$500,2,0),"") | J25: =IF(L25>1,VLOOKUP(L25,DB!$A$4:$B$500,2,0),"") | M25: =IF(B25>1,VLOOKUP(B25,DB!$D$4:$F$800,3,0),"") -> TNI AU | N25: UNSERVICEABLE | O25: =IF(ISBLANK(F25),"RON","") -> RON | Q25: =IF(R25="RON",H25,"") -> NSA08 | R25: =IF(O25="RON",O25,"") -> RON | S25: =IF(R25="RON",C25,"") -> FOKKER 27 | T25: =IF(R25="RON",B25,"") -> A-2706 | U25: =IF(R25="RON",M25,"") -> TNI AU
A26: 9 | B26: A-2801 | C26: =IF(B26>1,VLOOKUP(B26,DB!$D$4:$E$800,2,0),"") -> FOKKER 28 | D26: - | E26: FALSE | G26: FALSE | H26: NSA09 | I26: =IF(K26>1,VLOOKUP(K26,DB!$A$4:$B$500,2,0),"") | J26: =IF(L26>1,VLOOKUP(L26,DB!$A$4:$B$500,2,0),"") | M26: =IF(B26>1,VLOOKUP(B26,DB!$D$4:$F$800,3,0),"") -> TNI AU | N26: UNSERVICEABLE | O26: =IF(ISBLANK(F26),"RON","") -> RON | Q26: =IF(R26="RON",H26,"") -> NSA09 | R26: =IF(O26="RON",O26,"") -> RON | S26: =IF(R26="RON",C26,"") -> FOKKER 28 | T26: =IF(R26="RON",B26,"") -> A-2801 | U26: =IF(R26="RON",M26,"") -> TNI AU
A27: 10 | B27: N-2409K | C27: =IF(B27>1,VLOOKUP(B27,DB!$D$4:$E$800,2,0),"") -> HK 800 | D27: - | E27: FALSE | G27: FALSE | H27: NSA10 | I27: =IF(K27>1,VLOOKUP(K27,DB!$A$4:$B$500,2,0),"") | J27: =IF(L27>1,VLOOKUP(L27,DB!$A$4:$B$500,2,0),"") | M27: AFM | O27: =IF(ISBLANK(F27),"RON","") -> RON | Q27: =IF(R27="RON",H27,"") -> NSA10 | R27: =IF(O27="RON",O27,"") -> RON | S27: =IF(R27="RON",C27,"") -> HK 800 | T27: =IF(R27="RON",B27,"") -> N-2409K | U27: =IF(R27="RON",M27,"") -> AFM
A28: 11 | B28: T7-HNC | C28: =IF(B28>1,VLOOKUP(B28,DB!$D$4:$E$800,2,0),"") -> KING AIR | D28: - | E28: FALSE | F28: 0.26458333 | G28: TRUE | H28: NSA11 | I28: =IF(K28>1,VLOOKUP(K28,DB!$A$4:$B$500,2,0),"") -> EX RON | J28: B3 | K28: - | M28: AFM | O28: =IF(ISBLANK(F28),"RON","") | Q28: =IF(R28="RON",H28,"") | R28: =IF(O28="RON",O28,"") | S28: =IF(R28="RON",C28,"") | T28: =IF(R28="RON",B28,"") | U28: =IF(R28="RON",M28,"")
A29: 12 | B29: T7-FCN | C29: =IF(B29>1,VLOOKUP(B29,DB!$D$4:$E$800,2,0),"") -> HK 800 | D29: - | E29: FALSE | G29: FALSE | H29: NSA12 | I29: =IF(K29>1,VLOOKUP(K29,DB!$A$4:$B$500,2,0),"") | J29: =IF(L29>1,VLOOKUP(L29,DB!$A$4:$B$500,2,0),"") | M29: KARISMA | O29: =IF(ISBLANK(F29),"RON","") -> RON | Q29: =IF(R29="RON",H29,"") -> NSA12 | R29: =IF(O29="RON",O29,"") -> RON | S29: =IF(R29="RON",C29,"") -> HK 800 | T29: =IF(R29="RON",B29,"") -> T7-FCN | U29: =IF(R29="RON",M29,"") -> KARISMA
A30: 13 | B30: N-977JH | C30: =IF(B30>1,VLOOKUP(B30,DB!$D$4:$E$800,2,0),"") -> CT 680 | D30: - | E30: FALSE | G30: FALSE | H30: NSA13 | I30: =IF(K30>1,VLOOKUP(K30,DB!$A$4:$B$500,2,0),"") | J30: =IF(L30>1,VLOOKUP(L30,DB!$A$4:$B$500,2,0),"") | M30: =IF(B30>1,VLOOKUP(B30,DB!$D$4:$F$800,3,0),"") -> JIP | O30: =IF(ISBLANK(F30),"RON","") -> RON | Q30: =IF(R30="RON",H30,"") -> NSA13 | R30: =IF(O30="RON",O30,"") -> RON | S30: =IF(R30="RON",C30,"") -> CT 680 | T30: =IF(R30="RON",B30,"") -> N-977JH | U30: =IF(R30="RON",M30,"") -> JIP
A31: 14 | B31: N-227GV | C31: =IF(B31>1,VLOOKUP(B31,DB!$D$4:$E$800,2,0),"") -> L 1000 | D31: - | E31: FALSE | G31: FALSE | H31: SA01 | I31: =IF(K31>1,VLOOKUP(K31,DB!$A$4:$B$500,2,0),"") | J31: =IF(L31>1,VLOOKUP(L31,DB!$A$4:$B$500,2,0),"") | M31: =IF(B31>1,VLOOKUP(B31,DB!$D$4:$F$800,3,0),"") -> PREMI | O31: =IF(ISBLANK(F31),"RON","") -> RON | Q31: =IF(R31="RON",H31,"") -> SA01 | R31: =IF(O31="RON",O31,"") -> RON | S31: =IF(R31="RON",C31,"") -> L 1000 | T31: =IF(R31="RON",B31,"") -> N-227GV | U31: =IF(R31="RON",M31,"") -> PREMI
A32: 15 | B32: PK-RJH | C32: =IF(B32>1,VLOOKUP(B32,DB!$D$4:$E$800,2,0),"") -> EC 135 | D32: - | E32: FALSE | G32: FALSE | H32: SA02 | I32: =IF(K32>1,VLOOKUP(K32,DB!$A$4:$B$500,2,0),"") | J32: =IF(L32>1,VLOOKUP(L32,DB!$A$4:$B$500,2,0),"") | M32: =IF(B32>1,VLOOKUP(B32,DB!$D$4:$F$800,3,0),"") -> PREMI | O32: =IF(ISBLANK(F32),"RON","") -> RON | Q32: =IF(R32="RON",H32,"") -> SA02 | R32: =IF(O32="RON",O32,"") -> RON | S32: =IF(R32="RON",C32,"") -> EC 135 | T32: =IF(R32="RON",B32,"") -> PK-RJH | U32: =IF(R32="RON",M32,"") -> PREMI
A33: 16 | B33: PK-LUR | C33: =IF(B33>1,VLOOKUP(B33,DB!$D$4:$E$800,2,0),"") -> A 320 | D33: - | E33: FALSE | F33: 0.22083333 | G33: TRUE | H33: SA03 | I33: =IF(K33>1,VLOOKUP(K33,DB!$A$4:$B$500,2,0),"") -> EX RON | J33: A1 | K33: - | M33: =IF(B33>1,VLOOKUP(B33,DB!$D$4:$F$800,3,0),"") -> BATIK AIR | O33: =IF(ISBLANK(F33),"RON","") | Q33: =IF(R33="RON",H33,"") | R33: =IF(O33="RON",O33,"") | S33: =IF(R33="RON",C33,"") | T33: =IF(R33="RON",B33,"") | U33: =IF(R33="RON",M33,"")
A34: 17 | B34: VP-CLL | C34: =IF(B34>1,VLOOKUP(B34,DB!$D$4:$E$800,2,0),"") -> EMB 135 | D34: - | E34: FALSE | G34: FALSE | H34: SA04 | I34: =IF(K34>1,VLOOKUP(K34,DB!$A$4:$B$500,2,0),"") | J34: =IF(L34>1,VLOOKUP(L34,DB!$A$4:$B$500,2,0),"") | M34: KARISMA | O34: =IF(ISBLANK(F34),"RON","") -> RON | Q34: =IF(R34="RON",H34,"") -> SA04 | R34: =IF(O34="RON",O34,"") -> RON | S34: =IF(R34="RON",C34,"") -> EMB 135 | T34: =IF(R34="RON",B34,"") -> VP-CLL | U34: =IF(R34="RON",M34,"") -> KARISMA
A35: 18 | B35: T7-X14 | C35: =IF(B35>1,VLOOKUP(B35,DB!$D$4:$E$800,2,0),"") -> G VI | D35: - | E35: FALSE | G35: FALSE | H35: SA05 | I35: =IF(K35>1,VLOOKUP(K35,DB!$A$4:$B$500,2,0),"") | J35: =IF(L35>1,VLOOKUP(L35,DB!$A$4:$B$500,2,0),"") | M35: AFM | O35: =IF(ISBLANK(F35),"RON","") -> RON | Q35: =IF(R35="RON",H35,"") -> SA05 | R35: =IF(O35="RON",O35,"") -> RON | S35: =IF(R35="RON",C35,"") -> G VI | T35: =IF(R35="RON",B35,"") -> T7-X14 | U35: =IF(R35="RON",M35,"") -> AFM
A36: 19 | B36: T7-MPI | C36: =IF(B36>1,VLOOKUP(B36,DB!$D$4:$E$800,2,0),"") -> EMB 135 | D36: - | E36: FALSE | G36: FALSE | H36: SA06 | I36: =IF(K36>1,VLOOKUP(K36,DB!$A$4:$B$500,2,0),"") | J36: =IF(L36>1,VLOOKUP(L36,DB!$A$4:$B$500,2,0),"") | M36: KARISMA | O36: =IF(ISBLANK(F36),"RON","") -> RON | Q36: =IF(R36="RON",H36,"") -> SA06 | R36: =IF(O36="RON",O36,"") -> RON | S36: =IF(R36="RON",C36,"") -> EMB 135 | T36: =IF(R36="RON",B36,"") -> T7-MPI | U36: =IF(R36="RON",M36,"") -> KARISMA
A37: 20 | B37: PK-BKP | C37: =IF(B37>1,VLOOKUP(B37,DB!$D$4:$E$800,2,0),"") -> A 320 | D37: - | E37: FALSE | F37: 0.19791667 | G37: TRUE | H37: SA07 | I37: =IF(K37>1,VLOOKUP(K37,DB!$A$4:$B$500,2,0),"") -> EX RON | J37: B6 | K37: - | M37: =IF(B37>1,VLOOKUP(B37,DB!$D$4:$F$800,3,0),"") -> BATIK AIR | O37: =IF(ISBLANK(F37),"RON","") | Q37: =IF(R37="RON",H37,"") | R37: =IF(O37="RON",O37,"") | S37: =IF(R37="RON",C37,"") | T37: =IF(R37="RON",B37,"") | U37: =IF(R37="RON",M37,"")
A38: 21 | B38: PK-GJT | C38: =IF(B38>1,VLOOKUP(B38,DB!$D$4:$E$800,2,0),"") -> ATR 72 | D38: - | E38: FALSE | G38: FALSE | H38: SA08 | I38: =IF(K38>1,VLOOKUP(K38,DB!$A$4:$B$500,2,0),"") | J38: =IF(L38>1,VLOOKUP(L38,DB!$A$4:$B$500,2,0),"") | M38: =IF(B38>1,VLOOKUP(B38,DB!$D$4:$F$800,3,0),"") -> CITILINK | O38: =IF(ISBLANK(F38),"RON","") -> RON | Q38: =IF(R38="RON",H38,"") -> SA08 | R38: =IF(O38="RON",O38,"") -> RON | S38: =IF(R38="RON",C38,"") -> ATR 72 | T38: =IF(R38="RON",B38,"") -> PK-GJT | U38: =IF(R38="RON",M38,"") -> CITILINK
A39: 22 | B39: PK-FJA | C39: =IF(B39>1,VLOOKUP(B39,DB!$D$4:$E$800,2,0),"") -> ATR 72 | D39: - | E39: FALSE | F39: 0.27986111 | G39: TRUE | H39: SA09 | I39: =IF(K39>1,VLOOKUP(K39,DB!$A$4:$B$500,2,0),"") -> EX RON | J39: B2 | K39: - | M39: =IF(B39>1,VLOOKUP(B39,DB!$D$4:$F$800,3,0),"") -> FLY JAYA | O39: =IF(ISBLANK(F39),"RON","") | Q39: =IF(R39="RON",H39,"") | R39: =IF(O39="RON",O39,"") | S39: =IF(R39="RON",C39,"") | T39: =IF(R39="RON",B39,"") | U39: =IF(R39="RON",M39,"")
A40: 23 | B40: VP-CGO | C40: =IF(B40>1,VLOOKUP(B40,DB!$D$4:$E$800,2,0),"") -> GLEX | D40: - | E40: FALSE | F40: 0.38888889 | G40: TRUE | H40: SA10 | I40: =IF(K40>1,VLOOKUP(K40,DB!$A$4:$B$500,2,0),"") -> EX RON | J40: B7 | K40: - | M40: AFM | O40: =IF(ISBLANK(F40),"RON","") | Q40: =IF(R40="RON",H40,"") | R40: =IF(O40="RON",O40,"") | S40: =IF(R40="RON",C40,"") | T40: =IF(R40="RON",B40,"") | U40: =IF(R40="RON",M40,"")
A41: 24 | B41: T7-GBS | C41: =IF(B41>1,VLOOKUP(B41,DB!$D$4:$E$800,2,0),"") -> EMB 135 | D41: - | E41: FALSE | G41: FALSE | H41: SA11 | I41: =IF(K41>1,VLOOKUP(K41,DB!$A$4:$B$500,2,0),"") | J41: =IF(L41>1,VLOOKUP(L41,DB!$A$4:$B$500,2,0),"") | M41: KARISMA | O41: =IF(ISBLANK(F41),"RON","") -> RON | Q41: =IF(R41="RON",H41,"") -> SA11 | R41: =IF(O41="RON",O41,"") -> RON | S41: =IF(R41="RON",C41,"") -> EMB 135 | T41: =IF(R41="RON",B41,"") -> T7-GBS | U41: =IF(R41="RON",M41,"") -> KARISMA
A42: 25 | B42: PK-OTR | C42: =IF(B42>1,VLOOKUP(B42,DB!$D$4:$E$800,2,0),"") -> ATR 72 | D42: - | E42: FALSE | F42: 0.92222222 | G42: TRUE | H42: SA12 | I42: =IF(K42>1,VLOOKUP(K42,DB!$A$4:$B$500,2,0),"") -> EX RON | J42: B5 | K42: - | M42: =IF(B42>1,VLOOKUP(B42,DB!$D$4:$F$800,3,0),"") -> TAS | O42: =IF(ISBLANK(F42),"RON","") | Q42: =IF(R42="RON",H42,"") | R42: =IF(O42="RON",O42,"") | S42: =IF(R42="RON",C42,"") | T42: =IF(R42="RON",B42,"") | U42: =IF(R42="RON",M42,"")
A43: 26 | B43: N-939AP | C43: =IF(B43>1,VLOOKUP(B43,DB!$D$4:$E$800,2,0),"") -> GLEX | D43: - | E43: FALSE | G43: FALSE | H43: RE01 | I43: =IF(K43>1,VLOOKUP(K43,DB!$A$4:$B$500,2,0),"") | J43: =IF(L43>1,VLOOKUP(L43,DB!$A$4:$B$500,2,0),"") | M43: =IF(B43>1,VLOOKUP(B43,DB!$D$4:$F$800,3,0),"") -> BIOMANTARA | O43: =IF(ISBLANK(F43),"RON","") -> RON | Q43: =IF(R43="RON",H43,"") -> RE01 | R43: =IF(O43="RON",O43,"") -> RON | S43: =IF(R43="RON",C43,"") -> GLEX | T43: =IF(R43="RON",B43,"") -> N-939AP | U43: =IF(R43="RON",M43,"") -> BIOMANTARA
A44: 27 | B44: T7-977 | C44: =IF(B44>1,VLOOKUP(B44,DB!$D$4:$E$800,2,0),"") -> G IV | D44: - | E44: FALSE | G44: FALSE | H44: RE02 | I44: =IF(K44>1,VLOOKUP(K44,DB!$A$4:$B$500,2,0),"") | J44: =IF(L44>1,VLOOKUP(L44,DB!$A$4:$B$500,2,0),"") | M44: =IF(B44>1,VLOOKUP(B44,DB!$D$4:$F$800,3,0),"") -> JIP | O44: =IF(ISBLANK(F44),"RON","") -> RON | Q44: =IF(R44="RON",H44,"") -> RE02 | R44: =IF(O44="RON",O44,"") -> RON | S44: =IF(R44="RON",C44,"") -> G IV | T44: =IF(R44="RON",B44,"") -> T7-977 | U44: =IF(R44="RON",M44,"") -> JIP
A45: 28 | B45: B-7699 | C45: =IF(B45>1,VLOOKUP(B45,DB!$D$4:$E$800,2,0),"") -> GLEX | D45: - | E45: FALSE | G45: FALSE | H45: RE03 | I45: =IF(K45>1,VLOOKUP(K45,DB!$A$4:$B$500,2,0),"") | J45: =IF(L45>1,VLOOKUP(L45,DB!$A$4:$B$500,2,0),"") | M45: AFM | O45: =IF(ISBLANK(F45),"RON","") -> RON | Q45: =IF(R45="RON",H45,"") -> RE03 | R45: =IF(O45="RON",O45,"") -> RON | S45: =IF(R45="RON",C45,"") -> GLEX | T45: =IF(R45="RON",B45,"") -> B-7699 | U45: =IF(R45="RON",M45,"") -> AFM
A46: 29 | B46: PK-PAH | C46: =IF(B46>1,VLOOKUP(B46,DB!$D$4:$E$800,2,0),"") -> ATR 72 | D46: - | E46: FALSE | F46: 0.20148258 | G46: TRUE | H46: A1 | I46: =IF(K46>1,VLOOKUP(K46,DB!$A$4:$B$500,2,0),"") -> EX RON | J46: =IF(L46>1,VLOOKUP(L46,DB!$A$4:$B$500,2,0),"") -> WIDM | K46: - | L46: IP 7300 | M46: =IF(B46>1,VLOOKUP(B46,DB!$D$4:$F$800,3,0),"") -> PELITA | O46: =IF(ISBLANK(F46),"RON","") | Q46: =IF(R46="RON",H46,"") | R46: =IF(O46="RON",O46,"") | S46: =IF(R46="RON",C46,"") | T46: =IF(R46="RON",B46,"") | U46: =IF(R46="RON",M46,"")
A47: 30 | B47: PK-GQF | C47: =IF(B47>1,VLOOKUP(B47,DB!$D$4:$E$800,2,0),"") -> A 320 | D47: - | E47: FALSE | F47: 0.29166667 | G47: TRUE | H47: A2 | I47: =IF(K47>1,VLOOKUP(K47,DB!$A$4:$B$500,2,0),"") -> EX RON | J47: =IF(L47>1,VLOOKUP(L47,DB!$A$4:$B$500,2,0),"") -> WIMN | K47: - | L47: QG 0020 | M47: =IF(B47>1,VLOOKUP(B47,DB!$D$4:$F$800,3,0),"") -> CITILINK | O47: =IF(ISBLANK(F47),"RON","") | Q47: =IF(R47="RON",H47,"") | R47: =IF(O47="RON",O47,"") | S47: =IF(R47="RON",C47,"") | T47: =IF(R47="RON",B47,"") | U47: =IF(R47="RON",M47,"")
A48: 31 | B48: PK-LAO | C48: =IF(B48>1,VLOOKUP(B48,DB!$D$4:$E$800,2,0),"") -> A 320 | D48: - | E48: FALSE | F48: 0.35416667 | G48: TRUE | H48: A3 | I48: =IF(K48>1,VLOOKUP(K48,DB!$A$4:$B$500,2,0),"") -> EX RON | J48: =IF(L48>1,VLOOKUP(L48,DB!$A$4:$B$500,2,0),"") -> WAHI | K48: - | L48: ID 7533 | M48: =IF(B48>1,VLOOKUP(B48,DB!$D$4:$F$800,3,0),"") -> BATIK AIR | O48: =IF(ISBLANK(F48),"RON","") | Q48: =IF(R48="RON",H48,"") | R48: =IF(O48="RON",O48,"") | S48: =IF(R48="RON",C48,"") | T48: =IF(R48="RON",B48,"") | U48: =IF(R48="RON",M48,"")
A49: 32 | B49: PK-LUY | C49: =IF(B49>1,VLOOKUP(B49,DB!$D$4:$E$800,2,0),"") -> A 320 | D49: - | E49: FALSE | F49: 0.22115987 | G49: TRUE | H49: B1 | I49: =IF(K49>1,VLOOKUP(K49,DB!$A$4:$B$500,2,0),"") -> EX RON | J49: =IF(L49>1,VLOOKUP(L49,DB!$A$4:$B$500,2,0),"") -> WARR | K49: - | L49: ID 7511 | M49: =IF(B49>1,VLOOKUP(B49,DB!$D$4:$F$800,3,0),"") -> BATIK AIR | O49: =IF(ISBLANK(F49),"RON","") | Q49: =IF(R49="RON",H49,"") | R49: =IF(O49="RON",O49,"") | S49: =IF(R49="RON",C49,"") | T49: =IF(R49="RON",B49,"") | U49: =IF(R49="RON",M49,"")
A50: 33 | B50: PK-GFH | C50: =IF(B50>1,VLOOKUP(B50,DB!$D$4:$E$800,2,0),"") -> B 738 | D50: - | E50: FALSE | F50: 0.26284507 | G50: TRUE | H50: B2 | I50: =IF(K50>1,VLOOKUP(K50,DB!$A$4:$B$500,2,0),"") -> EX RON | J50: =IF(L50>1,VLOOKUP(L50,DB!$A$4:$B$500,2,0),"") -> WIMM | K50: - | L50: GA 0180 | M50: =IF(B50>1,VLOOKUP(B50,DB!$D$4:$F$800,3,0),"") -> GARUDA | O50: =IF(ISBLANK(F50),"RON","") | Q50: =IF(R50="RON",H50,"") | R50: =IF(O50="RON",O50,"") | S50: =IF(R50="RON",C50,"") | T50: =IF(R50="RON",B50,"") | U50: =IF(R50="RON",M50,"")
A51: 34 | B51: PK-RSS | C51: =IF(B51>1,VLOOKUP(B51,DB!$D$4:$E$800,2,0),"") -> EMB 135 | D51: - | E51: FALSE | F51: 0.20833333 | G51: TRUE | H51: B4 | I51: =IF(K51>1,VLOOKUP(K51,DB!$A$4:$B$500,2,0),"") -> EX RON | J51: WADD | K51: - | M51: KARISMA | O51: =IF(ISBLANK(F51),"RON","") | Q51: =IF(R51="RON",H51,"") | R51: =IF(O51="RON",O51,"") | S51: =IF(R51="RON",C51,"") | T51: =IF(R51="RON",B51,"") | U51: =IF(R51="RON",M51,"")
A52: 35 | B52: T7-HNA | C52: =IF(B52>1,VLOOKUP(B52,DB!$D$4:$E$800,2,0),"") -> G IV | D52: - | E52: FALSE | F52: 0.067247211 | G52: TRUE | H52: B5 | I52: =IF(K52>1,VLOOKUP(K52,DB!$A$4:$B$500,2,0),"") -> EX RON | J52: WAJJ | K52: - | M52: AFM | N52: MENT ESDM | O52: =IF(ISBLANK(F52),"RON","") | Q52: =IF(R52="RON",H52,"") | R52: =IF(O52="RON",O52,"") | S52: =IF(R52="RON",C52,"") | T52: =IF(R52="RON",B52,"") | U52: =IF(R52="RON",M52,"")
A53: 36 | B53: PK-GJV | C53: =IF(B53>1,VLOOKUP(B53,DB!$D$4:$E$800,2,0),"") -> ATR 72 | D53: - | E53: FALSE | F53: 0.24444444 | G53: TRUE | H53: B7 | I53: =IF(K53>1,VLOOKUP(K53,DB!$A$4:$B$500,2,0),"") -> EX RON | J53: =IF(L53>1,VLOOKUP(L53,DB!$A$4:$B$500,2,0),"") -> WAHH | K53: - | L53: QG 1100 | M53: =IF(B53>1,VLOOKUP(B53,DB!$D$4:$F$800,3,0),"") -> CITILINK | N53: WAMENDIKDASMEN | O53: =IF(ISBLANK(F53),"RON","") | Q53: =IF(R53="RON",H53,"") | R53: =IF(O53="RON",O53,"") | S53: =IF(R53="RON",C53,"") | T53: =IF(R53="RON",B53,"") | U53: =IF(R53="RON",M53,"")
A54: 37 | B54: PK-LAM | C54: =IF(B54>1,VLOOKUP(B54,DB!$D$4:$E$800,2,0),"") -> A 320 | D54: - | E54: FALSE | F54: 0.39027778 | G54: TRUE | H54: B9 | I54: =IF(K54>1,VLOOKUP(K54,DB!$A$4:$B$500,2,0),"") -> EX RON | J54: =IF(L54>1,VLOOKUP(L54,DB!$A$4:$B$500,2,0),"") -> WADD | K54: - | L54: ID 7309 | M54: =IF(B54>1,VLOOKUP(B54,DB!$D$4:$F$800,3,0),"") -> BATIK AIR | O54: =IF(ISBLANK(F54),"RON","") | Q54: =IF(R54="RON",H54,"") | R54: =IF(O54="RON",O54,"") | S54: =IF(R54="RON",C54,"") | T54: =IF(R54="RON",B54,"") | U54: =IF(R54="RON",M54,"")
A55: 38 | B55: PK-NMI | C55: =IF(B55>1,VLOOKUP(B55,DB!$D$4:$E$800,2,0),"") -> B 733 | D55: - | E55: FALSE | F55: 0.65833333 | G55: TRUE | H55: B11 | I55: =IF(K55>1,VLOOKUP(K55,DB!$A$4:$B$500,2,0),"") -> EX RON | J55: WAOO | K55: - | M55: =IF(B55>1,VLOOKUP(B55,DB!$D$4:$F$800,3,0),"") -> AIRNESIA | O55: =IF(ISBLANK(F55),"RON","") | Q55: =IF(R55="RON",H55,"") | R55: =IF(O55="RON",O55,"") | S55: =IF(R55="RON",C55,"") | T55: =IF(R55="RON",B55,"") | U55: =IF(R55="RON",M55,"")
A56: 39 | B56: PK-BBJ | C56: =IF(B56>1,VLOOKUP(B56,DB!$D$4:$E$800,2,0),"") -> B 734 | D56: - | E56: FALSE | F56: 0.30694444 | G56: TRUE | H56: B13 | I56: =IF(K56>1,VLOOKUP(K56,DB!$A$4:$B$500,2,0),"") -> EX RON | J56: =IF(L56>1,VLOOKUP(L56,DB!$A$4:$B$500,2,0),"") -> WIOO | K56: - | L56: 0B 5611 | M56: =IF(B56>1,VLOOKUP(B56,DB!$D$4:$F$800,3,0),"") -> B. B. N. | O56: =IF(ISBLANK(F56),"RON","") | Q56: =IF(R56="RON",H56,"") | R56: =IF(O56="RON",O56,"") | S56: =IF(R56="RON",C56,"") | T56: =IF(R56="RON",B56,"") | U56: =IF(R56="RON",M56,"")
A57: 40 | B57: PK-BON | C57: =IF(B57>1,VLOOKUP(B57,DB!$D$4:$E$800,2,0),"") -> G IV | D57: 0.15694444 | E57: TRUE | F57: 0.29513889 | G57: TRUE | H57: B5 | I57: VOMM | J57: WIPP | K57: CJS 54 | M57: =IF(B57>1,VLOOKUP(B57,DB!$D$4:$F$800,3,0),"") -> JETSET | N57: MENT INVESTASI & HILIRISASI | O57: =IF(ISBLANK(F57),"RON","") | Q57: =IF(R57="RON",H57,"") | R57: =IF(O57="RON",O57,"") | S57: =IF(R57="RON",C57,"") | T57: =IF(R57="RON",B57,"") | U57: =IF(R57="RON",M57,"")
A58: 41 | B58: PK-BKP | C58: =IF(B58>1,VLOOKUP(B58,DB!$D$4:$E$800,2,0),"") -> A 320 | D58: 0.20527795 | E58: TRUE | F58: 0.28888889 | G58: TRUE | H58: B6 | I58: SA07 | J58: =IF(L58>1,VLOOKUP(L58,DB!$A$4:$B$500,2,0),"") -> WARA | K58: - | L58: ID 7581 | M58: =IF(B58>1,VLOOKUP(B58,DB!$D$4:$F$800,3,0),"") -> BATIK AIR | N58: MENT KKP | O58: =IF(ISBLANK(F58),"RON","") | Q58: =IF(R58="RON",H58,"") | R58: =IF(O58="RON",O58,"") | S58: =IF(R58="RON",C58,"") | T58: =IF(R58="RON",B58,"") | U58: =IF(R58="RON",M58,"")
A59: 42 | B59: PK-MGZ | C59: =IF(B59>1,VLOOKUP(B59,DB!$D$4:$E$800,2,0),"") -> B 733 | D59: 0.22430556 | E59: TRUE | F59: 0.25138889 | G59: TRUE | H59: B10 | I59: =IF(K59>1,VLOOKUP(K59,DB!$A$4:$B$500,2,0),"") -> WSSS | J59: =IF(L59>1,VLOOKUP(L59,DB!$A$4:$B$500,2,0),"") -> WALL | K59: GM 019 | L59: GM 061 | M59: =IF(B59>1,VLOOKUP(B59,DB!$D$4:$F$800,3,0),"") -> TRI MG | O59: =IF(ISBLANK(F59),"RON","") | Q59: =IF(R59="RON",H59,"") | R59: =IF(O59="RON",O59,"") | S59: =IF(R59="RON",C59,"") | T59: =IF(R59="RON",B59,"") | U59: =IF(R59="RON",M59,"")
A60: 43 | B60: PK-YST | C60: =IF(B60>1,VLOOKUP(B60,DB!$D$4:$E$800,2,0),"") -> B 733 | D60: 0.25138889 | E60: TRUE | F60: 0.30902778 | G60: TRUE | H60: B12 | I60: =IF(K60>1,VLOOKUP(K60,DB!$A$4:$B$500,2,0),"") -> WAAA | J60: =IF(L60>1,VLOOKUP(L60,DB!$A$4:$B$500,2,0),"") -> WAGG | K60: IL 722 | L60: IL 711 | M60: =IF(B60>1,VLOOKUP(B60,DB!$D$4:$F$800,3,0),"") -> TRIGANA | O60: =IF(ISBLANK(F60),"RON","") | Q60: =IF(R60="RON",H60,"") | R60: =IF(O60="RON",O60,"") | S60: =IF(R60="RON",C60,"") | T60: =IF(R60="RON",B60,"") | U60: =IF(R60="RON",M60,"")
A61: 44 | B61: PK-LUG | C61: =IF(B61>1,VLOOKUP(B61,DB!$D$4:$E$800,2,0),"") -> A 320 | D61: 0.25416667 | E61: TRUE | F61: 0.2875 | G61: TRUE | H61: B1 | I61: =IF(K61>1,VLOOKUP(K61,DB!$A$4:$B$500,2,0),"") -> WARR | J61: =IF(L61>1,VLOOKUP(L61,DB!$A$4:$B$500,2,0),"") -> WIPP | K61: ID 7508 | L61: ID 7053 | M61: =IF(B61>1,VLOOKUP(B61,DB!$D$4:$F$800,3,0),"") -> BATIK AIR | O61: =IF(ISBLANK(F61),"RON","") | Q61: =IF(R61="RON",H61,"") | R61: =IF(O61="RON",O61,"") | S61: =IF(R61="RON",C61,"") | T61: =IF(R61="RON",B61,"") | U61: =IF(R61="RON",M61,"")
A62: 45 | B62: PK-LUR | C62: =IF(B62>1,VLOOKUP(B62,DB!$D$4:$E$800,2,0),"") -> A 320 | D62: 0.22777778 | E62: TRUE | F62: 0.375 | G62: TRUE | H62: A1 | I62: SA03 | J62: =IF(L62>1,VLOOKUP(L62,DB!$A$4:$B$500,2,0),"") -> WARR | K62: - | L62: ID 7513 | M62: =IF(B62>1,VLOOKUP(B62,DB!$D$4:$F$800,3,0),"") -> BATIK AIR | O62: =IF(ISBLANK(F62),"RON","") | Q62: =IF(R62="RON",H62,"") | R62: =IF(O62="RON",O62,"") | S62: =IF(R62="RON",C62,"") | T62: =IF(R62="RON",B62,"") | U62: =IF(R62="RON",M62,"")
A63: 46 | B63: PK-CAA | C63: =IF(B63>1,VLOOKUP(B63,DB!$D$4:$E$800,2,0),"") -> CT 700 | D63: 0.26180556 | E63: TRUE | F63: 0.29513889 | G63: TRUE | H63: B4 | I63: WIRR | J63: WAGB | M63: KARISMA | O63: =IF(ISBLANK(F63),"RON","") | Q63: =IF(R63="RON",H63,"") | R63: =IF(O63="RON",O63,"") | S63: =IF(R63="RON",C63,"") | T63: =IF(R63="RON",B63,"") | U63: =IF(R63="RON",M63,"")
A64: 47 | B64: T7-HNC | C64: =IF(B64>1,VLOOKUP(B64,DB!$D$4:$E$800,2,0),"") -> KING AIR | D64: 0.27152778 | E64: TRUE | F64: 0.33888889 | G64: TRUE | H64: B3 | I64: NSA11 | J64: WAAA | M64: AFM | O64: =IF(ISBLANK(F64),"RON","") | Q64: =IF(R64="RON",H64,"") | R64: =IF(O64="RON",O64,"") | S64: =IF(R64="RON",C64,"") | T64: =IF(R64="RON",B64,"") | U64: =IF(R64="RON",M64,"")
A65: 48 | B65: PK-FJA | C65: =IF(B65>1,VLOOKUP(B65,DB!$D$4:$E$800,2,0),"") -> ATR 72 | D65: 0.28680556 | E65: TRUE | F65: 0.33333333 | G65: TRUE | H65: B2 | I65: SA09 | J65: =IF(L65>1,VLOOKUP(L65,DB!$A$4:$B$500,2,0),"") -> WAHH | K65: - | L65: KS 102 | M65: =IF(B65>1,VLOOKUP(B65,DB!$D$4:$F$800,3,0),"") -> FLY JAYA | O65: =IF(ISBLANK(F65),"RON","") | Q65: =IF(R65="RON",H65,"") | R65: =IF(O65="RON",O65,"") | S65: =IF(R65="RON",C65,"") | T65: =IF(R65="RON",B65,"") | U65: =IF(R65="RON",M65,"")
A66: 49 | B66: PK-YSH | C66: =IF(B66>1,VLOOKUP(B66,DB!$D$4:$E$800,2,0),"") -> B 733 | D66: 0.31111111 | E66: TRUE | F66: 0.3875 | G66: TRUE | H66: B13 | I66: =IF(K66>1,VLOOKUP(K66,DB!$A$4:$B$500,2,0),"") -> WAMM | J66: =IF(L66>1,VLOOKUP(L66,DB!$A$4:$B$500,2,0),"") -> WAGG | K66: IL 730 | L66: IL 713 | M66: =IF(B66>1,VLOOKUP(B66,DB!$D$4:$F$800,3,0),"") -> TRIGANA | O66: =IF(ISBLANK(F66),"RON","") | Q66: =IF(R66="RON",H66,"") | R66: =IF(O66="RON",O66,"") | S66: =IF(R66="RON",C66,"") | T66: =IF(R66="RON",B66,"") | U66: =IF(R66="RON",M66,"")
A67: 50 | B67: PK-LUP | C67: =IF(B67>1,VLOOKUP(B67,DB!$D$4:$E$800,2,0),"") -> A 320 | D67: 0.33680556 | E67: TRUE | F67: 0.40972222 | G67: TRUE | H67: B5 | I67: =IF(K67>1,VLOOKUP(K67,DB!$A$4:$B$500,2,0),"") -> WIPP | J67: =IF(L67>1,VLOOKUP(L67,DB!$A$4:$B$500,2,0),"") -> WAHS | K67: ID 7056 | L67: ID 7557 | M67: =IF(B67>1,VLOOKUP(B67,DB!$D$4:$F$800,3,0),"") -> BATIK AIR | O67: =IF(ISBLANK(F67),"RON","") | Q67: =IF(R67="RON",H67,"") | R67: =IF(O67="RON",O67,"") | S67: =IF(R67="RON",C67,"") | T67: =IF(R67="RON",B67,"") | U67: =IF(R67="RON",M67,"")
A68: 51 | B68: PK-LAF | C68: =IF(B68>1,VLOOKUP(B68,DB!$D$4:$E$800,2,0),"") -> A 320 | D68: 0.33888889 | E68: TRUE | F68: 0.36944444 | G68: TRUE | H68: A2 | I68: =IF(K68>1,VLOOKUP(K68,DB!$A$4:$B$500,2,0),"") -> WIBB | J68: =IF(L68>1,VLOOKUP(L68,DB!$A$4:$B$500,2,0),"") -> WAHQ | K68: ID 7066 | L68: ID 7041 | M68: =IF(B68>1,VLOOKUP(B68,DB!$D$4:$F$800,3,0),"") -> BATIK AIR | O68: =IF(ISBLANK(F68),"RON","") | Q68: =IF(R68="RON",H68,"") | R68: =IF(O68="RON",O68,"") | S68: =IF(R68="RON",C68,"") | T68: =IF(R68="RON",B68,"") | U68: =IF(R68="RON",M68,"")
A69: 52 | B69: PK-LUY | C69: =IF(B69>1,VLOOKUP(B69,DB!$D$4:$E$800,2,0),"") -> A 320 | D69: 0.36805556 | E69: TRUE | F69: 0.39444444 | G69: TRUE | H69: B1 | I69: =IF(K69>1,VLOOKUP(K69,DB!$A$4:$B$500,2,0),"") -> WARR | J69: =IF(L69>1,VLOOKUP(L69,DB!$A$4:$B$500,2,0),"") -> WAHS | K69: ID 7510 | L69: ID 7557 | M69: =IF(B69>1,VLOOKUP(B69,DB!$D$4:$F$800,3,0),"") -> BATIK AIR | O69: =IF(ISBLANK(F69),"RON","") | Q69: =IF(R69="RON",H69,"") | R69: =IF(O69="RON",O69,"") | S69: =IF(R69="RON",C69,"") | T69: =IF(R69="RON",B69,"") | U69: =IF(R69="RON",M69,"")
A70: 53 | B70: PK-GJV | C70: =IF(B70>1,VLOOKUP(B70,DB!$D$4:$E$800,2,0),"") -> ATR 72 | D70: 0.38055556 | E70: TRUE | F70: 0.40625 | G70: TRUE | H70: B2 | I70: =IF(K70>1,VLOOKUP(K70,DB!$A$4:$B$500,2,0),"") -> WAHH | J70: =IF(L70>1,VLOOKUP(L70,DB!$A$4:$B$500,2,0),"") -> WAHH | K70: QG 1101 | L70: QG 1104 | M70: =IF(B70>1,VLOOKUP(B70,DB!$D$4:$F$800,3,0),"") -> CITILINK | O70: =IF(ISBLANK(F70),"RON","") | Q70: =IF(R70="RON",H70,"") | R70: =IF(O70="RON",O70,"") | S70: =IF(R70="RON",C70,"") | T70: =IF(R70="RON",B70,"") | U70: =IF(R70="RON",M70,"")
A71: 54 | B71: T7-ARN | C71: =IF(B71>1,VLOOKUP(B71,DB!$D$4:$E$800,2,0),"") -> G VI | D71: 0.35763889 | E71: TRUE | F71: 0.52222222 | G71: TRUE | H71: B3 | I71: HGR | J71: WSSL | M71: =IF(B71>1,VLOOKUP(B71,DB!$D$4:$F$800,3,0),"") -> PREMI | O71: =IF(ISBLANK(F71),"RON","") | Q71: =IF(R71="RON",H71,"") | R71: =IF(O71="RON",O71,"") | S71: =IF(R71="RON",C71,"") | T71: =IF(R71="RON",B71,"") | U71: =IF(R71="RON",M71,"")
A72: 55 | B72: PK-TFS | C72: =IF(B72>1,VLOOKUP(B72,DB!$D$4:$E$800,2,0),"") -> EMB 135 | D72: 0.37152778 | E72: TRUE | F72: 0.4 | G72: TRUE | H72: B4 | I72: HGR | J72: WADD | M72: =IF(B72>1,VLOOKUP(B72,DB!$D$4:$F$800,3,0),"") -> IAT | O72: =IF(ISBLANK(F72),"RON","") | Q72: =IF(R72="RON",H72,"") | R72: =IF(O72="RON",O72,"") | S72: =IF(R72="RON",C72,"") | T72: =IF(R72="RON",B72,"") | U72: =IF(R72="RON",M72,"")
A73: 56 | B73: PK-VVM | C73: =IF(B73>1,VLOOKUP(B73,DB!$D$4:$E$800,2,0),"") -> C 208 | D73: 0.38888889 | E73: TRUE | F73: 0.41319444 | G73: TRUE | H73: A0 | I73: =IF(K73>1,VLOOKUP(K73,DB!$A$4:$B$500,2,0),"") -> WICC | J73: =IF(L73>1,VLOOKUP(L73,DB!$A$4:$B$500,2,0),"") -> WICN | K73: SI 231 | L73: SI 234 | M73: =IF(B73>1,VLOOKUP(B73,DB!$D$4:$F$800,3,0),"") -> SUSI AIR | O73: =IF(ISBLANK(F73),"RON","") | Q73: =IF(R73="RON",H73,"") | R73: =IF(O73="RON",O73,"") | S73: =IF(R73="RON",C73,"") | T73: =IF(R73="RON",B73,"") | U73: =IF(R73="RON",M73,"")
A74: 57 | B74: VP-CGO | C74: =IF(B74>1,VLOOKUP(B74,DB!$D$4:$E$800,2,0),"") -> GLEX | D74: 0.39583333 | E74: TRUE | F74: 0.46458333 | G74: TRUE | H74: B7 | I74: SA10 | J74: WIII | M74: AFM | O74: =IF(ISBLANK(F74),"RON","") | Q74: =IF(R74="RON",H74,"") | R74: =IF(O74="RON",O74,"") | S74: =IF(R74="RON",C74,"") | T74: =IF(R74="RON",B74,"") | U74: =IF(R74="RON",M74,"")
A75: 58 | B75: PK-LUG | C75: =IF(B75>1,VLOOKUP(B75,DB!$D$4:$E$800,2,0),"") -> A 320 | D75: 0.41111111 | E75: TRUE | F75: 0.44583333 | G75: TRUE | H75: A1 | I75: =IF(K75>1,VLOOKUP(K75,DB!$A$4:$B$500,2,0),"") -> WIPP | J75: =IF(L75>1,VLOOKUP(L75,DB!$A$4:$B$500,2,0),"") -> WAHQ | K75: ID 7054 | L75: ID 7531 | M75: =IF(B75>1,VLOOKUP(B75,DB!$D$4:$F$800,3,0),"") -> BATIK AIR | O75: =IF(ISBLANK(F75),"RON","") | Q75: =IF(R75="RON",H75,"") | R75: =IF(O75="RON",O75,"") | S75: =IF(R75="RON",C75,"") | T75: =IF(R75="RON",B75,"") | U75: =IF(R75="RON",M75,"")
A76: 59 | B76: PK-GQL | C76: =IF(B76>1,VLOOKUP(B76,DB!$D$4:$E$800,2,0),"") -> A 320 | D76: 0.42013889 | E76: TRUE | F76: 0.45763889 | G76: TRUE | H76: B1 | I76: =IF(K76>1,VLOOKUP(K76,DB!$A$4:$B$500,2,0),"") -> WARR | J76: =IF(L76>1,VLOOKUP(L76,DB!$A$4:$B$500,2,0),"") -> WIPP | K76: QG 0171 | L76: QG 0088 | M76: =IF(B76>1,VLOOKUP(B76,DB!$D$4:$F$800,3,0),"") -> CITILINK | O76: =IF(ISBLANK(F76),"RON","") | Q76: =IF(R76="RON",H76,"") | R76: =IF(O76="RON",O76,"") | S76: =IF(R76="RON",C76,"") | T76: =IF(R76="RON",B76,"") | U76: =IF(R76="RON",M76,"")
A77: 60 | B77: PK-BKP | C77: =IF(B77>1,VLOOKUP(B77,DB!$D$4:$E$800,2,0),"") -> A 320 | D77: 0.43125 | E77: TRUE | F77: 0.47222222 | G77: TRUE | H77: A2 | I77: =IF(K77>1,VLOOKUP(K77,DB!$A$4:$B$500,2,0),"") -> WARA | J77: =IF(L77>1,VLOOKUP(L77,DB!$A$4:$B$500,2,0),"") -> WARA | K77: ID 7580 | L77: ID 7583 | M77: =IF(B77>1,VLOOKUP(B77,DB!$D$4:$F$800,3,0),"") -> BATIK AIR | O77: =IF(ISBLANK(F77),"RON","") | Q77: =IF(R77="RON",H77,"") | R77: =IF(O77="RON",O77,"") | S77: =IF(R77="RON",C77,"") | T77: =IF(R77="RON",B77,"") | U77: =IF(R77="RON",M77,"")
A78: 61 | B78: M-JGVJ | C78: =IF(B78>1,VLOOKUP(B78,DB!$D$4:$E$800,2,0),"") -> GLEX | D78: 0.47638889 | E78: TRUE | F78: 0.55 | G78: TRUE | H78: B5 | I78: WSSL | J78: SA03 | M78: =IF(B78>1,VLOOKUP(B78,DB!$D$4:$F$800,3,0),"") | O78: =IF(ISBLANK(F78),"RON","") | Q78: =IF(R78="RON",H78,"") | R78: =IF(O78="RON",O78,"") | S78: =IF(R78="RON",C78,"") | T78: =IF(R78="RON",B78,"") | U78: =IF(R78="RON",M78,"")
A79: 62 | B79: PK-LAO | C79: =IF(B79>1,VLOOKUP(B79,DB!$D$4:$E$800,2,0),"") -> A 320 | D79: 0.48819444 | E79: TRUE | F79: 0.52777778 | G79: TRUE | H79: A1 | I79: =IF(K79>1,VLOOKUP(K79,DB!$A$4:$B$500,2,0),"") -> WAHI | J79: =IF(L79>1,VLOOKUP(L79,DB!$A$4:$B$500,2,0),"") -> WARR | K79: ID 7540 | L79: ID 7515 | M79: =IF(B79>1,VLOOKUP(B79,DB!$D$4:$F$800,3,0),"") -> BATIK AIR | O79: =IF(ISBLANK(F79),"RON","") | Q79: =IF(R79="RON",H79,"") | R79: =IF(O79="RON",O79,"") | S79: =IF(R79="RON",C79,"") | T79: =IF(R79="RON",B79,"") | U79: =IF(R79="RON",M79,"")
A80: 63 | B80: PK-LAF | C80: =IF(B80>1,VLOOKUP(B80,DB!$D$4:$E$800,2,0),"") -> A 320 | D80: 0.49166667 | E80: TRUE | F80: 0.53125 | G80: TRUE | H80: A2 | I80: =IF(K80>1,VLOOKUP(K80,DB!$A$4:$B$500,2,0),"") -> WAHQ | J80: =IF(L80>1,VLOOKUP(L80,DB!$A$4:$B$500,2,0),"") -> WAHI | K80: ID 7040 | L80: ID 7539 | M80: =IF(B80>1,VLOOKUP(B80,DB!$D$4:$F$800,3,0),"") -> BATIK AIR | O80: =IF(ISBLANK(F80),"RON","") | Q80: =IF(R80="RON",H80,"") | R80: =IF(O80="RON",O80,"") | S80: =IF(R80="RON",C80,"") | T80: =IF(R80="RON",B80,"") | U80: =IF(R80="RON",M80,"")
A81: 64 | B81: PK-GFH | C81: =IF(B81>1,VLOOKUP(B81,DB!$D$4:$E$800,2,0),"") -> B 738 | D81: 0.49652778 | E81: TRUE | F81: 0.54027778 | G81: TRUE | H81: B1 | I81: =IF(K81>1,VLOOKUP(K81,DB!$A$4:$B$500,2,0),"") -> WIMM | J81: =IF(L81>1,VLOOKUP(L81,DB!$A$4:$B$500,2,0),"") -> WARR | K81: GA 0181 | L81: GA 0330 | M81: =IF(B81>1,VLOOKUP(B81,DB!$D$4:$F$800,3,0),"") -> GARUDA | O81: =IF(ISBLANK(F81),"RON","") | Q81: =IF(R81="RON",H81,"") | R81: =IF(O81="RON",O81,"") | S81: =IF(R81="RON",C81,"") | T81: =IF(R81="RON",B81,"") | U81: =IF(R81="RON",M81,"")
A82: 65 | B82: PK-GQF | C82: =IF(B82>1,VLOOKUP(B82,DB!$D$4:$E$800,2,0),"") -> A 320 | D82: 0.50694444 | E82: TRUE | F82: 0.54305556 | G82: TRUE | H82: A3 | I82: =IF(K82>1,VLOOKUP(K82,DB!$A$4:$B$500,2,0),"") -> WIMN | J82: =IF(L82>1,VLOOKUP(L82,DB!$A$4:$B$500,2,0),"") -> WARA | K82: QG 0021 | L82: QG 0164 | M82: =IF(B82>1,VLOOKUP(B82,DB!$D$4:$F$800,3,0),"") -> CITILINK | O82: =IF(ISBLANK(F82),"RON","") | Q82: =IF(R82="RON",H82,"") | R82: =IF(O82="RON",O82,"") | S82: =IF(R82="RON",C82,"") | T82: =IF(R82="RON",B82,"") | U82: =IF(R82="RON",M82,"")
A83: 66 | B83: PK-THT | C83: =IF(B83>1,VLOOKUP(B83,DB!$D$4:$E$800,2,0),"") -> ATR 42 | D83: 0.48541667 | E83: TRUE | F83: 0.54722222 | G83: TRUE | H83: B2 | I83: HGR | J83: WARA | M83: =IF(B83>1,VLOOKUP(B83,DB!$D$4:$F$800,3,0),"") -> IAT | O83: =IF(ISBLANK(F83),"RON","") | Q83: =IF(R83="RON",H83,"") | R83: =IF(O83="RON",O83,"") | S83: =IF(R83="RON",C83,"") | T83: =IF(R83="RON",B83,"") | U83: =IF(R83="RON",M83,"")
A84: 67 | B84: PK-BBJ | C84: =IF(B84>1,VLOOKUP(B84,DB!$D$4:$E$800,2,0),"") -> B 734 | D84: 0.51736111 | E84: TRUE | F84: 0.72291667 | G84: TRUE | H84: B13 | I84: =IF(K84>1,VLOOKUP(K84,DB!$A$4:$B$500,2,0),"") -> WIOO | J84: =IF(L84>1,VLOOKUP(L84,DB!$A$4:$B$500,2,0),"") -> WIOO | K84: 0B 5612 | L84: 0B 5613 | M84: =IF(B84>1,VLOOKUP(B84,DB!$D$4:$F$800,3,0),"") -> B. B. N. | O84: =IF(ISBLANK(F84),"RON","") | Q84: =IF(R84="RON",H84,"") | R84: =IF(O84="RON",O84,"") | S84: =IF(R84="RON",C84,"") | T84: =IF(R84="RON",B84,"") | U84: =IF(R84="RON",M84,"")
A85: 68 | B85: PK-YST | C85: =IF(B85>1,VLOOKUP(B85,DB!$D$4:$E$800,2,0),"") -> B 733 | D85: 0.52638889 | E85: TRUE | F85: 0.60069444 | G85: TRUE | H85: B12 | I85: =IF(K85>1,VLOOKUP(K85,DB!$A$4:$B$500,2,0),"") -> WAGG | J85: =IF(L85>1,VLOOKUP(L85,DB!$A$4:$B$500,2,0),"") -> WIDN | K85: IL 714 | L85: IL 717 | M85: =IF(B85>1,VLOOKUP(B85,DB!$D$4:$F$800,3,0),"") -> TRIGANA | O85: =IF(ISBLANK(F85),"RON","") | Q85: =IF(R85="RON",H85,"") | R85: =IF(O85="RON",O85,"") | S85: =IF(R85="RON",C85,"") | T85: =IF(R85="RON",B85,"") | U85: =IF(R85="RON",M85,"")
A86: 69 | B86: PK-LUV | C86: =IF(B86>1,VLOOKUP(B86,DB!$D$4:$E$800,2,0),"") -> A 320 | D86: 0.52083333 | E86: TRUE | F86: 0.58194444 | G86: TRUE | H86: B6 | I86: =IF(K86>1,VLOOKUP(K86,DB!$A$4:$B$500,2,0),"") -> WAHS | J86: =IF(L86>1,VLOOKUP(L86,DB!$A$4:$B$500,2,0),"") -> WIMM | K86: ID 7556 | L86: ID 7011 | M86: =IF(B86>1,VLOOKUP(B86,DB!$D$4:$F$800,3,0),"") -> BATIK AIR | O86: =IF(ISBLANK(F86),"RON","") | Q86: =IF(R86="RON",H86,"") | R86: =IF(O86="RON",O86,"") | S86: =IF(R86="RON",C86,"") | T86: =IF(R86="RON",B86,"") | U86: =IF(R86="RON",M86,"")
A87: 70 | B87: PK-LZH | C87: =IF(B87>1,VLOOKUP(B87,DB!$D$4:$E$800,2,0),"") -> A 320 | D87: 0.52916667 | E87: TRUE | F87: 0.58263889 | G87: TRUE | H87: B7 | I87: =IF(K87>1,VLOOKUP(K87,DB!$A$4:$B$500,2,0),"") -> WARR | J87: =IF(L87>1,VLOOKUP(L87,DB!$A$4:$B$500,2,0),"") -> WIPP | K87: ID 7516 | L87: ID 7051 | M87: =IF(B87>1,VLOOKUP(B87,DB!$D$4:$F$800,3,0),"") -> BATIK AIR | O87: =IF(ISBLANK(F87),"RON","") | Q87: =IF(R87="RON",H87,"") | R87: =IF(O87="RON",O87,"") | S87: =IF(R87="RON",C87,"") | T87: =IF(R87="RON",B87,"") | U87: =IF(R87="RON",M87,"")
A88: 71 | B88: PK-LUY | C88: =IF(B88>1,VLOOKUP(B88,DB!$D$4:$E$800,2,0),"") -> A 320 | D88: 0.54166667 | E88: TRUE | F88: 0.5875 | G88: TRUE | H88: B4 | I88: =IF(K88>1,VLOOKUP(K88,DB!$A$4:$B$500,2,0),"") -> WARR | J88: =IF(L88>1,VLOOKUP(L88,DB!$A$4:$B$500,2,0),"") -> WARR | K88: ID 7520 | L88: ID 7501 | M88: =IF(B88>1,VLOOKUP(B88,DB!$D$4:$F$800,3,0),"") -> BATIK AIR | O88: =IF(ISBLANK(F88),"RON","") | Q88: =IF(R88="RON",H88,"") | R88: =IF(O88="RON",O88,"") | S88: =IF(R88="RON",C88,"") | T88: =IF(R88="RON",B88,"") | U88: =IF(R88="RON",M88,"")
A89: 72 | B89: PK-VVM | C89: =IF(B89>1,VLOOKUP(B89,DB!$D$4:$E$800,2,0),"") -> C 208 | D89: 0.53125 | E89: TRUE | F89: 0.55416667 | G89: TRUE | H89: A0 | I89: =IF(K89>1,VLOOKUP(K89,DB!$A$4:$B$500,2,0),"") -> WICN | J89: =IF(L89>1,VLOOKUP(L89,DB!$A$4:$B$500,2,0),"") -> WICC | K89: SI 235 | L89: SI 230 | M89: =IF(B89>1,VLOOKUP(B89,DB!$D$4:$F$800,3,0),"") -> SUSI AIR | O89: =IF(ISBLANK(F89),"RON","") | Q89: =IF(R89="RON",H89,"") | R89: =IF(O89="RON",O89,"") | S89: =IF(R89="RON",C89,"") | T89: =IF(R89="RON",B89,"") | U89: =IF(R89="RON",M89,"")
A90: 73 | B90: PK-GJV | C90: =IF(B90>1,VLOOKUP(B90,DB!$D$4:$E$800,2,0),"") -> ATR 72 | D90: 0.54027778 | E90: TRUE | F90: 0.58125 | G90: TRUE | H90: B3 | I90: =IF(K90>1,VLOOKUP(K90,DB!$A$4:$B$500,2,0),"") -> WAHH | J90: =IF(L90>1,VLOOKUP(L90,DB!$A$4:$B$500,2,0),"") -> WAHH | K90: QG 1103 | L90: QG 1102 | M90: =IF(B90>1,VLOOKUP(B90,DB!$D$4:$F$800,3,0),"") -> CITILINK | O90: =IF(ISBLANK(F90),"RON","") | Q90: =IF(R90="RON",H90,"") | R90: =IF(O90="RON",O90,"") | S90: =IF(R90="RON",C90,"") | T90: =IF(R90="RON",B90,"") | U90: =IF(R90="RON",M90,"")
A91: 74 | B91: M-JGVJ | C91: =IF(B91>1,VLOOKUP(B91,DB!$D$4:$E$800,2,0),"") -> GLEX | D91: 0.55694444 | E91: TRUE | G91: FALSE | H91: SA03 | I91: B5 | J91: =IF(L91>1,VLOOKUP(L91,DB!$A$4:$B$500,2,0),"") | M91: KARISMA | O91: =IF(ISBLANK(F91),"RON","") -> RON | Q91: =IF(R91="RON",H91,"") -> SA03 | R91: =IF(O91="RON",O91,"") -> RON | S91: =IF(R91="RON",C91,"") -> GLEX | T91: =IF(R91="RON",B91,"") -> M-JGVJ | U91: =IF(R91="RON",M91,"") -> KARISMA
A92: 75 | B92: A-7307 | C92: =IF(B92>1,VLOOKUP(B92,DB!$D$4:$E$800,2,0),"") -> B 735 | D92: - | E92: FALSE | F92: 0.57986111 | G92: FALSE | H92: BASE OPS | I92: =IF(K92>1,VLOOKUP(K92,DB!$A$4:$B$500,2,0),"") -> EX RON | J92: WAHQ | K92: - | L92: IDAF 02 | M92: =IF(B92>1,VLOOKUP(B92,DB!$D$4:$F$800,3,0),"") -> TNI AU | N92: RI 2 | O92: =IF(ISBLANK(F92),"RON","") | Q92: =IF(R92="RON",H92,"") | R92: =IF(O92="RON",O92,"") | S92: =IF(R92="RON",C92,"") | T92: =IF(R92="RON",B92,"") | U92: =IF(R92="RON",M92,"")
A93: 76 | B93: PK-LAM | C93: =IF(B93>1,VLOOKUP(B93,DB!$D$4:$E$800,2,0),"") -> A 320 | D93: 0.59097222 | E93: TRUE | F93: 0.62430556 | G93: TRUE | H93: A1 | I93: =IF(K93>1,VLOOKUP(K93,DB!$A$4:$B$500,2,0),"") -> WADD | J93: =IF(L93>1,VLOOKUP(L93,DB!$A$4:$B$500,2,0),"") -> WIEE | K93: ID 7308 | L93: ID 7109 | M93: =IF(B93>1,VLOOKUP(B93,DB!$D$4:$F$800,3,0),"") -> BATIK AIR | O93: =IF(ISBLANK(F93),"RON","") | Q93: =IF(R93="RON",H93,"") | R93: =IF(O93="RON",O93,"") | S93: =IF(R93="RON",C93,"") | T93: =IF(R93="RON",B93,"") | U93: =IF(R93="RON",M93,"")
A94: 77 | B94: PK-GQL | C94: =IF(B94>1,VLOOKUP(B94,DB!$D$4:$E$800,2,0),"") -> A 320 | D94: 0.59722222 | E94: TRUE | F94: 0.62013889 | G94: TRUE | H94: B2 | I94: =IF(K94>1,VLOOKUP(K94,DB!$A$4:$B$500,2,0),"") -> WIPP | J94: =IF(L94>1,VLOOKUP(L94,DB!$A$4:$B$500,2,0),"") -> WARR | K94: QG 0089 | L94: QG 0174 | M94: =IF(B94>1,VLOOKUP(B94,DB!$D$4:$F$800,3,0),"") -> CITILINK | O94: =IF(ISBLANK(F94),"RON","") | Q94: =IF(R94="RON",H94,"") | R94: =IF(O94="RON",O94,"") | S94: =IF(R94="RON",C94,"") | T94: =IF(R94="RON",B94,"") | U94: =IF(R94="RON",M94,"")
A95: 78 | B95: PK-YSH | C95: =IF(B95>1,VLOOKUP(B95,DB!$D$4:$E$800,2,0),"") -> B 733 | D95: 0.60555556 | E95: TRUE | F95: 0.67708333 | G95: TRUE | H95: B12 | I95: =IF(K95>1,VLOOKUP(K95,DB!$A$4:$B$500,2,0),"") -> WAGG | J95: =IF(L95>1,VLOOKUP(L95,DB!$A$4:$B$500,2,0),"") -> WAGG | K95: IL 712 | L95: IL 7131 | M95: =IF(B95>1,VLOOKUP(B95,DB!$D$4:$F$800,3,0),"") -> TRIGANA | O95: =IF(ISBLANK(F95),"RON","") | Q95: =IF(R95="RON",H95,"") | R95: =IF(O95="RON",O95,"") | S95: =IF(R95="RON",C95,"") | T95: =IF(R95="RON",B95,"") | U95: =IF(R95="RON",M95,"")
A96: 79 | B96: PK-LUG | C96: =IF(B96>1,VLOOKUP(B96,DB!$D$4:$E$800,2,0),"") -> A 320 | D96: 0.60902778 | E96: TRUE | F96: 0.64027778 | G96: TRUE | H96: A2 | I96: =IF(K96>1,VLOOKUP(K96,DB!$A$4:$B$500,2,0),"") -> WAHQ | J96: =IF(L96>1,VLOOKUP(L96,DB!$A$4:$B$500,2,0),"") -> WAHS | K96: ID 7532 | L96: ID 7559 | M96: =IF(B96>1,VLOOKUP(B96,DB!$D$4:$F$800,3,0),"") -> BATIK AIR | O96: =IF(ISBLANK(F96),"RON","") | Q96: =IF(R96="RON",H96,"") | R96: =IF(O96="RON",O96,"") | S96: =IF(R96="RON",C96,"") | T96: =IF(R96="RON",B96,"") | U96: =IF(R96="RON",M96,"")
A97: 80 | B97: PK-BKP | C97: =IF(B97>1,VLOOKUP(B97,DB!$D$4:$E$800,2,0),"") -> A 320 | D97: 0.61875 | E97: TRUE | F97: 0.73194444 | G97: TRUE | H97: A3 | I97: =IF(K97>1,VLOOKUP(K97,DB!$A$4:$B$500,2,0),"") -> WARA | J97: =IF(L97>1,VLOOKUP(L97,DB!$A$4:$B$500,2,0),"") -> WARR | K97: ID 7582 | L97: ID 7503 | M97: =IF(B97>1,VLOOKUP(B97,DB!$D$4:$F$800,3,0),"") -> BATIK AIR | O97: =IF(ISBLANK(F97),"RON","") | Q97: =IF(R97="RON",H97,"") | R97: =IF(O97="RON",O97,"") | S97: =IF(R97="RON",C97,"") | T97: =IF(R97="RON",B97,"") | U97: =IF(R97="RON",M97,"")
A98: 81 | B98: PK-FJA | C98: =IF(B98>1,VLOOKUP(B98,DB!$D$4:$E$800,2,0),"") -> ATR 72 | D98: 0.61111111 | E98: TRUE | F98: 0.64513889 | G98: TRUE | H98: B1 | I98: =IF(K98>1,VLOOKUP(K98,DB!$A$4:$B$500,2,0),"") -> WAHH | J98: =IF(L98>1,VLOOKUP(L98,DB!$A$4:$B$500,2,0),"") -> WAHH | K98: KS 105 | L98: KS 106 | M98: =IF(B98>1,VLOOKUP(B98,DB!$D$4:$F$800,3,0),"") -> FLY JAYA | O98: =IF(ISBLANK(F98),"RON","") | Q98: =IF(R98="RON",H98,"") | R98: =IF(O98="RON",O98,"") | S98: =IF(R98="RON",C98,"") | T98: =IF(R98="RON",B98,"") | U98: =IF(R98="RON",M98,"")
A99: 82 | B99: PK-PAH | C99: =IF(B99>1,VLOOKUP(B99,DB!$D$4:$E$800,2,0),"") -> ATR 72 | D99: 0.66041667 | E99: TRUE | G99: FALSE | H99: A1 | I99: =IF(K99>1,VLOOKUP(K99,DB!$A$4:$B$500,2,0),"") -> WIDM | J99: =IF(L99>1,VLOOKUP(L99,DB!$A$4:$B$500,2,0),"") | K99: IP 7301 | M99: =IF(B99>1,VLOOKUP(B99,DB!$D$4:$F$800,3,0),"") -> PELITA | O99: =IF(ISBLANK(F99),"RON","") -> RON | Q99: =IF(R99="RON",H99,"") -> A1 | R99: =IF(O99="RON",O99,"") -> RON | S99: =IF(R99="RON",C99,"") -> ATR 72 | T99: =IF(R99="RON",B99,"") -> PK-PAH | U99: =IF(R99="RON",M99,"") -> PELITA
A100: 83 | B100: PK-LAF | C100: =IF(B100>1,VLOOKUP(B100,DB!$D$4:$E$800,2,0),"") -> A 320 | D100: 0.64861111 | E100: TRUE | F100: 0.68472222 | G100: TRUE | H100: B7 | I100: =IF(K100>1,VLOOKUP(K100,DB!$A$4:$B$500,2,0),"") -> WAHI | J100: =IF(L100>1,VLOOKUP(L100,DB!$A$4:$B$500,2,0),"") -> WIPP | K100: ID 7538 | L100: ID 7059 | M100: =IF(B100>1,VLOOKUP(B100,DB!$D$4:$F$800,3,0),"") -> BATIK AIR | O100: =IF(ISBLANK(F100),"RON","") | Q100: =IF(R100="RON",H100,"") | R100: =IF(O100="RON",O100,"") | S100: =IF(R100="RON",C100,"") | T100: =IF(R100="RON",B100,"") | U100: =IF(R100="RON",M100,"")
A101: 84 | B101: PK-LAO | C101: =IF(B101>1,VLOOKUP(B101,DB!$D$4:$E$800,2,0),"") -> A 320 | D101: 0.66527778 | E101: TRUE | F101: 0.71458333 | G101: TRUE | H101: A2 | I101: =IF(K101>1,VLOOKUP(K101,DB!$A$4:$B$500,2,0),"") -> WARR | J101: =IF(L101>1,VLOOKUP(L101,DB!$A$4:$B$500,2,0),"") -> WADD | K101: ID 7514 | L101: ID 7311 | M101: =IF(B101>1,VLOOKUP(B101,DB!$D$4:$F$800,3,0),"") -> BATIK AIR | O101: =IF(ISBLANK(F101),"RON","") | Q101: =IF(R101="RON",H101,"") | R101: =IF(O101="RON",O101,"") | S101: =IF(R101="RON",C101,"") | T101: =IF(R101="RON",B101,"") | U101: =IF(R101="RON",M101,"")
A102: 85 | B102: PK-GQF | C102: =IF(B102>1,VLOOKUP(B102,DB!$D$4:$E$800,2,0),"") -> A 320 | D102: 0.69166667 | E102: TRUE | F102: 0.71875 | G102: TRUE | H102: B1 | I102: =IF(K102>1,VLOOKUP(K102,DB!$A$4:$B$500,2,0),"") -> WARA | J102: =IF(L102>1,VLOOKUP(L102,DB!$A$4:$B$500,2,0),"") -> WARR | K102: QG 0165 | L102: QG 0172 | M102: =IF(B102>1,VLOOKUP(B102,DB!$D$4:$F$800,3,0),"") -> CITILINK | O102: =IF(ISBLANK(F102),"RON","") | Q102: =IF(R102="RON",H102,"") | R102: =IF(O102="RON",O102,"") | S102: =IF(R102="RON",C102,"") | T102: =IF(R102="RON",B102,"") | U102: =IF(R102="RON",M102,"")
A103: 86 | B103: PK-GFH | C103: =IF(B103>1,VLOOKUP(B103,DB!$D$4:$E$800,2,0),"") -> B 738 | D103: 0.69375 | E103: TRUE | F103: 0.72916667 | G103: TRUE | H103: B2 | I103: =IF(K103>1,VLOOKUP(K103,DB!$A$4:$B$500,2,0),"") -> WARR | J103: =IF(L103>1,VLOOKUP(L103,DB!$A$4:$B$500,2,0),"") -> WARR | K103: GA 0331 | L103: GA 3304 | M103: =IF(B103>1,VLOOKUP(B103,DB!$D$4:$F$800,3,0),"") -> GARUDA | O103: =IF(ISBLANK(F103),"RON","") | Q103: =IF(R103="RON",H103,"") | R103: =IF(O103="RON",O103,"") | S103: =IF(R103="RON",C103,"") | T103: =IF(R103="RON",B103,"") | U103: =IF(R103="RON",M103,"")
A104: 87 | B104: PK-GLU | C104: =IF(B104>1,VLOOKUP(B104,DB!$D$4:$E$800,2,0),"") -> A 320 | D104: 0.72222222 | E104: TRUE | F104: 0.75347222 | G104: TRUE | H104: A2 | I104: =IF(K104>1,VLOOKUP(K104,DB!$A$4:$B$500,2,0),"") -> WADD | J104: =IF(L104>1,VLOOKUP(L104,DB!$A$4:$B$500,2,0),"") -> WADD | K104: QG 0195 | L104: QG 0194 | M104: =IF(B104>1,VLOOKUP(B104,DB!$D$4:$F$800,3,0),"") -> CITILINK | O104: =IF(ISBLANK(F104),"RON","") | Q104: =IF(R104="RON",H104,"") | R104: =IF(O104="RON",O104,"") | S104: =IF(R104="RON",C104,"") | T104: =IF(R104="RON",B104,"") | U104: =IF(R104="RON",M104,"")
A105: 88 | B105: PK-GJV | C105: =IF(B105>1,VLOOKUP(B105,DB!$D$4:$E$800,2,0),"") -> ATR 72 | D105: 0.71458333 | E105: TRUE | F105: 0.79027778 | G105: TRUE | H105: B3 | I105: =IF(K105>1,VLOOKUP(K105,DB!$A$4:$B$500,2,0),"") -> WAHH | J105: A2 | K105: QG 1105 | M105: =IF(B105>1,VLOOKUP(B105,DB!$D$4:$F$800,3,0),"") -> CITILINK | O105: =IF(ISBLANK(F105),"RON","") | Q105: =IF(R105="RON",H105,"") | R105: =IF(O105="RON",O105,"") | S105: =IF(R105="RON",C105,"") | T105: =IF(R105="RON",B105,"") | U105: =IF(R105="RON",M105,"")
A106: 89 | B106: PK-LZH | C106: =IF(B106>1,VLOOKUP(B106,DB!$D$4:$E$800,2,0),"") -> A 320 | D106: 0.71875 | E106: TRUE | F106: 0.75208333 | G106: TRUE | H106: B7 | I106: =IF(K106>1,VLOOKUP(K106,DB!$A$4:$B$500,2,0),"") -> WIPP | J106: =IF(L106>1,VLOOKUP(L106,DB!$A$4:$B$500,2,0),"") -> WAHI | K106: ID 7052 | L106: ID 7541 | M106: =IF(B106>1,VLOOKUP(B106,DB!$D$4:$F$800,3,0),"") -> BATIK AIR | O106: =IF(ISBLANK(F106),"RON","") | Q106: =IF(R106="RON",H106,"") | R106: =IF(O106="RON",O106,"") | S106: =IF(R106="RON",C106,"") | T106: =IF(R106="RON",B106,"") | U106: =IF(R106="RON",M106,"")
...

Sheet 05
A1: APRON MOVEMENT SHEET HALIM PERDANAKUSUMA
A7: AERODROME : | C7: WIHH
A8: TANGGAL : | C8: 45843
A9: PETUGAS AMC | C9: PAGI SIANG ( 07:00 - 18:59) | E9: MALAM (19:00 - 06:59)
C10: RIZA IBNU FAJAR | E10: MALDIKA HASIBUAN
C11: RIDWAN WINANTO | E11: NUZAR AFRIAN
C12: PELTU UUM | E12: PELTU SUCIADI
A15: NO | B15: REGISTRATION | C15: TYPE | D15: TIME OF | H15: PARKING STAND | I15: FROM | J15: TO | K15: FLIGHT NO | M15: OPERATOR / AIRLINES | N15: REMARKS | O15: STATUS
D16: ON BLOCK | F16: OFF BLOCK | K16: ARR | L16: DEP
Q17: 1 | R17: 2 | S17: 3 | T17: 4 | U17: 5
A18: 1 | B18: PK-VCD | C18: =IF(B18>1,VLOOKUP(B18,DB!$D$4:$E$800,2,0),"") -> PA 34 | D18: - | E18: FALSE | G18: FALSE | H18: NSA01 | I18: =IF(K18>1,VLOOKUP(K18,DB!$A$4:$B$500,2,0),"") | J18: =IF(L18>1,VLOOKUP(L18,DB!$A$4:$B$500,2,0),"") | M18: =IF(B18>1,VLOOKUP(B18,DB!$D$4:$F$800,3,0),"") -> PENAS | N18: UNSERVICEABLE | O18: =IF(ISBLANK(F18),"RON","") -> RON | Q18: =IF(R18="RON",H18,"") -> NSA01 | R18: =IF(O18="RON",O18,"") -> RON | S18: =IF(R18="RON",C18,"") -> PA 34 | T18: =IF(R18="RON",B18,"") -> PK-VCD | U18: =IF(R18="RON",M18,"") -> PENAS
A19: 2 | B19: PK-RSO | C19: =IF(B19>1,VLOOKUP(B19,DB!$D$4:$E$800,2,0),"") -> CT 650 | D19: - | E19: FALSE | G19: FALSE | H19: NSA02 | I19: =IF(K19>1,VLOOKUP(K19,DB!$A$4:$B$500,2,0),"") | J19: =IF(L19>1,VLOOKUP(L19,DB!$A$4:$B$500,2,0),"") | M19: =IF(B19>1,VLOOKUP(B19,DB!$D$4:$F$800,3,0),"") -> ENGGANG | N19: UNSERVICEABLE | O19: =IF(ISBLANK(F19),"RON","") -> RON | Q19: =IF(R19="RON",H19,"") -> NSA02 | R19: =IF(O19="RON",O19,"") -> RON | S19: =IF(R19="RON",C19,"") -> CT 650 | T19: =IF(R19="RON",B19,"") -> PK-RSO | U19: =IF(R19="RON",M19,"") -> ENGGANG
A20: 3 | B20: PK-RDA | C20: =IF(B20>1,VLOOKUP(B20,DB!$D$4:$E$800,2,0),"") -> HK 900 | D20: - | E20: FALSE | G20: FALSE | H20: NSA03 | I20: =IF(K20>1,VLOOKUP(K20,DB!$A$4:$B$500,2,0),"") | J20: =IF(L20>1,VLOOKUP(L20,DB!$A$4:$B$500,2,0),"") | M20: =IF(B20>1,VLOOKUP(B20,DB!$D$4:$F$800,3,0),"") -> TRI MG | N20: UNSERVICEABLE | O20: =IF(ISBLANK(F20),"RON","") -> RON | Q20: =IF(R20="RON",H20,"") -> NSA03 | R20: =IF(O20="RON",O20,"") -> RON | S20: =IF(R20="RON",C20,"") -> HK 900 | T20: =IF(R20="RON",B20,"") -> PK-RDA | U20: =IF(R20="RON",M20,"") -> TRI MG
A21: 4 | B21: PK-YGK | C21: =IF(B21>1,VLOOKUP(B21,DB!$D$4:$E$800,2,0),"") -> HK 400 | D21: - | E21: FALSE | G21: FALSE | H21: NSA04 | I21: =IF(K21>1,VLOOKUP(K21,DB!$A$4:$B$500,2,0),"") | J21: =IF(L21>1,VLOOKUP(L21,DB!$A$4:$B$500,2,0),"") | M21: =IF(B21>1,VLOOKUP(B21,DB!$D$4:$F$800,3,0),"") -> TRI MG | N21: UNSERVICEABLE | O21: =IF(ISBLANK(F21),"RON","") -> RON | Q21: =IF(R21="RON",H21,"") -> NSA04 | R21: =IF(O21="RON",O21,"") -> RON | S21: =IF(R21="RON",C21,"") -> HK 400 | T21: =IF(R21="RON",B21,"") -> PK-YGK | U21: =IF(R21="RON",M21,"") -> TRI MG
A22: 5 | B22: PK-YGR | C22: =IF(B22>1,VLOOKUP(B22,DB!$D$4:$E$800,2,0),"") -> HK 800 | D22: - | E22: FALSE | G22: FALSE | H22: NSA05 | I22: =IF(K22>1,VLOOKUP(K22,DB!$A$4:$B$500,2,0),"") | J22: =IF(L22>1,VLOOKUP(L22,DB!$A$4:$B$500,2,0),"") | M22: =IF(B22>1,VLOOKUP(B22,DB!$D$4:$F$800,3,0),"") -> TRI MG | N22: UNSERVICEABLE | O22: =IF(ISBLANK(F22),"RON","") -> RON | Q22: =IF(R22="RON",H22,"") -> NSA05 | R22: =IF(O22="RON",O22,"") -> RON | S22: =IF(R22="RON",C22,"") -> HK 800 | T22: =IF(R22="RON",B22,"") -> PK-YGR | U22: =IF(R22="RON",M22,"") -> TRI MG
A23: 6 | B23: N-484BA | C23: =IF(B23>1,VLOOKUP(B23,DB!$D$4:$E$800,2,0),"") -> LJ 31 | D23: - | E23: FALSE | G23: FALSE | H23: NSA06 | I23: =IF(K23>1,VLOOKUP(K23,DB!$A$4:$B$500,2,0),"") | J23: =IF(L23>1,VLOOKUP(L23,DB!$A$4:$B$500,2,0),"") | M23: =IF(B23>1,VLOOKUP(B23,DB!$D$4:$F$800,3,0),"") -> IAP | N23: UNSERVICEABLE | O23: =IF(ISBLANK(F23),"RON","") -> RON | Q23: =IF(R23="RON",H23,"") -> NSA06 | R23: =IF(O23="RON",O23,"") -> RON | S23: =IF(R23="RON",C23,"") -> LJ 31 | T23: =IF(R23="RON",B23,"") -> N-484BA | U23: =IF(R23="RON",M23,"") -> IAP
A24: 7 | B24: A-2701 | C24: =IF(B24>1,VLOOKUP(B24,DB!$D$4:$E$800,2,0),"") -> FOKKER 27 | D24: - | E24: FALSE | G24: FALSE | H24: NSA07 | I24: =IF(K24>1,VLOOKUP(K24,DB!$A$4:$B$500,2,0),"") | J24: =IF(L24>1,VLOOKUP(L24,DB!$A$4:$B$500,2,0),"") | M24: =IF(B24>1,VLOOKUP(B24,DB!$D$4:$F$800,3,0),"") -> TNI AU | N24: UNSERVICEABLE | O24: =IF(ISBLANK(F24),"RON","") -> RON | Q24: =IF(R24="RON",H24,"") -> NSA07 | R24: =IF(O24="RON",O24,"") -> RON | S24: =IF(R24="RON",C24,"") -> FOKKER 27 | T24: =IF(R24="RON",B24,"") -> A-2701 | U24: =IF(R24="RON",M24,"") -> TNI AU
A25: 8 | B25: A-2706 | C25: =IF(B25>1,VLOOKUP(B25,DB!$D$4:$E$800,2,0),"") -> FOKKER 27 | D25: - | E25: FALSE | G25: FALSE | H25: NSA08 | I25: =IF(K25>1,VLOOKUP(K25,DB!$A$4:$B$500,2,0),"") | J25: =IF(L25>1,VLOOKUP(L25,DB!$A$4:$B$500,2,0),"") | M25: =IF(B25>1,VLOOKUP(B25,DB!$D$4:$F$800,3,0),"") -> TNI AU | N25: UNSERVICEABLE | O25: =IF(ISBLANK(F25),"RON","") -> RON | Q25: =IF(R25="RON",H25,"") -> NSA08 | R25: =IF(O25="RON",O25,"") -> RON | S25: =IF(R25="RON",C25,"") -> FOKKER 27 | T25: =IF(R25="RON",B25,"") -> A-2706 | U25: =IF(R25="RON",M25,"") -> TNI AU
A26: 9 | B26: A-2801 | C26: =IF(B26>1,VLOOKUP(B26,DB!$D$4:$E$800,2,0),"") -> FOKKER 28 | D26: - | E26: FALSE | G26: FALSE | H26: NSA09 | I26: =IF(K26>1,VLOOKUP(K26,DB!$A$4:$B$500,2,0),"") | J26: =IF(L26>1,VLOOKUP(L26,DB!$A$4:$B$500,2,0),"") | M26: =IF(B26>1,VLOOKUP(B26,DB!$D$4:$F$800,3,0),"") -> TNI AU | N26: UNSERVICEABLE | O26: =IF(ISBLANK(F26),"RON","") -> RON | Q26: =IF(R26="RON",H26,"") -> NSA09 | R26: =IF(O26="RON",O26,"") -> RON | S26: =IF(R26="RON",C26,"") -> FOKKER 28 | T26: =IF(R26="RON",B26,"") -> A-2801 | U26: =IF(R26="RON",M26,"") -> TNI AU
A27: 10 | B27: N-2409K | C27: =IF(B27>1,VLOOKUP(B27,DB!$D$4:$E$800,2,0),"") -> HK 800 | D27: - | E27: FALSE | G27: FALSE | H27: NSA10 | I27: =IF(K27>1,VLOOKUP(K27,DB!$A$4:$B$500,2,0),"") | J27: =IF(L27>1,VLOOKUP(L27,DB!$A$4:$B$500,2,0),"") | M27: AFM | O27: =IF(ISBLANK(F27),"RON","") -> RON | Q27: =IF(R27="RON",H27,"") -> NSA10 | R27: =IF(O27="RON",O27,"") -> RON | S27: =IF(R27="RON",C27,"") -> HK 800 | T27: =IF(R27="RON",B27,"") -> N-2409K | U27: =IF(R27="RON",M27,"") -> AFM
A28: 11 | B28: T7-FCN | C28: =IF(B28>1,VLOOKUP(B28,DB!$D$4:$E$800,2,0),"") -> HK 800 | D28: - | E28: FALSE | G28: FALSE | H28: NSA11 | I28: =IF(K28>1,VLOOKUP(K28,DB!$A$4:$B$500,2,0),"") | J28: =IF(L28>1,VLOOKUP(L28,DB!$A$4:$B$500,2,0),"") | M28: KARISMA | O28: =IF(ISBLANK(F28),"RON","") -> RON | Q28: =IF(R28="RON",H28,"") -> NSA11 | R28: =IF(O28="RON",O28,"") -> RON | S28: =IF(R28="RON",C28,"") -> HK 800 | T28: =IF(R28="RON",B28,"") -> T7-FCN | U28: =IF(R28="RON",M28,"") -> KARISMA
A29: 12 | B29: N-977JH | C29: =IF(B29>1,VLOOKUP(B29,DB!$D$4:$E$800,2,0),"") -> CT 680 | D29: - | E29: FALSE | G29: FALSE | H29: NSA12 | I29: =IF(K29>1,VLOOKUP(K29,DB!$A$4:$B$500,2,0),"") | J29: =IF(L29>1,VLOOKUP(L29,DB!$A$4:$B$500,2,0),"") | M29: =IF(B29>1,VLOOKUP(B29,DB!$D$4:$F$800,3,0),"") -> JIP | O29: =IF(ISBLANK(F29),"RON","") -> RON | Q29: =IF(R29="RON",H29,"") -> NSA12 | R29: =IF(O29="RON",O29,"") -> RON | S29: =IF(R29="RON",C29,"") -> CT 680 | T29: =IF(R29="RON",B29,"") -> N-977JH | U29: =IF(R29="RON",M29,"") -> JIP
A30: 13 | B30: N-227GV | C30: =IF(B30>1,VLOOKUP(B30,DB!$D$4:$E$800,2,0),"") -> L 1000 | D30: - | E30: FALSE | F30: 0.23680556 | G30: TRUE | H30: SA01 | I30: =IF(K30>1,VLOOKUP(K30,DB!$A$4:$B$500,2,0),"") -> EX RON | J30: B3 | K30: - | M30: PREMI | O30: =IF(ISBLANK(F30),"RON","") | Q30: =IF(R30="RON",H30,"") | R30: =IF(O30="RON",O30,"") | S30: =IF(R30="RON",C30,"") | T30: =IF(R30="RON",B30,"") | U30: =IF(R30="RON",M30,"")
A31: 14 | B31: PK-RJH | C31: =IF(B31>1,VLOOKUP(B31,DB!$D$4:$E$800,2,0),"") -> EC 135 | D31: - | E31: FALSE | G31: FALSE | H31: SA02 | I31: =IF(K31>1,VLOOKUP(K31,DB!$A$4:$B$500,2,0),"") | J31: =IF(L31>1,VLOOKUP(L31,DB!$A$4:$B$500,2,0),"") | M31: PREMI | O31: =IF(ISBLANK(F31),"RON","") -> RON | Q31: =IF(R31="RON",H31,"") -> SA02 | R31: =IF(O31="RON",O31,"") -> RON | S31: =IF(R31="RON",C31,"") -> EC 135 | T31: =IF(R31="RON",B31,"") -> PK-RJH | U31: =IF(R31="RON",M31,"") -> PREMI
A32: 15 | B32: M-JGVJ | C32: =IF(B32>1,VLOOKUP(B32,DB!$D$4:$E$800,2,0),"") -> GLEX | D32: - | E32: FALSE | G32: FALSE | H32: SA03 | I32: =IF(K32>1,VLOOKUP(K32,DB!$A$4:$B$500,2,0),"") | J32: =IF(L32>1,VLOOKUP(L32,DB!$A$4:$B$500,2,0),"") | M32: KARISMA | O32: =IF(ISBLANK(F32),"RON","") -> RON | Q32: =IF(R32="RON",H32,"") -> SA03 | R32: =IF(O32="RON",O32,"") -> RON | S32: =IF(R32="RON",C32,"") -> GLEX | T32: =IF(R32="RON",B32,"") -> M-JGVJ | U32: =IF(R32="RON",M32,"") -> KARISMA
A33: 16 | B33: VP-CLL | C33: =IF(B33>1,VLOOKUP(B33,DB!$D$4:$E$800,2,0),"") -> EMB 135 | D33: - | E33: FALSE | G33: FALSE | H33: SA04 | I33: =IF(K33>1,VLOOKUP(K33,DB!$A$4:$B$500,2,0),"") | J33: =IF(L33>1,VLOOKUP(L33,DB!$A$4:$B$500,2,0),"") | M33: KARISMA | O33: =IF(ISBLANK(F33),"RON","") -> RON | Q33: =IF(R33="RON",H33,"") -> SA04 | R33: =IF(O33="RON",O33,"") -> RON | S33: =IF(R33="RON",C33,"") -> EMB 135 | T33: =IF(R33="RON",B33,"") -> VP-CLL | U33: =IF(R33="RON",M33,"") -> KARISMA
A34: 17 | B34: T7-X14 | C34: =IF(B34>1,VLOOKUP(B34,DB!$D$4:$E$800,2,0),"") -> G VI | D34: - | E34: FALSE | G34: FALSE | H34: SA05 | I34: =IF(K34>1,VLOOKUP(K34,DB!$A$4:$B$500,2,0),"") | J34: =IF(L34>1,VLOOKUP(L34,DB!$A$4:$B$500,2,0),"") | M34: AFM | O34: =IF(ISBLANK(F34),"RON","") -> RON | Q34: =IF(R34="RON",H34,"") -> SA05 | R34: =IF(O34="RON",O34,"") -> RON | S34: =IF(R34="RON",C34,"") -> G VI | T34: =IF(R34="RON",B34,"") -> T7-X14 | U34: =IF(R34="RON",M34,"") -> AFM
A35: 18 | B35: T7-MPI | C35: =IF(B35>1,VLOOKUP(B35,DB!$D$4:$E$800,2,0),"") -> EMB 135 | D35: - | E35: FALSE | G35: FALSE | H35: SA06 | I35: =IF(K35>1,VLOOKUP(K35,DB!$A$4:$B$500,2,0),"") | J35: =IF(L35>1,VLOOKUP(L35,DB!$A$4:$B$500,2,0),"") | M35: KARISMA | O35: =IF(ISBLANK(F35),"RON","") -> RON | Q35: =IF(R35="RON",H35,"") -> SA06 | R35: =IF(O35="RON",O35,"") -> RON | S35: =IF(R35="RON",C35,"") -> EMB 135 | T35: =IF(R35="RON",B35,"") -> T7-MPI | U35: =IF(R35="RON",M35,"") -> KARISMA
A36: 19 | B36: N-11UB | C36: =IF(B36>1,VLOOKUP(B36,DB!$D$4:$E$800,2,0),"") -> GLEX | D36: - | E36: FALSE | G36: FALSE | H36: SA07 | I36: =IF(K36>1,VLOOKUP(K36,DB!$A$4:$B$500,2,0),"") | J36: =IF(L36>1,VLOOKUP(L36,DB!$A$4:$B$500,2,0),"") | M36: PTN | O36: =IF(ISBLANK(F36),"RON","") -> RON | Q36: =IF(R36="RON",H36,"") -> SA07 | R36: =IF(O36="RON",O36,"") -> RON | S36: =IF(R36="RON",C36,"") -> GLEX | T36: =IF(R36="RON",B36,"") -> N-11UB | U36: =IF(R36="RON",M36,"") -> PTN
A37: 20 | B37: PK-GJT | C37: =IF(B37>1,VLOOKUP(B37,DB!$D$4:$E$800,2,0),"") -> ATR 72 | D37: - | E37: FALSE | G37: FALSE | H37: SA08 | I37: =IF(K37>1,VLOOKUP(K37,DB!$A$4:$B$500,2,0),"") | J37: =IF(L37>1,VLOOKUP(L37,DB!$A$4:$B$500,2,0),"") | M37: CITILINK | O37: =IF(ISBLANK(F37),"RON","") -> RON | Q37: =IF(R37="RON",H37,"") -> SA08 | R37: =IF(O37="RON",O37,"") -> RON | S37: =IF(R37="RON",C37,"") -> ATR 72 | T37: =IF(R37="RON",B37,"") -> PK-GJT | U37: =IF(R37="RON",M37,"") -> CITILINK
A38: 21 | B38: PK-LZH | C38: =IF(B38>1,VLOOKUP(B38,DB!$D$4:$E$800,2,0),"") -> A 320 | D38: - | E38: FALSE | F38: 0.44027778 | G38: TRUE | H38: SA09 | I38: =IF(K38>1,VLOOKUP(K38,DB!$A$4:$B$500,2,0),"") -> EX RON | J38: B8 | K38: - | M38: BATIK AIR | O38: =IF(ISBLANK(F38),"RON","") | Q38: =IF(R38="RON",H38,"") | R38: =IF(O38="RON",O38,"") | S38: =IF(R38="RON",C38,"") | T38: =IF(R38="RON",B38,"") | U38: =IF(R38="RON",M38,"")
A39: 22 | B39: T7-GBS | C39: =IF(B39>1,VLOOKUP(B39,DB!$D$4:$E$800,2,0),"") -> EMB 135 | D39: - | E39: FALSE | G39: FALSE | H39: SA10 | I39: =IF(K39>1,VLOOKUP(K39,DB!$A$4:$B$500,2,0),"") | J39: =IF(L39>1,VLOOKUP(L39,DB!$A$4:$B$500,2,0),"") | M39: AFM | O39: =IF(ISBLANK(F39),"RON","") -> RON | Q39: =IF(R39="RON",H39,"") -> SA10 | R39: =IF(O39="RON",O39,"") -> RON | S39: =IF(R39="RON",C39,"") -> EMB 135 | T39: =IF(R39="RON",B39,"") -> T7-GBS | U39: =IF(R39="RON",M39,"") -> AFM
A40: 23 | B40: PK-LAO | C40: =IF(B40>1,VLOOKUP(B40,DB!$D$4:$E$800,2,0),"") -> A 320 | D40: - | E40: FALSE | F40: 0.26527778 | G40: TRUE | H40: SA11 | I40: =IF(K40>1,VLOOKUP(K40,DB!$A$4:$B$500,2,0),"") -> EX RON | J40: A2 | K40: - | M40: KARISMA | O40: =IF(ISBLANK(F40),"RON","") | Q40: =IF(R40="RON",H40,"") | R40: =IF(O40="RON",O40,"") | S40: =IF(R40="RON",C40,"") | T40: =IF(R40="RON",B40,"") | U40: =IF(R40="RON",M40,"")
A41: 24 | B41: N-939AP | C41: =IF(B41>1,VLOOKUP(B41,DB!$D$4:$E$800,2,0),"") -> GLEX | D41: - | E41: FALSE | G41: FALSE | H41: RE01 | I41: =IF(K41>1,VLOOKUP(K41,DB!$A$4:$B$500,2,0),"") | M41: =IF(B41>1,VLOOKUP(B41,DB!$D$4:$F$800,3,0),"") -> BIOMANTARA | O41: =IF(ISBLANK(F41),"RON","") -> RON | Q41: =IF(R41="RON",H41,"") -> RE01 | R41: =IF(O41="RON",O41,"") -> RON | S41: =IF(R41="RON",C41,"") -> GLEX | T41: =IF(R41="RON",B41,"") -> N-939AP | U41: =IF(R41="RON",M41,"") -> BIOMANTARA
A42: 25 | B42: T7-977 | C42: =IF(B42>1,VLOOKUP(B42,DB!$D$4:$E$800,2,0),"") -> G IV | D42: - | E42: FALSE | F42: 0.68402778 | G42: TRUE | H42: RE02 | I42: =IF(K42>1,VLOOKUP(K42,DB!$A$4:$B$500,2,0),"") -> EX RON | J42: B4 | K42: - | M42: =IF(B42>1,VLOOKUP(B42,DB!$D$4:$F$800,3,0),"") -> JIP | O42: =IF(ISBLANK(F42),"RON","") | Q42: =IF(R42="RON",H42,"") | R42: =IF(O42="RON",O42,"") | S42: =IF(R42="RON",C42,"") | T42: =IF(R42="RON",B42,"") | U42: =IF(R42="RON",M42,"")
A43: 26 | B43: B-7699 | C43: =IF(B43>1,VLOOKUP(B43,DB!$D$4:$E$800,2,0),"") -> GLEX | D43: - | E43: FALSE | F43: 0.22638889 | G43: TRUE | H43: RE03 | I43: =IF(K43>1,VLOOKUP(K43,DB!$A$4:$B$500,2,0),"") -> EX RON | J43: B6 | K43: - | M43: AFM | O43: =IF(ISBLANK(F43),"RON","") | Q43: =IF(R43="RON",H43,"") | R43: =IF(O43="RON",O43,"") | S43: =IF(R43="RON",C43,"") | T43: =IF(R43="RON",B43,"") | U43: =IF(R43="RON",M43,"")
A44: 27 | B44: PK-PAH | C44: =IF(B44>1,VLOOKUP(B44,DB!$D$4:$E$800,2,0),"") -> ATR 72 | D44: - | E44: FALSE | F44: 0.20972222 | G44: TRUE | H44: A1 | I44: =IF(K44>1,VLOOKUP(K44,DB!$A$4:$B$500,2,0),"") -> EX RON | J44: =IF(L44>1,VLOOKUP(L44,DB!$A$4:$B$500,2,0),"") -> WIDM | K44: - | L44: IP 7300 | M44: =IF(B44>1,VLOOKUP(B44,DB!$D$4:$F$800,3,0),"") -> PELITA | O44: =IF(ISBLANK(F44),"RON","") | Q44: =IF(R44="RON",H44,"") | R44: =IF(O44="RON",O44,"") | S44: =IF(R44="RON",C44,"") | T44: =IF(R44="RON",B44,"") | U44: =IF(R44="RON",M44,"")
A45: 28 | B45: PK-GJV | C45: =IF(B45>1,VLOOKUP(B45,DB!$D$4:$E$800,2,0),"") -> ATR 72 | D45: - | E45: FALSE | F45: 0.23958333 | G45: TRUE | H45: A2 | I45: =IF(K45>1,VLOOKUP(K45,DB!$A$4:$B$500,2,0),"") -> EX RON | J45: =IF(L45>1,VLOOKUP(L45,DB!$A$4:$B$500,2,0),"") -> WAHH | K45: - | L45: QG 1100 | M45: =IF(B45>1,VLOOKUP(B45,DB!$D$4:$F$800,3,0),"") -> CITILINK | O45: =IF(ISBLANK(F45),"RON","") | Q45: =IF(R45="RON",H45,"") | R45: =IF(O45="RON",O45,"") | S45: =IF(R45="RON",C45,"") | T45: =IF(R45="RON",B45,"") | U45: =IF(R45="RON",M45,"")
