Workbook

Sheet DB
A1: SCHEDULE AIRLINE | D1: PESAWAT
A3: FLIGHT NO | B3: ROUTE | D3: REGISTRASI | E3: TYPE | F3: MASKAPAI
A4: - | B4: EX RON | D4: PK-JTX | E4: BELL 407 | F4: AIR PASIFIC
A5: 0B 1001 | B5: WIII | D5: PK-ODC | E5: AS350 | F5: AIRFAST
A6: 0B 1051 | B6: WAJJ | D6: PK-NKV | E6: B 733 | F6: AIRNESIA
A7: 0B 5021 | B7: WAAA | D7: PK-NMI | E7: B 733 | F7: AIRNESIA
A8: 0B 5022 | B8: WAMM | D8: PK-BBN | E8: B 738 | F8: B. B. N
A9: 0B 5024 | B9: WAAA | D9: PK-BBJ | E9: B 734 | F9: B. B. N.
A10: 0B 5273 | B10: WAOO | D10: PK-BKA | E10: A 320 | F10: BATIK AIR
A11: 0B 5274 | B11: WAOO | D11: PK-BKB | E11: A 320 | F11: BATIK AIR
A12: 0B 5275 | B12: WAOO | D12: PK-BKC | E12: A 320 | F12: BATIK AIR
A13: 0B 5276 | B13: WAOO | D13: PK-BKD | E13: A 320 | F13: BATIK AIR
A14: 0B 5611 | B14: WIOO | D14: PK-BKE | E14: A 320 | F14: BATIK AIR
... A287: ID 5002 | B287: WILL | D287: PK-GND | E287: B 738 | F287: GARUDA
D288: PK-GNE | E288: B 738 | F288: GARUDA
D289: PK-GNF | E289: B 738 | F289: GARUDA
D290: PK-GNG | E290: B 738 | F290: GARUDA
D291: PK-GNH | E291: B 738 | F291: GARUDA
D292: PK-GNI | E292: B 738 | F292: GARUDA
D293: PK-GNJ | E293: B 738 | F293: GARUDA
D294: PK-GNK | E294: B 738 | F294: GARUDA
D295: PK-GNL | E295: B 738 | F295: GARUDA
D296: PK-GNM | E296: B 738 | F296: GARUDA
D297: PK-GNN | E297: B 738 | F297: GARUDA
D298: PK-GNO | E298: B 738 | F298: GARUDA
D299: PK-GNP | E299: B 738 | F299: GARUDA
... D425: PK-YST | E425: B 733 | F425: TRIGANA
D426: 20241 | E426: XIAN Y20 B
D427: 20248 | E427: XIAN Y20 B
D428: 13-031 | E428: DO 328
D429: 13-075 | E429: DO 328
D430: 9H-VCB | E430: CL 350
D431: 9H-VCR | E431: CL 350
D432: 9H-VIE | E432: G 7500
D433: 9H-VIT | E433: G 7500
D434: 9M-VEV | E434: AVANTI
D435: A56-003 | E435: FAL 7X
D436: B-8160 | E436: G V
D437: F-RAFP | E437: FAL 900
D438: FNY-5663D | E438: CARACAL
D439: HA-5180 | E439: BELL 412EP
... D552: N-118CY | E552: DA 62
D553: PK-OCF | E553: DHC 6 | F553: AIRFAST
D554: 9H-VCZ | E554: CL 350
D555: F-HBQT | E555: FAL 8X
D556: 2-TSPP | E556: B 738
D557: PK-JTO | E557: EC 130
D558: VP-CWZ | E558: G V
D559: PK-SNU | E559: P-750
D560: A7-MHH | E560: A 319
D561: B-8309 | E561: G V
D562: N-810CK | E562: GLEX
D563: N-91GT | E563: CT 525
D564: PT-MBC | E564: EMB 550
D565: PK-CAR | E565: HK 900
... D575: PK-WSJ | E575: BELL 429
D576: PK-OCH | E576: TWIN OTTER | F576: AIRFAST
D577: 9H-VIH | E577: G 7500
D578: T7-EQR | E578: G IV
D579: VH-OFJ | E579: HK 800
D580: HL-8299 | E580: G VI
D581: A2-MBA | E581: C 208
D582: VP-CAH | E582: G 7500
D583: 9H-NYC | E583: L 1000
D584: C-GSGP | E584: TWIN OTTER
D585: N-308KG | E585: G V
D586: PK-RTY | E586: AS 365
D587: PK-THT | E587: ATR 42 | F587: IAT
D588: HB-JKQ | E588: G VI
D589: VN-A268 | E589: EMB 135
D590: N-308KB | E590: G 280
D591: PK-MBM | E591: B 733 | F591: TRI MG
D592: PK-SNF | E592: C 208
D593: B-6738 | E593: A 320
D594: PK-OCI | E594: DHC 6 | F594: AIRFAST
D595: N-887WM | E595: G VI
D596: HS-KCS | E596: CT 750
D597: PK-OCK | E597: DHC-6
D598: F-RAFA | E598: FAL 7X
D599: PK-GSA | E599: C 208
D600: VH-8PO | E600: KING AIR
D601: EP-IGA | E601: A 340
D602: A39-007 | E602: A 330
D603: PK-CEO | E603: HK 800 | F603: JETSET
D604: 9H-VFF | E604: CL 60
D605: 9H-VJC | E605: GLEX
D606: N-158QS | E606: GLEX
D607: T7-333 | E607: G VI
D608: T7-S16 | E608: G 500 | F608: JIP
D609: N-577QT | E609: FAL 900
D610: PK-SNK | E610: C 208
D611: F-UJCO | E611: A 332
D612: T7-ARG | E612: G V
D613: N-156QS | E613: GLEX
D614: TF-FIC | E614: B 752
D615: B-2480 | E615: B 748

Sheet 01
A1: APRON MOVEMENT SHEET HALIM PERDANAKUSUMA | V1: STAND MAIN APRON AVAILABLE
V2: STAND | W2: ACTUAL | X2: PLOTTING
V3: A0 | W3: =COUNTIFS($H$18:$H$167,V3,$D$18:$D$167,"<>",$F$18:$F$167,"") -> 0 | X3: =COUNTIFS($H$18:$H$167,V3,$D$18:$D$167,"",$F$18:$F$167,"") -> 0 | Y3: STAND | Z3: ACTUAL | AA3: PLOTTING
V4: A1 | W4: =COUNTIFS($H$18:$H$167,V4,$D$18:$D$167,"<>",$F$18:$F$167,"") -> 1 | X4: =COUNTIFS($H$18:$H$167,V4,$D$18:$D$167,"",$F$18:$F$167,"") -> 0 | Y4: B6 | Z4: =COUNTIFS($H$18:$H$167,Y4,$D$18:$D$167,"<>",$F$18:$F$167,"") -> 1 | AA4: =COUNTIFS($H$18:$H$167,Y4,$D$18:$D$167,"",$F$18:$F$167,"") -> 0
V5: A2 | W5: =COUNTIFS($H$18:$H$167,V5,$D$18:$D$167,"<>",$F$18:$F$167,"") -> 0 | X5: =COUNTIFS($H$18:$H$167,V5,$D$18:$D$167,"",$F$18:$F$167,"") -> 0 | Y5: B7 | Z5: =COUNTIFS($H$18:$H$167,Y5,$D$18:$D$167,"<>",$F$18:$F$167,"") -> 1 | AA5: =COUNTIFS($H$18:$H$167,Y5,$D$18:$D$167,"",$F$18:$F$167,"") -> 0
V6: A3 | W6: =COUNTIFS($H$18:$H$167,V6,$D$18:$D$167,"<>",$F$18:$F$167,"") -> 1 | X6: =COUNTIFS($H$18:$H$167,V6,$D$18:$D$167,"",$F$18:$F$167,"") -> 0 | Y6: B8 | Z6: =COUNTIFS($H$18:$H$167,Y6,$D$18:$D$167,"<>",$F$18:$F$167,"") -> 1 | AA6: =COUNTIFS($H$18:$H$167,Y6,$D$18:$D$167,"",$F$18:$F$167,"") -> 0
A7: AERODROME : | C7: WIHH | V7: B1 | W7: =COUNTIFS($H$18:$H$167,V7,$D$18:$D$167,"<>",$F$18:$F$167,"") -> 1 | X7: =COUNTIFS($H$18:$H$167,V7,$D$18:$D$167,"",$F$18:$F$167,"") -> 0 | Y7: B9 | Z7: =COUNTIFS($H$18:$H$167,Y7,$D$18:$D$167,"<>",$F$18:$F$167,"") -> 0 | AA7: =COUNTIFS($H$18:$H$167,Y7,$D$18:$D$167,"",$F$18:$F$167,"") -> 0
A8: TANGGAL : | C8: 45778 | V8: B2 | W8: =COUNTIFS($H$18:$H$167,V8,$D$18:$D$167,"<>",$F$18:$F$167,"") -> 1 | X8: =COUNTIFS($H$18:$H$167,V8,$D$18:$D$167,"",$F$18:$F$167,"") -> 0 | Y8: B10 | Z8: =COUNTIFS($H$18:$H$167,Y8,$D$18:$D$167,"<>",$F$18:$F$167,"") -> 0 | AA8: =COUNTIFS($H$18:$H$167,Y8,$D$18:$D$167,"",$F$18:$F$167,"") -> 0
A9: PETUGAS AMC | C9: PAGI SIANG ( 07:00 - 18:59) | E9: MALAM (19:00 - 06:59) | V9: B3 | W9: =COUNTIFS($H$18:$H$167,V9,$D$18:$D$167,"<>",$F$18:$F$167,"") -> 1 | X9: =COUNTIFS($H$18:$H$167,V9,$D$18:$D$167,"",$F$18:$F$167,"") -> 0 | Y9: B11 | Z9: =COUNTIFS($H$18:$H$167,Y9,$D$18:$D$167,"<>",$F$18:$F$167,"") -> 1 | AA9: =COUNTIFS($H$18:$H$167,Y9,$D$18:$D$167,"",$F$18:$F$167,"") -> 0
C10: NIKON | E10: RIZA IBNU FAJAR | V10: B4 | W10: =COUNTIFS($H$18:$H$167,V10,$D$18:$D$167,"<>",$F$18:$F$167,"") -> 0 | X10: =COUNTIFS($H$18:$H$167,V10,$D$18:$D$167,"",$F$18:$F$167,"") -> 0 | Y10: B12 | Z10: =COUNTIFS($H$18:$H$167,Y10,$D$18:$D$167,"<>",$F$18:$F$167,"") -> 1 | AA10: =COUNTIFS($H$18:$H$167,Y10,$D$18:$D$167,"",$F$18:$F$167,"") -> 0
C11: RYAN KHALIQ | E11: RIDWAN WINANTO | V11: B5 | W11: =COUNTIFS($H$18:$H$167,V11,$D$18:$D$167,"<>",$F$18:$F$167,"") -> 0 | X11: =COUNTIFS($H$18:$H$167,V11,$D$18:$D$167,"",$F$18:$F$167,"") -> 0 | Y11: B13 | Z11: =COUNTIFS($H$18:$H$167,Y11,$D$18:$D$167,"<>",$F$18:$F$167,"") -> 0 | AA11: =COUNTIFS($H$18:$H$167,Y11,$D$18:$D$167,"",$F$18:$F$167,"") -> 0
C12: ACHMAD FAUZI | E12: PELTU UUM
C13: PELTU SUCIADI | V13: AIRCRAFT RON | AF13: APRON MOVEMENT IN HOURS | AL13: PARKING STAND USE IN HOURS
A15: NO | B15: REGISTRATION | C15: TYPE | D15: TIME OF | H15: PARKING STAND | I15: FROM | J15: TO | K15: FLIGHT NO | M15: OPERATOR / AIRLINES | N15: REMARKS | O15: STATUS | V15: STAND | W15: REG | X15: TYPE A/C | Y15: COMPANY | AF15: TIME | AH15: ARR | AI15: DEP | AJ15: TOTAL | AM15: 0.00069444444 | AN15: 0.042361111 | AO15: 0.084027778 | AP15: 0.12569444 | AQ15: 0.16736111 | AR15: 0.20902778 | AS15: 0.25069444 | AT15: 0.29236111 | AU15: 0.33402778 | AV15: 0.37569444 | AW15: 0.41736111 | AX15: 0.45902778 | AY15: 0.50069444 | AZ15: 0.54236111 | BA15: 0.58402778 | BB15: 0.62569444 | BC15: 0.66736111 | BD15: 0.70902778 | BE15: 0.75069444 | BF15: 0.79236111 | BG15: 0.83402778 | BH15: 0.87569444 | BI15: 0.91736111 | BJ15: 0.95902778
D16: ON BLOCK | F16: OFF BLOCK | K16: ARR | L16: DEP | AM16: 0.041666667 | AN16: 0.083333333 | AO16: 0.125 | AP16: 0.16666667 | AQ16: 0.20833333 | AR16: 0.25 | AS16: 0.29166667 | AT16: 0.33333333 | AU16: 0.375 | AV16: 0.41666667 | AW16: 0.45833333 | AX16: 0.5 | AY16: 0.54166667 | AZ16: 0.58333333 | BA16: 0.625 | BB16: 0.66666667 | BC16: 0.70833333 | BD16: 0.75 | BE16: 0.79166667 | BF16: 0.83333333 | BG16: 0.875 | BH16: 0.91666667 | BI16: 0.95833333 | BJ16: 0
Q17: 1 | R17: 2 | S17: 3 | T17: 4 | U17: 5 | V17: A0 | W17: =IFERROR(INDEX($Q$18:$U$167,MATCH(V17,$Q$18:$Q$167,0),MATCH(4,$Q$17:$U$17,0)),"") | X17: =IFERROR(INDEX($Q$18:$U$167,MATCH(V17,$Q$18:$Q$167,0),MATCH(3,$Q$17:$U$17,0)),"") | Y17: =IFERROR(INDEX($Q$18:$U$167,MATCH(V17,$Q$18:$Q$167,0),MATCH(5,$Q$17:$U$17,0)),"") | Z17: FALSE | AD17: 1 | AE17: 2 | AF17: 0.00069444444 | AG17: 0.041666667 | AH17: =COUNTIF($AD$18:$AD$167,"<=01:00") -> 0 | AI17: =COUNTIF($AE$18:$AE$167,"<=01:00") -> 0 | AJ17: =AI17+AH17 -> 0 | AL17: A0 | AM17: =COUNTIFS($H$18:$H$167,AL17,$D$18:$D$167,"<=01:00") -> 0 | AN17: =COUNTIFS($H$18:$H$167,AL17,$D$18:$D$167,">01:00",$D$18:$D$167,"<=02:00") -> 0 | AO17: =COUNTIFS($H$18:$H$167,AL17,$D$18:$D$167,">02:00",$D$18:$D$167,"<=03:00") -> 0 | AP17: =COUNTIFS($H$18:$H$167,AL17,$D$18:$D$167,">03:00",$D$18:$D$167,"<=04:00") -> 0 | AQ17: =COUNTIFS($H$18:$H$167,AL17,$D$18:$D$167,">04:00",$D$18:$D$167,"<=05:00") -> 0 | AR17: =COUNTIFS($H$18:$H$167,AL17,$D$18:$D$167,">05:00",$D$18:$D$167,"<=06:00") -> 0 | AS17: =COUNTIFS($H$18:$H$167,AL17,$D$18:$D$167,">06:00",$D$18:$D$167,"<=07:00") -> 0 | AT17: =COUNTIFS($H$18:$H$167,AL17,$D$18:$D$167,">07:00",$D$18:$D$167,"<=08:00") -> 1 | AU17: =COUNTIFS($H$18:$H$167,AL17,$D$18:$D$167,">08:00",$D$18:$D$167,"<=09:00") -> 0 | AV17: =COUNTIFS($H$18:$H$167,AL17,$D$18:$D$167,">09:00",$D$18:$D$167,"<=10:00") -> 0 | AW17: =COUNTIFS($H$18:$H$167,AL17,$D$18:$D$167,">10:00",$D$18:$D$167,"<=11:00") -> 1 | AX17: =COUNTIFS($H$18:$H$167,AL17,$D$18:$D$167,">11:00",$D$18:$D$167,"<=12:00") -> 0 | AY17: =COUNTIFS($H$18:$H$167,AL17,$D$18:$D$167,">12:00",$D$18:$D$167,"<=13:00") -> 0 | AZ17: =COUNTIFS($H$18:$H$167,AL17,$D$18:$D$167,">13:00",$D$18:$D$167,"<=14:00") -> 0 | BA17: =COUNTIFS($H$18:$H$167,AL17,$D$18:$D$167,">14:00",$D$18:$D$167,"<=15:00") -> 0 | BB17: =COUNTIFS($H$18:$H$167,AL17,$D$18:$D$167,">15:00",$D$18:$D$167,"<=16:00") -> 0 | BC17: =COUNTIFS($H$18:$H$167,AL17,$D$18:$D$167,">16:00",$D$18:$D$167,"<=17:00") -> 0 | BD17: =COUNTIFS($H$18:$H$167,AL17,$D$18:$D$167,">17:00",$D$18:$D$167,"<=18:00") -> 0 | BE17: =COUNTIFS($H$18:$H$167,AL17,$D$18:$D$167,">18:00",$D$18:$D$167,"<=19:00") -> 0 | BF17: =COUNTIFS($H$18:$H$167,AL17,$D$18:$D$167,">19:00",$D$18:$D$167,"<=20:00") -> 0 | BG17: =COUNTIFS($H$18:$H$167,AL17,$D$18:$D$167,">20:00",$D$18:$D$167,"<=21:00") -> 0 | BH17: =COUNTIFS($H$18:$H$167,AL17,$D$18:$D$167,">21:00",$D$18:$D$167,"<=22:00") -> 0 | BI17: =COUNTIFS($H$18:$H$167,AL17,$D$18:$D$167,">22:00",$D$18:$D$167,"<=23:00") -> 0 | BJ17: =COUNTIFS($H$18:$H$167,AL17,$D$18:$D$167,">23:00") -> 0 | BK17: =SUM(AM17:BJ17) -> 2
A18: 1 | B18: PK-VCD | C18: =IF(B18>1,VLOOKUP(B18,DB!$D$4:$E$800,2,0),"") -> PA 34 | D18: - | E18: FALSE | G18: FALSE | H18: NSA01 | I18: =IF(K18>1,VLOOKUP(K18,DB!$A$4:$B$500,2,0),"") | J18: =IF(L18>1,VLOOKUP(L18,DB!$A$4:$B$500,2,0),"") | M18: =IF(B18>1,VLOOKUP(B18,DB!$D$4:$F$800,3,0),"") -> PENAS | N18: UNSERVICEABLE | O18: =IF(ISBLANK(F18),"RON","") -> RON | Q18: =IF(R18="RON",H18,"") -> NSA01 | R18: =IF(O18="RON",O18,"") -> RON | S18: =IF(R18="RON",C18,"") -> PA 34 | T18: =IF(R18="RON",B18,"") -> PK-VCD | U18: =IF(R18="RON",M18,"") -> PENAS | V18: A1 | W18: =IFERROR(INDEX($Q$18:$U$167,MATCH(V18,$Q$18:$Q$167,0),MATCH(4,$Q$17:$U$17,0)),"") -> PK-GQI | X18: =IFERROR(INDEX($Q$18:$U$167,MATCH(V18,$Q$18:$Q$167,0),MATCH(3,$Q$17:$U$17,0)),"") -> A 320 | Y18: =IFERROR(INDEX($Q$18:$U$167,MATCH(V18,$Q$18:$Q$167,0),MATCH(5,$Q$17:$U$17,0)),"") -> CITILINK | Z18: TRUE | AD18: =IF(D18="","-",D18) -> - | AE18: =IF(F18="","-",F18) -> - | AF18: 0.042361111 | AG18: 0.083333333 | AH18: =COUNTIFS($AD$18:$AD$167,">01:00",$AD$18:$AD$167,"<=02:00") -> 0 | AI18: =COUNTIFS($AE$18:$AE$167,">01:00",$AE$18:$AE$167,"<=02:00") -> 0 | AJ18: =AI18+AH18 -> 0 | AL18: A1 | AM18: =COUNTIFS($H$18:$H$167,AL18,$D$18:$D$167,"<=01:00") -> 0 | AN18: =COUNTIFS($H$18:$H$167,AL18,$D$18:$D$167,">01:00",$D$18:$D$167,"<=02:00") -> 0 | AO18: =COUNTIFS($H$18:$H$167,AL18,$D$18:$D$167,">02:00",$D$18:$D$167,"<=03:00") -> 0 | AP18: =COUNTIFS($H$18:$H$167,AL18,$D$18:$D$167,">03:00",$D$18:$D$167,"<=04:00") -> 0 | AQ18: =COUNTIFS($H$18:$H$167,AL18,$D$18:$D$167,">04:00",$D$18:$D$167,"<=05:00") -> 0 | AR18: =COUNTIFS($H$18:$H$167,AL18,$D$18:$D$167,">05:00",$D$18:$D$167,"<=06:00") -> 0 | AS18: =COUNTIFS($H$18:$H$167,AL18,$D$18:$D$167,">06:00",$D$18:$D$167,"<=07:00") -> 0 | AT18: =COUNTIFS($H$18:$H$167,AL18,$D$18:$D$167,">07:00",$D$18:$D$167,"<=08:00") -> 0 | AU18: =COUNTIFS($H$18:$H$167,AL18,$D$18:$D$167,">08:00",$D$18:$D$167,"<=09:00") -> 1 | AV18: =COUNTIFS($H$18:$H$167,AL18,$D$18:$D$167,">09:00",$D$18:$D$167,"<=10:00") -> 0 | AW18: =COUNTIFS($H$18:$H$167,AL18,$D$18:$D$167,">10:00",$D$18:$D$167,"<=11:00") -> 0 | AX18: =COUNTIFS($H$18:$H$167,AL18,$D$18:$D$167,">11:00",$D$18:$D$167,"<=12:00") -> 1 | AY18: =COUNTIFS($H$18:$H$167,AL18,$D$18:$D$167,">12:00",$D$18:$D$167,"<=13:00") -> 0 | AZ18: =COUNTIFS($H$18:$H$167,AL18,$D$18:$D$167,">13:00",$D$18:$D$167,"<=14:00") -> 1 | BA18: =COUNTIFS($H$18:$H$167,AL18,$D$18:$D$167,">14:00",$D$18:$D$167,"<=15:00") -> 0 | BB18: =COUNTIFS($H$18:$H$167,AL18,$D$18:$D$167,">15:00",$D$18:$D$167,"<=16:00") -> 1 | BC18: =COUNTIFS($H$18:$H$167,AL18,$D$18:$D$167,">16:00",$D$18:$D$167,"<=17:00") -> 0 | BD18: =COUNTIFS($H$18:$H$167,AL18,$D$18:$D$167,">17:00",$D$18:$D$167,"<=18:00") -> 0 | BE18: =COUNTIFS($H$18:$H$167,AL18,$D$18:$D$167,">18:00",$D$18:$D$167,"<=19:00") -> 0 | BF18: =COUNTIFS($H$18:$H$167,AL18,$D$18:$D$167,">19:00",$D$18:$D$167,"<=20:00") -> 0 | BG18: =COUNTIFS($H$18:$H$167,AL18,$D$18:$D$167,">20:00",$D$18:$D$167,"<=21:00") -> 0 | BH18: =COUNTIFS($H$18:$H$167,AL18,$D$18:$D$167,">21:00",$D$18:$D$167,"<=22:00") -> 0 | BI18: =COUNTIFS($H$18:$H$167,AL18,$D$18:$D$167,">22:00",$D$18:$D$167,"<=23:00") -> 0 | BJ18: =COUNTIFS($H$18:$H$167,AL18,$D$18:$D$167,">23:00") -> 0 | BK18: =SUM(AM18:BJ18) -> 4
A19: 2 | B19: PK-RSO | C19: =IF(B19>1,VLOOKUP(B19,DB!$D$4:$E$800,2,0),"") -> CT 650 | D19: - | E19: FALSE | G19: FALSE | H19: NSA02 | I19: =IF(K19>1,VLOOKUP(K19,DB!$A$4:$B$500,2,0),"") | J19: =IF(L19>1,VLOOKUP(L19,DB!$A$4:$B$500,2,0),"") | M19: =IF(B19>1,VLOOKUP(B19,DB!$D$4:$F$800,3,0),"") -> ENGGANG | N19: UNSERVICEABLE | O19: =IF(ISBLANK(F19),"RON","") -> RON | Q19: =IF(R19="RON",H19,"") -> NSA02 | R19: =IF(O19="RON",O19,"") -> RON | S19: =IF(R19="RON",C19,"") -> CT 650 | T19: =IF(R19="RON",B19,"") -> PK-RSO | U19: =IF(R19="RON",M19,"") -> ENGGANG | V19: A2 | W19: =IFERROR(INDEX($Q$18:$U$167,MATCH(V19,$Q$18:$Q$167,0),MATCH(4,$Q$17:$U$17,0)),"") | X19: =IFERROR(INDEX($Q$18:$U$167,MATCH(V19,$Q$18:$Q$167,0),MATCH(3,$Q$17:$U$17,0)),"") | Y19: =IFERROR(INDEX($Q$18:$U$167,MATCH(V19,$Q$18:$Q$167,0),MATCH(5,$Q$17:$U$17,0)),"") | Z19: FALSE | AD19: =IF(D19="","-",D19) -> - | AE19: =IF(F19="","-",F19) -> - | AF19: 0.084027778 | AG19: 0.125 | AH19: =COUNTIFS($AD$18:$AD$167,">02:00",$AD$18:$AD$167,"<=03:00") -> 0 | AI19: =COUNTIFS($AE$18:$AE$167,">02:00",$AE$18:$AE$167,"<=03:00") -> 0 | AJ19: =AI19+AH19 -> 0 | AL19: A2 | AM19: =COUNTIFS($H$18:$H$167,AL19,$D$18:$D$167,"<=01:00") -> 0 | AN19: =COUNTIFS($H$18:$H$167,AL19,$D$18:$D$167,">01:00",$D$18:$D$167,"<=02:00") -> 0 | AO19: =COUNTIFS($H$18:$H$167,AL19,$D$18:$D$167,">02:00",$D$18:$D$167,"<=03:00") -> 0 | AP19: =COUNTIFS($H$18:$H$167,AL19,$D$18:$D$167,">03:00",$D$18:$D$167,"<=04:00") -> 0 | AQ19: =COUNTIFS($H$18:$H$167,AL19,$D$18:$D$167,">04:00",$D$18:$D$167,"<=05:00") -> 0 | AR19: =COUNTIFS($H$18:$H$167,AL19,$D$18:$D$167,">05:00",$D$18:$D$167,"<=06:00") -> 0 | AS19: =COUNTIFS($H$18:$H$167,AL19,$D$18:$D$167,">06:00",$D$18:$D$167,"<=07:00") -> 0 | AT19: =COUNTIFS($H$18:$H$167,AL19,$D$18:$D$167,">07:00",$D$18:$D$167,"<=08:00") -> 0 | AU19: =COUNTIFS($H$18:$H$167,AL19,$D$18:$D$167,">08:00",$D$18:$D$167,"<=09:00") -> 0 | AV19: =COUNTIFS($H$18:$H$167,AL19,$D$18:$D$167,">09:00",$D$18:$D$167,"<=10:00") -> 0 | AW19: =COUNTIFS($H$18:$H$167,AL19,$D$18:$D$167,">10:00",$D$18:$D$167,"<=11:00") -> 1 | AX19: =COUNTIFS($H$18:$H$167,AL19,$D$18:$D$167,">11:00",$D$18:$D$167,"<=12:00") -> 0 | AY19: =COUNTIFS($H$18:$H$167,AL19,$D$18:$D$167,">12:00",$D$18:$D$167,"<=13:00") -> 1 | AZ19: =COUNTIFS($H$18:$H$167,AL19,$D$18:$D$167,">13:00",$D$18:$D$167,"<=14:00") -> 0 | BA19: =COUNTIFS($H$18:$H$167,AL19,$D$18:$D$167,">14:00",$D$18:$D$167,"<=15:00") -> 0 | BB19: =COUNTIFS($H$18:$H$167,AL19,$D$18:$D$167,">15:00",$D$18:$D$167,"<=16:00") -> 0 | BC19: =COUNTIFS($H$18:$H$167,AL19,$D$18:$D$167,">16:00",$D$18:$D$167,"<=17:00") -> 1 | BD19: =COUNTIFS($H$18:$H$167,AL19,$D$18:$D$167,">17:00",$D$18:$D$167,"<=18:00") -> 0 | BE19: =COUNTIFS($H$18:$H$167,AL19,$D$18:$D$167,">18:00",$D$18:$D$167,"<=19:00") -> 0 | BF19: =COUNTIFS($H$18:$H$167,AL19,$D$18:$D$167,">19:00",$D$18:$D$167,"<=20:00") -> 0 | BG19: =COUNTIFS($H$18:$H$167,AL19,$D$18:$D$167,">20:00",$D$18:$D$167,"<=21:00") -> 0 | BH19: =COUNTIFS($H$18:$H$167,AL19,$D$18:$D$167,">21:00",$D$18:$D$167,"<=22:00") -> 0 | BI19: =COUNTIFS($H$18:$H$167,AL19,$D$18:$D$167,">22:00",$D$18:$D$167,"<=23:00") -> 0 | BJ19: =COUNTIFS($H$18:$H$167,AL19,$D$18:$D$167,">23:00") -> 0 | BK19: =SUM(AM19:BJ19) -> 3
A20: 3 | B20: PK-DGC | C20: =IF(B20>1,VLOOKUP(B20,DB!$D$4:$E$800,2,0),"") -> BAE ATP | D20: - | E20: FALSE | G20: FALSE | H20: NSA03 | I20: =IF(K20>1,VLOOKUP(K20,DB!$A$4:$B$500,2,0),"") | J20: =IF(L20>1,VLOOKUP(L20,DB!$A$4:$B$500,2,0),"") | M20: =IF(B20>1,VLOOKUP(B20,DB!$D$4:$F$800,3,0),"") -> DERAYA | N20: UNSERVICEABLE | O20: =IF(ISBLANK(F20),"RON","") -> RON | Q20: =IF(R20="RON",H20,"") -> NSA03 | R20: =IF(O20="RON",O20,"") -> RON | S20: =IF(R20="RON",C20,"") -> BAE ATP | T20: =IF(R20="RON",B20,"") -> PK-DGC | U20: =IF(R20="RON",M20,"") -> DERAYA | V20: A3 | W20: =IFERROR(INDEX($Q$18:$U$167,MATCH(V20,$Q$18:$Q$167,0),MATCH(4,$Q$17:$U$17,0)),"") -> PK-LAI | X20: =IFERROR(INDEX($Q$18:$U$167,MATCH(V20,$Q$18:$Q$167,0),MATCH(3,$Q$17:$U$17,0)),"") -> A 320 | Y20: =IFERROR(INDEX($Q$18:$U$167,MATCH(V20,$Q$18:$Q$167,0),MATCH(5,$Q$17:$U$17,0)),"") -> BATIK AIR | Z20: TRUE | AD20: =IF(D20="","-",D20) -> - | AE20: =IF(F20="","-",F20) -> - | AF20: 0.12569444 | AG20: 0.16666667 | AH20: =COUNTIFS($AD$18:$AD$167,">03:00",$AD$18:$AD$167,"<=04:00") -> 0 | AI20: =COUNTIFS($AE$18:$AE$167,">03:00",$AE$18:$AE$167,"<=04:00") -> 0 | AJ20: =AI20+AH20 -> 0 | AL20: A3 | AM20: =COUNTIFS($H$18:$H$167,AL20,$D$18:$D$167,"<=01:00") -> 0 | AN20: =COUNTIFS($H$18:$H$167,AL20,$D$18:$D$167,">01:00",$D$18:$D$167,"<=02:00") -> 0 | AO20: =COUNTIFS($H$18:$H$167,AL20,$D$18:$D$167,">02:00",$D$18:$D$167,"<=03:00") -> 0 | AP20: =COUNTIFS($H$18:$H$167,AL20,$D$18:$D$167,">03:00",$D$18:$D$167,"<=04:00") -> 0 | AQ20: =COUNTIFS($H$18:$H$167,AL20,$D$18:$D$167,">04:00",$D$18:$D$167,"<=05:00") -> 0 | AR20: =COUNTIFS($H$18:$H$167,AL20,$D$18:$D$167,">05:00",$D$18:$D$167,"<=06:00") -> 0 | AS20: =COUNTIFS($H$18:$H$167,AL20,$D$18:$D$167,">06:00",$D$18:$D$167,"<=07:00") -> 0 | AT20: =COUNTIFS($H$18:$H$167,AL20,$D$18:$D$167,">07:00",$D$18:$D$167,"<=08:00") -> 1 | AU20: =COUNTIFS($H$18:$H$167,AL20,$D$18:$D$167,">08:00",$D$18:$D$167,"<=09:00") -> 0 | AV20: =COUNTIFS($H$18:$H$167,AL20,$D$18:$D$167,">09:00",$D$18:$D$167,"<=10:00") -> 0 | AW20: =COUNTIFS($H$18:$H$167,AL20,$D$18:$D$167,">10:00",$D$18:$D$167,"<=11:00") -> 1 | AX20: =COUNTIFS($H$18:$H$167,AL20,$D$18:$D$167,">11:00",$D$18:$D$167,"<=12:00") -> 1 | AY20: =COUNTIFS($H$18:$H$167,AL20,$D$18:$D$167,">12:00",$D$18:$D$167,"<=13:00") -> 0 | AZ20: =COUNTIFS($H$18:$H$167,AL20,$D$18:$D$167,">13:00",$D$18:$D$167,"<=14:00") -> 0 | BA20: =COUNTIFS($H$18:$H$167,AL20,$D$18:$D$167,">14:00",$D$18:$D$167,"<=15:00") -> 0 | BB20: =COUNTIFS($H$18:$H$167,AL20,$D$18:$D$167,">15:00",$D$18:$D$167,"<=16:00") -> 0 | BC20: =COUNTIFS($H$18:$H$167,AL20,$D$18:$D$167,">16:00",$D$18:$D$167,"<=17:00") -> 1 | BD20: =COUNTIFS($H$18:$H$167,AL20,$D$18:$D$167,">17:00",$D$18:$D$167,"<=18:00") -> 0 | BE20: =COUNTIFS($H$18:$H$167,AL20,$D$18:$D$167,">18:00",$D$18:$D$167,"<=19:00") -> 1 | BF20: =COUNTIFS($H$18:$H$167,AL20,$D$18:$D$167,">19:00",$D$18:$D$167,"<=20:00") -> 0 | BG20: =COUNTIFS($H$18:$H$167,AL20,$D$18:$D$167,">20:00",$D$18:$D$167,"<=21:00") -> 0 | BH20: =COUNTIFS($H$18:$H$167,AL20,$D$18:$D$167,">21:00",$D$18:$D$167,"<=22:00") -> 0 | BI20: =COUNTIFS($H$18:$H$167,AL20,$D$18:$D$167,">22:00",$D$18:$D$167,"<=23:00") -> 0 | BJ20: =COUNTIFS($H$18:$H$167,AL20,$D$18:$D$167,">23:00") -> 0 | BK20: =SUM(AM20:BJ20) -> 5
A21: 4 | B21: PK-RDA | C21: =IF(B21>1,VLOOKUP(B21,DB!$D$4:$E$800,2,0),"") -> HK 900 | D21: - | E21: FALSE | G21: FALSE | H21: NSA04 | I21: =IF(K21>1,VLOOKUP(K21,DB!$A$4:$B$500,2,0),"") | J21: =IF(L21>1,VLOOKUP(L21,DB!$A$4:$B$500,2,0),"") | M21: =IF(B21>1,VLOOKUP(B21,DB!$D$4:$F$800,3,0),"") -> TRI MG | N21: UNSERVICEABLE | O21: =IF(ISBLANK(F21),"RON","") -> RON | Q21: =IF(R21="RON",H21,"") -> NSA04 | R21: =IF(O21="RON",O21,"") -> RON | S21: =IF(R21="RON",C21,"") -> HK 900 | T21: =IF(R21="RON",B21,"") -> PK-RDA | U21: =IF(R21="RON",M21,"") -> TRI MG | V21: B1 | W21: =IFERROR(INDEX($Q$18:$U$167,MATCH(V21,$Q$18:$Q$167,0),MATCH(4,$Q$17:$U$17,0)),"") -> PK-PAH | X21: =IFERROR(INDEX($Q$18:$U$167,MATCH(V21,$Q$18:$Q$167,0),MATCH(3,$Q$17:$U$17,0)),"") -> ATR 72 | Y21: =IFERROR(INDEX($Q$18:$U$167,MATCH(V21,$Q$18:$Q$167,0),MATCH(5,$Q$17:$U$17,0)),"") -> PELITA | Z21: TRUE | AD21: =IF(D21="","-",D21) -> - | AE21: =IF(F21="","-",F21) -> - | AF21: 0.16736111 | AG21: 0.20833333 | AH21: =COUNTIFS($AD$18:$AD$167,">04:00",$AD$18:$AD$167,"<=05:00") -> 3 | AI21: =COUNTIFS($AE$18:$AE$167,">04:00",$AE$18:$AE$167,"<=05:00") -> 1 | AJ21: =AI21+AH21 -> 4 | AL21: B1 | AM21: =COUNTIFS($H$18:$H$167,AL21,$D$18:$D$167,"<=01:00") -> 0 | AN21: =COUNTIFS($H$18:$H$167,AL21,$D$18:$D$167,">01:00",$D$18:$D$167,"<=02:00") -> 0 | AO21: =COUNTIFS($H$18:$H$167,AL21,$D$18:$D$167,">02:00",$D$18:$D$167,"<=03:00") -> 0 | AP21: =COUNTIFS($H$18:$H$167,AL21,$D$18:$D$167,">03:00",$D$18:$D$167,"<=04:00") -> 0 | AQ21: =COUNTIFS($H$18:$H$167,AL21,$D$18:$D$167,">04:00",$D$18:$D$167,"<=05:00") -> 0 | AR21: =COUNTIFS($H$18:$H$167,AL21,$D$18:$D$167,">05:00",$D$18:$D$167,"<=06:00") -> 0 | AS21: =COUNTIFS($H$18:$H$167,AL21,$D$18:$D$167,">06:00",$D$18:$D$167,"<=07:00") -> 0 | AT21: =COUNTIFS($H$18:$H$167,AL21,$D$18:$D$167,">07:00",$D$18:$D$167,"<=08:00") -> 0 | AU21: =COUNTIFS($H$18:$H$167,AL21,$D$18:$D$167,">08:00",$D$18:$D$167,"<=09:00") -> 1 | AV21: =COUNTIFS($H$18:$H$167,AL21,$D$18:$D$167,">09:00",$D$18:$D$167,"<=10:00") -> 0 | AW21: =COUNTIFS($H$18:$H$167,AL21,$D$18:$D$167,">10:00",$D$18:$D$167,"<=11:00") -> 0 | AX21: =COUNTIFS($H$18:$H$167,AL21,$D$18:$D$167,">11:00",$D$18:$D$167,"<=12:00") -> 1 | AY21: =COUNTIFS($H$18:$H$167,AL21,$D$18:$D$167,">12:00",$D$18:$D$167,"<=13:00") -> 1 | AZ21: =COUNTIFS($H$18:$H$167,AL21,$D$18:$D$167,">13:00",$D$18:$D$167,"<=14:00") -> 0 | BA21: =COUNTIFS($H$18:$H$167,AL21,$D$18:$D$167,">14:00",$D$18:$D$167,"<=15:00") -> 1 | BB21: =COUNTIFS($H$18:$H$167,AL21,$D$18:$D$167,">15:00",$D$18:$D$167,"<=16:00") -> 0 | BC21: =COUNTIFS($H$18:$H$167,AL21,$D$18:$D$167,">16:00",$D$18:$D$167,"<=17:00") -> 1 | BD21: =COUNTIFS($H$18:$H$167,AL21,$D$18:$D$167,">17:00",$D$18:$D$167,"<=18:00") -> 0 | BE21: =COUNTIFS($H$18:$H$167,AL21,$D$18:$D$167,">18:00",$D$18:$D$167,"<=19:00") -> 1 | BF21: =COUNTIFS($H$18:$H$167,AL21,$D$18:$D$167,">19:00",$D$18:$D$167,"<=20:00") -> 0 | BG21: =COUNTIFS($H$18:$H$167,AL21,$D$18:$D$167,">20:00",$D$18:$D$167,"<=21:00") -> 0 | BH21: =COUNTIFS($H$18:$H$167,AL21,$D$18:$D$167,">21:00",$D$18:$D$167,"<=22:00") -> 0 | BI21: =COUNTIFS($H$18:$H$167,AL21,$D$18:$D$167,">22:00",$D$18:$D$167,"<=23:00") -> 0 | BJ21: =COUNTIFS($H$18:$H$167,AL21,$D$18:$D$167,">23:00") -> 0 | BK21: =SUM(AM21:BJ21) -> 6
A22: 5 | B22: PK-YGK | C22: =IF(B22>1,VLOOKUP(B22,DB!$D$4:$E$800,2,0),"") -> HK 400 | D22: - | E22: FALSE | G22: FALSE | H22: NSA05 | I22: =IF(K22>1,VLOOKUP(K22,DB!$A$4:$B$500,2,0),"") | J22: =IF(L22>1,VLOOKUP(L22,DB!$A$4:$B$500,2,0),"") | M22: =IF(B22>1,VLOOKUP(B22,DB!$D$4:$F$800,3,0),"") -> TRI MG | N22: UNSERVICEABLE | O22: =IF(ISBLANK(F22),"RON","") -> RON | Q22: =IF(R22="RON",H22,"") -> NSA05 | R22: =IF(O22="RON",O22,"") -> RON | S22: =IF(R22="RON",C22,"") -> HK 400 | T22: =IF(R22="RON",B22,"") -> PK-YGK | U22: =IF(R22="RON",M22,"") -> TRI MG | V22: B2 | W22: =IFERROR(INDEX($Q$18:$U$167,MATCH(V22,$Q$18:$Q$167,0),MATCH(4,$Q$17:$U$17,0)),"") -> PK-GMY | X22: =IFERROR(INDEX($Q$18:$U$167,MATCH(V22,$Q$18:$Q$167,0),MATCH(3,$Q$17:$U$17,0)),"") -> B 738 | Y22: =IFERROR(INDEX($Q$18:$U$167,MATCH(V22,$Q$18:$Q$167,0),MATCH(5,$Q$17:$U$17,0)),"") -> GARUDA | Z22: TRUE | AD22: =IF(D22="","-",D22) -> - | AE22: =IF(F22="","-",F22) -> - | AF22: 0.20902778 | AG22: 0.25 | AH22: =COUNTIFS($AD$18:$AD$167,">05:00",$AD$18:$AD$167,"<=06:00") -> 2 | AI22: =COUNTIFS($AE$18:$AE$167,">05:00",$AE$18:$AE$167,"<=06:00") -> 7 | AJ22: =AI22+AH22 -> 9 | AL22: B2 | AM22: =COUNTIFS($H$18:$H$167,AL22,$D$18:$D$167,"<=01:00") -> 0 | AN22: =COUNTIFS($H$18:$H$167,AL22,$D$18:$D$167,">01:00",$D$18:$D$167,"<=02:00") -> 0 | AO22: =COUNTIFS($H$18:$H$167,AL22,$D$18:$D$167,">02:00",$D$18:$D$167,"<=03:00") -> 0 | AP22: =COUNTIFS($H$18:$H$167,AL22,$D$18:$D$167,">03:00",$D$18:$D$167,"<=04:00") -> 0 | AQ22: =COUNTIFS($H$18:$H$167,AL22,$D$18:$D$167,">04:00",$D$18:$D$167,"<=05:00") -> 0 | AR22: =COUNTIFS($H$18:$H$167,AL22,$D$18:$D$167,">05:00",$D$18:$D$167,"<=06:00") -> 0 | AS22: =COUNTIFS($H$18:$H$167,AL22,$D$18:$D$167,">06:00",$D$18:$D$167,"<=07:00") -> 0 | AT22: =COUNTIFS($H$18:$H$167,AL22,$D$18:$D$167,">07:00",$D$18:$D$167,"<=08:00") -> 0 | AU22: =COUNTIFS($H$18:$H$167,AL22,$D$18:$D$167,">08:00",$D$18:$D$167,"<=09:00") -> 0 | AV22: =COUNTIFS($H$18:$H$167,AL22,$D$18:$D$167,">09:00",$D$18:$D$167,"<=10:00") -> 2 | AW22: =COUNTIFS($H$18:$H$167,AL22,$D$18:$D$167,">10:00",$D$18:$D$167,"<=11:00") -> 0 | AX22: =COUNTIFS($H$18:$H$167,AL22,$D$18:$D$167,">11:00",$D$18:$D$167,"<=12:00") -> 1 | AY22: =COUNTIFS($H$18:$H$167,AL22,$D$18:$D$167,">12:00",$D$18:$D$167,"<=13:00") -> 0 | AZ22: =COUNTIFS($H$18:$H$167,AL22,$D$18:$D$167,">13:00",$D$18:$D$167,"<=14:00") -> 1 | BA22: =COUNTIFS($H$18:$H$167,AL22,$D$18:$D$167,">14:00",$D$18:$D$167,"<=15:00") -> 0 | BB22: =COUNTIFS($H$18:$H$167,AL22,$D$18:$D$167,">15:00",$D$18:$D$167,"<=16:00") -> 0 | BC22: =COUNTIFS($H$18:$H$167,AL22,$D$18:$D$167,">16:00",$D$18:$D$167,"<=17:00") -> 1 | BD22: =COUNTIFS($H$18:$H$167,AL22,$D$18:$D$167,">17:00",$D$18:$D$167,"<=18:00") -> 0 | BE22: =COUNTIFS($H$18:$H$167,AL22,$D$18:$D$167,">18:00",$D$18:$D$167,"<=19:00") -> 0 | BF22: =COUNTIFS($H$18:$H$167,AL22,$D$18:$D$167,">19:00",$D$18:$D$167,"<=20:00") -> 1 | BG22: =COUNTIFS($H$18:$H$167,AL22,$D$18:$D$167,">20:00",$D$18:$D$167,"<=21:00") -> 0 | BH22: =COUNTIFS($H$18:$H$167,AL22,$D$18:$D$167,">21:00",$D$18:$D$167,"<=22:00") -> 0 | BI22: =COUNTIFS($H$18:$H$167,AL22,$D$18:$D$167,">22:00",$D$18:$D$167,"<=23:00") -> 0 | BJ22: =COUNTIFS($H$18:$H$167,AL22,$D$18:$D$167,">23:00") -> 0 | BK22: =SUM(AM22:BJ22) -> 6
A23: 6 | B23: N-484BA | C23: =IF(B23>1,VLOOKUP(B23,DB!$D$4:$E$800,2,0),"") -> LJ 31 | D23: - | E23: FALSE | G23: FALSE | H23: NSA06 | I23: =IF(K23>1,VLOOKUP(K23,DB!$A$4:$B$500,2,0),"") | J23: =IF(L23>1,VLOOKUP(L23,DB!$A$4:$B$500,2,0),"") | M23: =IF(B23>1,VLOOKUP(B23,DB!$D$4:$F$800,3,0),"") -> IAP | N23: UNSERVICEABLE | O23: =IF(ISBLANK(F23),"RON","") -> RON | Q23: =IF(R23="RON",H23,"") -> NSA06 | R23: =IF(O23="RON",O23,"") -> RON | S23: =IF(R23="RON",C23,"") -> LJ 31 | T23: =IF(R23="RON",B23,"") -> N-484BA | U23: =IF(R23="RON",M23,"") -> IAP | V23: B3 | W23: =IFERROR(INDEX($Q$18:$U$167,MATCH(V23,$Q$18:$Q$167,0),MATCH(4,$Q$17:$U$17,0)),"") -> PK-GTD | X23: =IFERROR(INDEX($Q$18:$U$167,MATCH(V23,$Q$18:$Q$167,0),MATCH(3,$Q$17:$U$17,0)),"") -> A 320 | Y23: =IFERROR(INDEX($Q$18:$U$167,MATCH(V23,$Q$18:$Q$167,0),MATCH(5,$Q$17:$U$17,0)),"") -> CITILINK | Z23: TRUE | AD23: =IF(D23="","-",D23) -> - | AE23: =IF(F23="","-",F23) -> - | AF23: 0.25069444 | AG23: 0.29166667 | AH23: =COUNTIFS($AD$18:$AD$167,">06:00",$AD$18:$AD$167,"<=07:00") -> 5 | AI23: =COUNTIFS($AE$18:$AE$167,">06:00",$AE$18:$AE$167,"<=07:00") -> 6 | AJ23: =AI23+AH23 -> 11 | AL23: B3 | AM23: =COUNTIFS($H$18:$H$167,AL23,$D$18:$D$167,"<=01:00") -> 0 | AN23: =COUNTIFS($H$18:$H$167,AL23,$D$18:$D$167,">01:00",$D$18:$D$167,"<=02:00") -> 0 | AO23: =COUNTIFS($H$18:$H$167,AL23,$D$18:$D$167,">02:00",$D$18:$D$167,"<=03:00") -> 0 | AP23: =COUNTIFS($H$18:$H$167,AL23,$D$18:$D$167,">03:00",$D$18:$D$167,"<=04:00") -> 0 | AQ23: =COUNTIFS($H$18:$H$167,AL23,$D$18:$D$167,">04:00",$D$18:$D$167,"<=05:00") -> 0 | AR23: =COUNTIFS($H$18:$H$167,AL23,$D$18:$D$167,">05:00",$D$18:$D$167,"<=06:00") -> 0 | AS23: =COUNTIFS($H$18:$H$167,AL23,$D$18:$D$167,">06:00",$D$18:$D$167,"<=07:00") -> 1 | AT23: =COUNTIFS($H$18:$H$167,AL23,$D$18:$D$167,">07:00",$D$18:$D$167,"<=08:00") -> 0 | AU23: =COUNTIFS($H$18:$H$167,AL23,$D$18:$D$167,">08:00",$D$18:$D$167,"<=09:00") -> 0 | AV23: =COUNTIFS($H$18:$H$167,AL23,$D$18:$D$167,">09:00",$D$18:$D$167,"<=10:00") -> 0 | AW23: =COUNTIFS($H$18:$H$167,AL23,$D$18:$D$167,">10:00",$D$18:$D$167,"<=11:00") -> 0 | AX23: =COUNTIFS($H$18:$H$167,AL23,$D$18:$D$167,">11:00",$D$18:$D$167,"<=12:00") -> 0 | AY23: =COUNTIFS($H$18:$H$167,AL23,$D$18:$D$167,">12:00",$D$18:$D$167,"<=13:00") -> 0 | AZ23: =COUNTIFS($H$18:$H$167,AL23,$D$18:$D$167,">13:00",$D$18:$D$167,"<=14:00") -> 0 | BA23: =COUNTIFS($H$18:$H$167,AL23,$D$18:$D$167,">14:00",$D$18:$D$167,"<=15:00") -> 0 | BB23: =COUNTIFS($H$18:$H$167,AL23,$D$18:$D$167,">15:00",$D$18:$D$167,"<=16:00") -> 0 | BC23: =COUNTIFS($H$18:$H$167,AL23,$D$18:$D$167,">16:00",$D$18:$D$167,"<=17:00") -> 0 | BD23: =COUNTIFS($H$18:$H$167,AL23,$D$18:$D$167,">17:00",$D$18:$D$167,"<=18:00") -> 0 | BE23: =COUNTIFS($H$18:$H$167,AL23,$D$18:$D$167,">18:00",$D$18:$D$167,"<=19:00") -> 0 | BF23: =COUNTIFS($H$18:$H$167,AL23,$D$18:$D$167,">19:00",$D$18:$D$167,"<=20:00") -> 0 | BG23: =COUNTIFS($H$18:$H$167,AL23,$D$18:$D$167,">20:00",$D$18:$D$167,"<=21:00") -> 0 | BH23: =COUNTIFS($H$18:$H$167,AL23,$D$18:$D$167,">21:00",$D$18:$D$167,"<=22:00") -> 1 | BI23: =COUNTIFS($H$18:$H$167,AL23,$D$18:$D$167,">22:00",$D$18:$D$167,"<=23:00") -> 0 | BJ23: =COUNTIFS($H$18:$H$167,AL23,$D$18:$D$167,">23:00") -> 0 | BK23: =SUM(AM23:BJ23) -> 2
A24: 7 | B24: N-2409K | C24: =IF(B24>1,VLOOKUP(B24,DB!$D$4:$E$800,2,0),"") -> HK 800 | D24: - | E24: FALSE | G24: FALSE | H24: NSA07 | I24: =IF(K24>1,VLOOKUP(K24,DB!$A$4:$B$500,2,0),"") | J24: =IF(L24>1,VLOOKUP(L24,DB!$A$4:$B$500,2,0),"") | M24: TAS | O24: =IF(ISBLANK(F24),"RON","") -> RON | Q24: =IF(R24="RON",H24,"") -> NSA07 | R24: =IF(O24="RON",O24,"") -> RON | S24: =IF(R24="RON",C24,"") -> HK 800 | T24: =IF(R24="RON",B24,"") -> N-2409K | U24: =IF(R24="RON",M24,"") -> TAS | V24: B4 | W24: =IFERROR(INDEX($Q$18:$U$167,MATCH(V24,$Q$18:$Q$167,0),MATCH(4,$Q$17:$U$17,0)),"") | X24: =IFERROR(INDEX($Q$18:$U$167,MATCH(V24,$Q$18:$Q$167,0),MATCH(3,$Q$17:$U$17,0)),"") | Y24: =IFERROR(INDEX($Q$18:$U$167,MATCH(V24,$Q$18:$Q$167,0),MATCH(5,$Q$17:$U$17,0)),"") | Z24: FALSE | AD24: =IF(D24="","-",D24) -> - | AE24: =IF(F24="","-",F24) -> - | AF24: 0.29236111 | AG24: 0.33333333 | AH24: =COUNTIFS($AD$18:$AD$167,">07:00",$AD$18:$AD$167,"<=08:00") -> 4 | AI24: =COUNTIFS($AE$18:$AE$167,">07:00",$AE$18:$AE$167,"<=08:00") -> 4 | AJ24: =AI24+AH24 -> 8 | AL24: B4 | AM24: =COUNTIFS($H$18:$H$167,AL24,$D$18:$D$167,"<=01:00") -> 0 | AN24: =COUNTIFS($H$18:$H$167,AL24,$D$18:$D$167,">01:00",$D$18:$D$167,"<=02:00") -> 0 | AO24: =COUNTIFS($H$18:$H$167,AL24,$D$18:$D$167,">02:00",$D$18:$D$167,"<=03:00") -> 0 | AP24: =COUNTIFS($H$18:$H$167,AL24,$D$18:$D$167,">03:00",$D$18:$D$167,"<=04:00") -> 0 | AQ24: =COUNTIFS($H$18:$H$167,AL24,$D$18:$D$167,">04:00",$D$18:$D$167,"<=05:00") -> 0 | AR24: =COUNTIFS($H$18:$H$167,AL24,$D$18:$D$167,">05:00",$D$18:$D$167,"<=06:00") -> 0 | AS24: =COUNTIFS($H$18:$H$167,AL24,$D$18:$D$167,">06:00",$D$18:$D$167,"<=07:00") -> 0 | AT24: =COUNTIFS($H$18:$H$167,AL24,$D$18:$D$167,">07:00",$D$18:$D$167,"<=08:00") -> 1 | AU24: =COUNTIFS($H$18:$H$167,AL24,$D$18:$D$167,">08:00",$D$18:$D$167,"<=09:00") -> 0 | AV24: =COUNTIFS($H$18:$H$167,AL24,$D$18:$D$167,">09:00",$D$18:$D$167,"<=10:00") -> 0 | AW24: =COUNTIFS($H$18:$H$167,AL24,$D$18:$D$167,">10:00",$D$18:$D$167,"<=11:00") -> 0 | AX24: =COUNTIFS($H$18:$H$167,AL24,$D$18:$D$167,">11:00",$D$18:$D$167,"<=12:00") -> 0 | AY24: =COUNTIFS($H$18:$H$167,AL24,$D$18:$D$167,">12:00",$D$18:$D$167,"<=13:00") -> 0 | AZ24: =COUNTIFS($H$18:$H$167,AL24,$D$18:$D$167,">13:00",$D$18:$D$167,"<=14:00") -> 1 | BA24: =COUNTIFS($H$18:$H$167,AL24,$D$18:$D$167,">14:00",$D$18:$D$167,"<=15:00") -> 0 | BB24: =COUNTIFS($H$18:$H$167,AL24,$D$18:$D$167,">15:00",$D$18:$D$167,"<=16:00") -> 0 | BC24: =COUNTIFS($H$18:$H$167,AL24,$D$18:$D$167,">16:00",$D$18:$D$167,"<=17:00") -> 0 | BD24: =COUNTIFS($H$18:$H$167,AL24,$D$18:$D$167,">17:00",$D$18:$D$167,"<=18:00") -> 0 | BE24: =COUNTIFS($H$18:$H$167,AL24,$D$18:$D$167,">18:00",$D$18:$D$167,"<=19:00") -> 1 | BF24: =COUNTIFS($H$18:$H$167,AL24,$D$18:$D$167,">19:00",$D$18:$D$167,"<=20:00") -> 0 | BG24: =COUNTIFS($H$18:$H$167,AL24,$D$18:$D$167,">20:00",$D$18:$D$167,"<=21:00") -> 1 | BH24: =COUNTIFS($H$18:$H$167,AL24,$D$18:$D$167,">21:00",$D$18:$D$167,"<=22:00") -> 0 | BI24: =COUNTIFS($H$18:$H$167,AL24,$D$18:$D$167,">22:00",$D$18:$D$167,"<=23:00") -> 0 | BJ24: =COUNTIFS($H$18:$H$167,AL24,$D$18:$D$167,">23:00") -> 0 | BK24: =SUM(AM24:BJ24) -> 4
A25: 8 | B25: N-38SV | C25: =IF(B25>1,VLOOKUP(B25,DB!$D$4:$E$800,2,0),"") -> LJ 60 | D25: - | E25: FALSE | G25: FALSE | H25: NSA10 | I25: =IF(K25>1,VLOOKUP(K25,DB!$A$4:$B$500,2,0),"") | J25: =IF(L25>1,VLOOKUP(L25,DB!$A$4:$B$500,2,0),"") | M25: B. G. S. | O25: =IF(ISBLANK(F25),"RON","") -> RON | Q25: =IF(R25="RON",H25,"") -> NSA10 | R25: =IF(O25="RON",O25,"") -> RON | S25: =IF(R25="RON",C25,"") -> LJ 60 | T25: =IF(R25="RON",B25,"") -> N-38SV | U25: =IF(R25="RON",M25,"") -> B. G. S. | V25: B5 | W25: =IFERROR(INDEX($Q$18:$U$167,MATCH(V25,$Q$18:$Q$167,0),MATCH(4,$Q$17:$U$17,0)),"") | X25: =IFERROR(INDEX($Q$18:$U$167,MATCH(V25,$Q$18:$Q$167,0),MATCH(3,$Q$17:$U$17,0)),"") | Y25: =IFERROR(INDEX($Q$18:$U$167,MATCH(V25,$Q$18:$Q$167,0),MATCH(5,$Q$17:$U$17,0)),"") | Z25: FALSE | AD25: =IF(D25="","-",D25) -> - | AE25: =IF(F25="","-",F25) -> - | AF25: 0.33402778 | AG25: 0.375 | AH25: =COUNTIFS($AD$18:$AD$167,">08:00",$AD$18:$AD$167,"<=09:00") -> 3 | AI25: =COUNTIFS($AE$18:$AE$167,">08:00",$AE$18:$AE$167,"<=09:00") -> 6 | AJ25: =AI25+AH25 -> 9 | AL25: B5 | AM25: =COUNTIFS($H$18:$H$167,AL25,$D$18:$D$167,"<=01:00") -> 0 | AN25: =COUNTIFS($H$18:$H$167,AL25,$D$18:$D$167,">01:00",$D$18:$D$167,"<=02:00") -> 0 | AO25: =COUNTIFS($H$18:$H$167,AL25,$D$18:$D$167,">02:00",$D$18:$D$167,"<=03:00") -> 0 | AP25: =COUNTIFS($H$18:$H$167,AL25,$D$18:$D$167,">03:00",$D$18:$D$167,"<=04:00") -> 0 | AQ25: =COUNTIFS($H$18:$H$167,AL25,$D$18:$D$167,">04:00",$D$18:$D$167,"<=05:00") -> 0 | AR25: =COUNTIFS($H$18:$H$167,AL25,$D$18:$D$167,">05:00",$D$18:$D$167,"<=06:00") -> 1 | AS25: =COUNTIFS($H$18:$H$167,AL25,$D$18:$D$167,">06:00",$D$18:$D$167,"<=07:00") -> 0 | AT25: =COUNTIFS($H$18:$H$167,AL25,$D$18:$D$167,">07:00",$D$18:$D$167,"<=08:00") -> 0 | AU25: =COUNTIFS($H$18:$H$167,AL25,$D$18:$D$167,">08:00",$D$18:$D$167,"<=09:00") -> 0 | AV25: =COUNTIFS($H$18:$H$167,AL25,$D$18:$D$167,">09:00",$D$18:$D$167,"<=10:00") -> 1 | AW25: =COUNTIFS($H$18:$H$167,AL25,$D$18:$D$167,">10:00",$D$18:$D$167,"<=11:00") -> 0 | AX25: =COUNTIFS($H$18:$H$167,AL25,$D$18:$D$167,">11:00",$D$18:$D$167,"<=12:00") -> 0 | AY25: =COUNTIFS($H$18:$H$167,AL25,$D$18:$D$167,">12:00",$D$18:$D$167,"<=13:00") -> 1 | AZ25: =COUNTIFS($H$18:$H$167,AL25,$D$18:$D$167,">13:00",$D$18:$D$167,"<=14:00") -> 0 | BA25: =COUNTIFS($H$18:$H$167,AL25,$D$18:$D$167,">14:00",$D$18:$D$167,"<=15:00") -> 0 | BB25: =COUNTIFS($H$18:$H$167,AL25,$D$18:$D$167,">15:00",$D$18:$D$167,"<=16:00") -> 0 | BC25: =COUNTIFS($H$18:$H$167,AL25,$D$18:$D$167,">16:00",$D$18:$D$167,"<=17:00") -> 0 | BD25: =COUNTIFS($H$18:$H$167,AL25,$D$18:$D$167,">17:00",$D$18:$D$167,"<=18:00") -> 0 | BE25: =COUNTIFS($H$18:$H$167,AL25,$D$18:$D$167,">18:00",$D$18:$D$167,"<=19:00") -> 0 | BF25: =COUNTIFS($H$18:$H$167,AL25,$D$18:$D$167,">19:00",$D$18:$D$167,"<=20:00") -> 0 | BG25: =COUNTIFS($H$18:$H$167,AL25,$D$18:$D$167,">20:00",$D$18:$D$167,"<=21:00") -> 0 | BH25: =COUNTIFS($H$18:$H$167,AL25,$D$18:$D$167,">21:00",$D$18:$D$167,"<=22:00") -> 0 | BI25: =COUNTIFS($H$18:$H$167,AL25,$D$18:$D$167,">22:00",$D$18:$D$167,"<=23:00") -> 1 | BJ25: =COUNTIFS($H$18:$H$167,AL25,$D$18:$D$167,">23:00") -> 0 | BK25: =SUM(AM25:BJ25) -> 4
A26: 9 | B26: T7-TUN | C26: =IF(B26>1,VLOOKUP(B26,DB!$D$4:$E$800,2,0),"") -> HK 850 | D26: - | E26: FALSE | G26: FALSE | H26: NSA11 | I26: =IF(K26>1,VLOOKUP(K26,DB!$A$4:$B$500,2,0),"") | J26: =IF(L26>1,VLOOKUP(L26,DB!$A$4:$B$500,2,0),"") | M26: KARISMA | O26: =IF(ISBLANK(F26),"RON","") -> RON | Q26: =IF(R26="RON",H26,"") -> NSA11 | R26: =IF(O26="RON",O26,"") -> RON | S26: =IF(R26="RON",C26,"") -> HK 850 | T26: =IF(R26="RON",B26,"") -> T7-TUN | U26: =IF(R26="RON",M26,"") -> KARISMA | V26: B6 | W26: =IFERROR(INDEX($Q$18:$U$167,MATCH(V26,$Q$18:$Q$167,0),MATCH(4,$Q$17:$U$17,0)),"") -> PK-GJT | X26: =IFERROR(INDEX($Q$18:$U$167,MATCH(V26,$Q$18:$Q$167,0),MATCH(3,$Q$17:$U$17,0)),"") -> ATR 72 | Y26: =IFERROR(INDEX($Q$18:$U$167,MATCH(V26,$Q$18:$Q$167,0),MATCH(5,$Q$17:$U$17,0)),"") -> CITILINK | Z26: TRUE | AD26: =IF(D26="","-",D26) -> - | AE26: =IF(F26="","-",F26) -> - | AF26: 0.37569444 | AG26: 0.41666667 | AH26: =COUNTIFS($AD$18:$AD$167,">09:00",$AD$18:$AD$167,"<=10:00") -> 4 | AI26: =COUNTIFS($AE$18:$AE$167,">09:00",$AE$18:$AE$167,"<=10:00") -> 5 | AJ26: =AI26+AH26 -> 9 | AL26: B6 | AM26: =COUNTIFS($H$18:$H$167,AL26,$D$18:$D$167,"<=01:00") -> 0 | AN26: =COUNTIFS($H$18:$H$167,AL26,$D$18:$D$167,">01:00",$D$18:$D$167,"<=02:00") -> 0 | AO26: =COUNTIFS($H$18:$H$167,AL26,$D$18:$D$167,">02:00",$D$18:$D$167,"<=03:00") -> 0 | AP26: =COUNTIFS($H$18:$H$167,AL26,$D$18:$D$167,">03:00",$D$18:$D$167,"<=04:00") -> 0 | AQ26: =COUNTIFS($H$18:$H$167,AL26,$D$18:$D$167,">04:00",$D$18:$D$167,"<=05:00") -> 1 | AR26: =COUNTIFS($H$18:$H$167,AL26,$D$18:$D$167,">05:00",$D$18:$D$167,"<=06:00") -> 0 | AS26: =COUNTIFS($H$18:$H$167,AL26,$D$18:$D$167,">06:00",$D$18:$D$167,"<=07:00") -> 0 | AT26: =COUNTIFS($H$18:$H$167,AL26,$D$18:$D$167,">07:00",$D$18:$D$167,"<=08:00") -> 0 | AU26: =COUNTIFS($H$18:$H$167,AL26,$D$18:$D$167,">08:00",$D$18:$D$167,"<=09:00") -> 0 | AV26: =COUNTIFS($H$18:$H$167,AL26,$D$18:$D$167,">09:00",$D$18:$D$167,"<=10:00") -> 0 | AW26: =COUNTIFS($H$18:$H$167,AL26,$D$18:$D$167,">10:00",$D$18:$D$167,"<=11:00") -> 0 | AX26: =COUNTIFS($H$18:$H$167,AL26,$D$18:$D$167,">11:00",$D$18:$D$167,"<=12:00") -> 1 | AY26: =COUNTIFS($H$18:$H$167,AL26,$D$18:$D$167,">12:00",$D$18:$D$167,"<=13:00") -> 0 | AZ26: =COUNTIFS($H$18:$H$167,AL26,$D$18:$D$167,">13:00",$D$18:$D$167,"<=14:00") -> 1 | BA26: =COUNTIFS($H$18:$H$167,AL26,$D$18:$D$167,">14:00",$D$18:$D$167,"<=15:00") -> 0 | BB26: =COUNTIFS($H$18:$H$167,AL26,$D$18:$D$167,">15:00",$D$18:$D$167,"<=16:00") -> 0 | BC26: =COUNTIFS($H$18:$H$167,AL26,$D$18:$D$167,">16:00",$D$18:$D$167,"<=17:00") -> 0 | BD26: =COUNTIFS($H$18:$H$167,AL26,$D$18:$D$167,">17:00",$D$18:$D$167,"<=18:00") -> 0 | BE26: =COUNTIFS($H$18:$H$167,AL26,$D$18:$D$167,">18:00",$D$18:$D$167,"<=19:00") -> 0 | BF26: =COUNTIFS($H$18:$H$167,AL26,$D$18:$D$167,">19:00",$D$18:$D$167,"<=20:00") -> 0 | BG26: =COUNTIFS($H$18:$H$167,AL26,$D$18:$D$167,">20:00",$D$18:$D$167,"<=21:00") -> 0 | BH26: =COUNTIFS($H$18:$H$167,AL26,$D$18:$D$167,">21:00",$D$18:$D$167,"<=22:00") -> 0 | BI26: =COUNTIFS($H$18:$H$167,AL26,$D$18:$D$167,">22:00",$D$18:$D$167,"<=23:00") -> 0 | BJ26: =COUNTIFS($H$18:$H$167,AL26,$D$18:$D$167,">23:00") -> 0 | BK26: =SUM(AM26:BJ26) -> 3
A27: 10 | B27: PK-RJH | C27: =IF(B27>1,VLOOKUP(B27,DB!$D$4:$E$800,2,0),"") -> EC 135 | D27: - | E27: FALSE | G27: FALSE | H27: SA01 | I27: =IF(K27>1,VLOOKUP(K27,DB!$A$4:$B$500,2,0),"") | J27: =IF(L27>1,VLOOKUP(L27,DB!$A$4:$B$500,2,0),"") | M27: PREMI | O27: =IF(ISBLANK(F27),"RON","") -> RON | Q27: =IF(R27="RON",H27,"") -> SA01 | R27: =IF(O27="RON",O27,"") -> RON | S27: =IF(R27="RON",C27,"") -> EC 135 | T27: =IF(R27="RON",B27,"") -> PK-RJH | U27: =IF(R27="RON",M27,"") -> PREMI | V27: B7 | W27: =IFERROR(INDEX($Q$18:$U$167,MATCH(V27,$Q$18:$Q$167,0),MATCH(4,$Q$17:$U$17,0)),"") -> T7-187 | X27: =IFERROR(INDEX($Q$18:$U$167,MATCH(V27,$Q$18:$Q$167,0),MATCH(3,$Q$17:$U$17,0)),"") -> EMB 135 | Y27: =IFERROR(INDEX($Q$18:$U$167,MATCH(V27,$Q$18:$Q$167,0),MATCH(5,$Q$17:$U$17,0)),"") -> AFM | Z27: TRUE | AD27: =IF(D27="","-",D27) -> - | AE27: =IF(F27="","-",F27) -> - | AF27: 0.41736111 | AG27: 0.45833333 | AH27: =COUNTIFS($AD$18:$AD$167,">10:00",$AD$18:$AD$167,"<=11:00") -> 3 | AI27: =COUNTIFS($AE$18:$AE$167,">10:00",$AE$18:$AE$167,"<=11:00") -> 3 | AJ27: =AI27+AH27 -> 6 | AL27: B7 | AM27: =COUNTIFS($H$18:$H$167,AL27,$D$18:$D$167,"<=01:00") -> 0 | AN27: =COUNTIFS($H$18:$H$167,AL27,$D$18:$D$167,">01:00",$D$18:$D$167,"<=02:00") -> 0 | AO27: =COUNTIFS($H$18:$H$167,AL27,$D$18:$D$167,">02:00",$D$18:$D$167,"<=03:00") -> 0 | AP27: =COUNTIFS($H$18:$H$167,AL27,$D$18:$D$167,">03:00",$D$18:$D$167,"<=04:00") -> 0 | AQ27: =COUNTIFS($H$18:$H$167,AL27,$D$18:$D$167,">04:00",$D$18:$D$167,"<=05:00") -> 0 | AR27: =COUNTIFS($H$18:$H$167,AL27,$D$18:$D$167,">05:00",$D$18:$D$167,"<=06:00") -> 0 | AS27: =COUNTIFS($H$18:$H$167,AL27,$D$18:$D$167,">06:00",$D$18:$D$167,"<=07:00") -> 1 | AT27: =COUNTIFS($H$18:$H$167,AL27,$D$18:$D$167,">07:00",$D$18:$D$167,"<=08:00") -> 0 | AU27: =COUNTIFS($H$18:$H$167,AL27,$D$18:$D$167,">08:00",$D$18:$D$167,"<=09:00") -> 1 | AV27: =COUNTIFS($H$18:$H$167,AL27,$D$18:$D$167,">09:00",$D$18:$D$167,"<=10:00") -> 0 | AW27: =COUNTIFS($H$18:$H$167,AL27,$D$18:$D$167,">10:00",$D$18:$D$167,"<=11:00") -> 0 | AX27: =COUNTIFS($H$18:$H$167,AL27,$D$18:$D$167,">11:00",$D$18:$D$167,"<=12:00") -> 0 | AY27: =COUNTIFS($H$18:$H$167,AL27,$D$18:$D$167,">12:00",$D$18:$D$167,"<=13:00") -> 0 | AZ27: =COUNTIFS($H$18:$H$167,AL27,$D$18:$D$167,">13:00",$D$18:$D$167,"<=14:00") -> 1 | BA27: =COUNTIFS($H$18:$H$167,AL27,$D$18:$D$167,">14:00",$D$18:$D$167,"<=15:00") -> 0 | BB27: =COUNTIFS($H$18:$H$167,AL27,$D$18:$D$167,">15:00",$D$18:$D$167,"<=16:00") -> 1 | BC27: =COUNTIFS($H$18:$H$167,AL27,$D$18:$D$167,">16:00",$D$18:$D$167,"<=17:00") -> 0 | BD27: =COUNTIFS($H$18:$H$167,AL27,$D$18:$D$167,">17:00",$D$18:$D$167,"<=18:00") -> 0 | BE27: =COUNTIFS($H$18:$H$167,AL27,$D$18:$D$167,">18:00",$D$18:$D$167,"<=19:00") -> 0 | BF27: =COUNTIFS($H$18:$H$167,AL27,$D$18:$D$167,">19:00",$D$18:$D$167,"<=20:00") -> 0 | BG27: =COUNTIFS($H$18:$H$167,AL27,$D$18:$D$167,">20:00",$D$18:$D$167,"<=21:00") -> 1 | BH27: =COUNTIFS($H$18:$H$167,AL27,$D$18:$D$167,">21:00",$D$18:$D$167,"<=22:00") -> 0 | BI27: =COUNTIFS($H$18:$H$167,AL27,$D$18:$D$167,">22:00",$D$18:$D$167,"<=23:00") -> 0 | BJ27: =COUNTIFS($H$18:$H$167,AL27,$D$18:$D$167,">23:00") -> 0 | BK27: =SUM(AM27:BJ27) -> 5
A28: 11 | B28: N-227GV | C28: =IF(B28>1,VLOOKUP(B28,DB!$D$4:$E$800,2,0),"") -> L 1000 | D28: - | E28: FALSE | G28: FALSE | H28: SA03 | I28: =IF(K28>1,VLOOKUP(K28,DB!$A$4:$B$500,2,0),"") | J28: =IF(L28>1,VLOOKUP(L28,DB!$A$4:$B$500,2,0),"") | M28: =IF(B28>1,VLOOKUP(B28,DB!$D$4:$F$800,3,0),"") -> PREMI | O28: =IF(ISBLANK(F28),"RON","") -> RON | Q28: =IF(R28="RON",H28,"") -> SA03 | R28: =IF(O28="RON",O28,"") -> RON | S28: =IF(R28="RON",C28,"") -> L 1000 | T28: =IF(R28="RON",B28,"") -> N-227GV | U28: =IF(R28="RON",M28,"") -> PREMI | V28: B8 | W28: =IFERROR(INDEX($Q$18:$U$167,MATCH(V28,$Q$18:$Q$167,0),MATCH(4,$Q$17:$U$17,0)),"") -> PK-BKU | X28: =IFERROR(INDEX($Q$18:$U$167,MATCH(V28,$Q$18:$Q$167,0),MATCH(3,$Q$17:$U$17,0)),"") -> A 320 | Y28: =IFERROR(INDEX($Q$18:$U$167,MATCH(V28,$Q$18:$Q$167,0),MATCH(5,$Q$17:$U$17,0)),"") -> BATIK AIR | Z28: TRUE | AD28: =IF(D28="","-",D28) -> - | AE28: =IF(F28="","-",F28) -> - | AF28: 0.45902778 | AG28: 0.5 | AH28: =COUNTIFS($AD$18:$AD$167,">11:00",$AD$18:$AD$167,"<=12:00") -> 5 | AI28: =COUNTIFS($AE$18:$AE$167,">11:00",$AE$18:$AE$167,"<=12:00") -> 5 | AJ28: =AI28+AH28 -> 10 | AL28: B8 | AM28: =COUNTIFS($H$18:$H$167,AL28,$D$18:$D$167,"<=01:00") -> 0 | AN28: =COUNTIFS($H$18:$H$167,AL28,$D$18:$D$167,">01:00",$D$18:$D$167,"<=02:00") -> 0 | AO28: =COUNTIFS($H$18:$H$167,AL28,$D$18:$D$167,">02:00",$D$18:$D$167,"<=03:00") -> 0 | AP28: =COUNTIFS($H$18:$H$167,AL28,$D$18:$D$167,">03:00",$D$18:$D$167,"<=04:00") -> 0 | AQ28: =COUNTIFS($H$18:$H$167,AL28,$D$18:$D$167,">04:00",$D$18:$D$167,"<=05:00") -> 0 | AR28: =COUNTIFS($H$18:$H$167,AL28,$D$18:$D$167,">05:00",$D$18:$D$167,"<=06:00") -> 0 | AS28: =COUNTIFS($H$18:$H$167,AL28,$D$18:$D$167,">06:00",$D$18:$D$167,"<=07:00") -> 1 | AT28: =COUNTIFS($H$18:$H$167,AL28,$D$18:$D$167,">07:00",$D$18:$D$167,"<=08:00") -> 0 | AU28: =COUNTIFS($H$18:$H$167,AL28,$D$18:$D$167,">08:00",$D$18:$D$167,"<=09:00") -> 0 | AV28: =COUNTIFS($H$18:$H$167,AL28,$D$18:$D$167,">09:00",$D$18:$D$167,"<=10:00") -> 0 | AW28: =COUNTIFS($H$18:$H$167,AL28,$D$18:$D$167,">10:00",$D$18:$D$167,"<=11:00") -> 0 | AX28: =COUNTIFS($H$18:$H$167,AL28,$D$18:$D$167,">11:00",$D$18:$D$167,"<=12:00") -> 0 | AY28: =COUNTIFS($H$18:$H$167,AL28,$D$18:$D$167,">12:00",$D$18:$D$167,"<=13:00") -> 0 | AZ28: =COUNTIFS($H$18:$H$167,AL28,$D$18:$D$167,">13:00",$D$18:$D$167,"<=14:00") -> 0 | BA28: =COUNTIFS($H$18:$H$167,AL28,$D$18:$D$167,">14:00",$D$18:$D$167,"<=15:00") -> 0 | BB28: =COUNTIFS($H$18:$H$167,AL28,$D$18:$D$167,">15:00",$D$18:$D$167,"<=16:00") -> 1 | BC28: =COUNTIFS($H$18:$H$167,AL28,$D$18:$D$167,">16:00",$D$18:$D$167,"<=17:00") -> 0 | BD28: =COUNTIFS($H$18:$H$167,AL28,$D$18:$D$167,">17:00",$D$18:$D$167,"<=18:00") -> 0 | BE28: =COUNTIFS($H$18:$H$167,AL28,$D$18:$D$167,">18:00",$D$18:$D$167,"<=19:00") -> 0 | BF28: =COUNTIFS($H$18:$H$167,AL28,$D$18:$D$167,">19:00",$D$18:$D$167,"<=20:00") -> 0 | BG28: =COUNTIFS($H$18:$H$167,AL28,$D$18:$D$167,">20:00",$D$18:$D$167,"<=21:00") -> 0 | BH28: =COUNTIFS($H$18:$H$167,AL28,$D$18:$D$167,">21:00",$D$18:$D$167,"<=22:00") -> 0 | BI28: =COUNTIFS($H$18:$H$167,AL28,$D$18:$D$167,">22:00",$D$18:$D$167,"<=23:00") -> 0 | BJ28: =COUNTIFS($H$18:$H$167,AL28,$D$18:$D$167,">23:00") -> 0 | BK28: =SUM(AM28:BJ28) -> 2
A29: 12 | B29: T7-GBS | C29: =IF(B29>1,VLOOKUP(B29,DB!$D$4:$E$800,2,0),"") -> EMB 135 | D29: - | E29: FALSE | G29: FALSE | H29: SA04 | I29: =IF(K29>1,VLOOKUP(K29,DB!$A$4:$B$500,2,0),"") | J29: =IF(L29>1,VLOOKUP(L29,DB!$A$4:$B$500,2,0),"") | M29: KARISMA | O29: =IF(ISBLANK(F29),"RON","") -> RON | Q29: =IF(R29="RON",H29,"") -> SA04 | R29: =IF(O29="RON",O29,"") -> RON | S29: =IF(R29="RON",C29,"") -> EMB 135 | T29: =IF(R29="RON",B29,"") -> T7-GBS | U29: =IF(R29="RON",M29,"") -> KARISMA | V29: B9 | W29: =IFERROR(INDEX($Q$18:$U$167,MATCH(V29,$Q$18:$Q$167,0),MATCH(4,$Q$17:$U$17,0)),"") | X29: =IFERROR(INDEX($Q$18:$U$167,MATCH(V29,$Q$18:$Q$167,0),MATCH(3,$Q$17:$U$17,0)),"") | Y29: =IFERROR(INDEX($Q$18:$U$167,MATCH(V29,$Q$18:$Q$167,0),MATCH(5,$Q$17:$U$17,0)),"") | Z29: FALSE | AD29: =IF(D29="","-",D29) -> - | AE29: =IF(F29="","-",F29) -> - | AF29: 0.50069444 | AG29: 0.54166667 | AH29: =COUNTIFS($AD$18:$AD$167,">12:00",$AD$18:$AD$167,"<=13:00") -> 3 | AI29: =COUNTIFS($AE$18:$AE$167,">12:00",$AE$18:$AE$167,"<=13:00") -> 5 | AJ29: =AI29+AH29 -> 8 | AL29: B9 | AM29: =COUNTIFS($H$18:$H$167,AL29,$D$18:$D$167,"<=01:00") -> 0 | AN29: =COUNTIFS($H$18:$H$167,AL29,$D$18:$D$167,">01:00",$D$18:$D$167,"<=02:00") -> 0 | AO29: =COUNTIFS($H$18:$H$167,AL29,$D$18:$D$167,">02:00",$D$18:$D$167,"<=03:00") -> 0 | AP29: =COUNTIFS($H$18:$H$167,AL29,$D$18:$D$167,">03:00",$D$18:$D$167,"<=04:00") -> 0 | AQ29: =COUNTIFS($H$18:$H$167,AL29,$D$18:$D$167,">04:00",$D$18:$D$167,"<=05:00") -> 0 | AR29: =COUNTIFS($H$18:$H$167,AL29,$D$18:$D$167,">05:00",$D$18:$D$167,"<=06:00") -> 1 | AS29: =COUNTIFS($H$18:$H$167,AL29,$D$18:$D$167,">06:00",$D$18:$D$167,"<=07:00") -> 1 | AT29: =COUNTIFS($H$18:$H$167,AL29,$D$18:$D$167,">07:00",$D$18:$D$167,"<=08:00") -> 0 | AU29: =COUNTIFS($H$18:$H$167,AL29,$D$18:$D$167,">08:00",$D$18:$D$167,"<=09:00") -> 0 | AV29: =COUNTIFS($H$18:$H$167,AL29,$D$18:$D$167,">09:00",$D$18:$D$167,"<=10:00") -> 0 | AW29: =COUNTIFS($H$18:$H$167,AL29,$D$18:$D$167,">10:00",$D$18:$D$167,"<=11:00") -> 0 | AX29: =COUNTIFS($H$18:$H$167,AL29,$D$18:$D$167,">11:00",$D$18:$D$167,"<=12:00") -> 0 | AY29: =COUNTIFS($H$18:$H$167,AL29,$D$18:$D$167,">12:00",$D$18:$D$167,"<=13:00") -> 0 | AZ29: =COUNTIFS($H$18:$H$167,AL29,$D$18:$D$167,">13:00",$D$18:$D$167,"<=14:00") -> 0 | BA29: =COUNTIFS($H$18:$H$167,AL29,$D$18:$D$167,">14:00",$D$18:$D$167,"<=15:00") -> 0 | BB29: =COUNTIFS($H$18:$H$167,AL29,$D$18:$D$167,">15:00",$D$18:$D$167,"<=16:00") -> 1 | BC29: =COUNTIFS($H$18:$H$167,AL29,$D$18:$D$167,">16:00",$D$18:$D$167,"<=17:00") -> 0 | BD29: =COUNTIFS($H$18:$H$167,AL29,$D$18:$D$167,">17:00",$D$18:$D$167,"<=18:00") -> 0 | BE29: =COUNTIFS($H$18:$H$167,AL29,$D$18:$D$167,">18:00",$D$18:$D$167,"<=19:00") -> 0 | BF29: =COUNTIFS($H$18:$H$167,AL29,$D$18:$D$167,">19:00",$D$18:$D$167,"<=20:00") -> 0 | BG29: =COUNTIFS($H$18:$H$167,AL29,$D$18:$D$167,">20:00",$D$18:$D$167,"<=21:00") -> 1 | BH29: =COUNTIFS($H$18:$H$167,AL29,$D$18:$D$167,">21:00",$D$18:$D$167,"<=22:00") -> 0 | BI29: =COUNTIFS($H$18:$H$167,AL29,$D$18:$D$167,">22:00",$D$18:$D$167,"<=23:00") -> 0 | BJ29: =COUNTIFS($H$18:$H$167,AL29,$D$18:$D$167,">23:00") -> 0 | BK29: =SUM(AM29:BJ29) -> 4
A30: 13 | B30: PK-RSS | C30: =IF(B30>1,VLOOKUP(B30,DB!$D$4:$E$800,2,0),"") -> EMB 135 | D30: - | E30: FALSE | G30: FALSE | H30: SA05 | I30: =IF(K30>1,VLOOKUP(K30,DB!$A$4:$B$500,2,0),"") | J30: =IF(L30>1,VLOOKUP(L30,DB!$A$4:$B$500,2,0),"") | M30: B. G. S. | O30: =IF(ISBLANK(F30),"RON","") -> RON | Q30: =IF(R30="RON",H30,"") -> SA05 | R30: =IF(O30="RON",O30,"") -> RON | S30: =IF(R30="RON",C30,"") -> EMB 135 | T30: =IF(R30="RON",B30,"") -> PK-RSS | U30: =IF(R30="RON",M30,"") -> B. G. S. | V30: B10 | W30: =IFERROR(INDEX($Q$18:$U$167,MATCH(V30,$Q$18:$Q$167,0),MATCH(4,$Q$17:$U$17,0)),"") | X30: =IFERROR(INDEX($Q$18:$U$167,MATCH(V30,$Q$18:$Q$167,0),MATCH(3,$Q$17:$U$17,0)),"") | Y30: =IFERROR(INDEX($Q$18:$U$167,MATCH(V30,$Q$18:$Q$167,0),MATCH(5,$Q$17:$U$17,0)),"") | Z30: FALSE | AD30: =IF(D30="","-",D30) -> - | AE30: =IF(F30="","-",F30) -> - | AF30: 0.54236111 | AG30: 0.58333333 | AH30: =COUNTIFS($AD$18:$AD$167,">13:00",$AD$18:$AD$167,"<=14:00") -> 7 | AI30: =COUNTIFS($AE$18:$AE$167,">13:00",$AE$18:$AE$167,"<=14:00") -> 4 | AJ30: =AI30+AH30 -> 11 | AL30: B10 | AM30: =COUNTIFS($H$18:$H$167,AL30,$D$18:$D$167,"<=01:00") -> 0 | AN30: =COUNTIFS($H$18:$H$167,AL30,$D$18:$D$167,">01:00",$D$18:$D$167,"<=02:00") -> 0 | AO30: =COUNTIFS($H$18:$H$167,AL30,$D$18:$D$167,">02:00",$D$18:$D$167,"<=03:00") -> 0 | AP30: =COUNTIFS($H$18:$H$167,AL30,$D$18:$D$167,">03:00",$D$18:$D$167,"<=04:00") -> 0 | AQ30: =COUNTIFS($H$18:$H$167,AL30,$D$18:$D$167,">04:00",$D$18:$D$167,"<=05:00") -> 0 | AR30: =COUNTIFS($H$18:$H$167,AL30,$D$18:$D$167,">05:00",$D$18:$D$167,"<=06:00") -> 0 | AS30: =COUNTIFS($H$18:$H$167,AL30,$D$18:$D$167,">06:00",$D$18:$D$167,"<=07:00") -> 0 | AT30: =COUNTIFS($H$18:$H$167,AL30,$D$18:$D$167,">07:00",$D$18:$D$167,"<=08:00") -> 0 | AU30: =COUNTIFS($H$18:$H$167,AL30,$D$18:$D$167,">08:00",$D$18:$D$167,"<=09:00") -> 0 | AV30: =COUNTIFS($H$18:$H$167,AL30,$D$18:$D$167,">09:00",$D$18:$D$167,"<=10:00") -> 0 | AW30: =COUNTIFS($H$18:$H$167,AL30,$D$18:$D$167,">10:00",$D$18:$D$167,"<=11:00") -> 0 | AX30: =COUNTIFS($H$18:$H$167,AL30,$D$18:$D$167,">11:00",$D$18:$D$167,"<=12:00") -> 0 | AY30: =COUNTIFS($H$18:$H$167,AL30,$D$18:$D$167,">12:00",$D$18:$D$167,"<=13:00") -> 0 | AZ30: =COUNTIFS($H$18:$H$167,AL30,$D$18:$D$167,">13:00",$D$18:$D$167,"<=14:00") -> 0 | BA30: =COUNTIFS($H$18:$H$167,AL30,$D$18:$D$167,">14:00",$D$18:$D$167,"<=15:00") -> 0 | BB30: =COUNTIFS($H$18:$H$167,AL30,$D$18:$D$167,">15:00",$D$18:$D$167,"<=16:00") -> 0 | BC30: =COUNTIFS($H$18:$H$167,AL30,$D$18:$D$167,">16:00",$D$18:$D$167,"<=17:00") -> 0 | BD30: =COUNTIFS($H$18:$H$167,AL30,$D$18:$D$167,">17:00",$D$18:$D$167,"<=18:00") -> 1 | BE30: =COUNTIFS($H$18:$H$167,AL30,$D$18:$D$167,">18:00",$D$18:$D$167,"<=19:00") -> 0 | BF30: =COUNTIFS($H$18:$H$167,AL30,$D$18:$D$167,">19:00",$D$18:$D$167,"<=20:00") -> 1 | BG30: =COUNTIFS($H$18:$H$167,AL30,$D$18:$D$167,">20:00",$D$18:$D$167,"<=21:00") -> 0 | BH30: =COUNTIFS($H$18:$H$167,AL30,$D$18:$D$167,">21:00",$D$18:$D$167,"<=22:00") -> 0 | BI30: =COUNTIFS($H$18:$H$167,AL30,$D$18:$D$167,">22:00",$D$18:$D$167,"<=23:00") -> 0 | BJ30: =COUNTIFS($H$18:$H$167,AL30,$D$18:$D$167,">23:00") -> 0 | BK30: =SUM(AM30:BJ30) -> 2
A31: 14 | B31: PK-VCS | C31: =IF(B31>1,VLOOKUP(B31,DB!$D$4:$E$800,2,0),"") -> EMB 135 | D31: - | E31: FALSE | G31: FALSE | H31: SA06 | I31: =IF(K31>1,VLOOKUP(K31,DB!$A$4:$B$500,2,0),"") | J31: =IF(L31>1,VLOOKUP(L31,DB!$A$4:$B$500,2,0),"") | M31: =IF(B31>1,VLOOKUP(B31,DB!$D$4:$F$800,3,0),"") -> JETSET | O31: =IF(ISBLANK(F31),"RON","") -> RON | Q31: =IF(R31="RON",H31,"") -> SA06 | R31: =IF(O31="RON",O31,"") -> RON | S31: =IF(R31="RON",C31,"") -> EMB 135 | T31: =IF(R31="RON",B31,"") -> PK-VCS | U31: =IF(R31="RON",M31,"") -> JETSET | V31: B11 | W31: =IFERROR(INDEX($Q$18:$U$167,MATCH(V31,$Q$18:$Q$167,0),MATCH(4,$Q$17:$U$17,0)),"") -> PK-BBJ | X31: =IFERROR(INDEX($Q$18:$U$167,MATCH(V31,$Q$18:$Q$167,0),MATCH(3,$Q$17:$U$17,0)),"") -> B 734 | Y31: =IFERROR(INDEX($Q$18:$U$167,MATCH(V31,$Q$18:$Q$167,0),MATCH(5,$Q$17:$U$17,0)),"") -> B. B. N. | Z31: TRUE | AD31: =IF(D31="","-",D31) -> - | AE31: =IF(F31="","-",F31) -> - | AF31: 0.58402778 | AG31: 0.625 | AH31: =COUNTIFS($AD$18:$AD$167,">14:00",$AD$18:$AD$167,"<=15:00") -> 1 | AI31: =COUNTIFS($AE$18:$AE$167,">14:00",$AE$18:$AE$167,"<=15:00") -> 3 | AJ31: =AI31+AH31 -> 4 | AL31: B11 | AM31: =COUNTIFS($H$18:$H$167,AL31,$D$18:$D$167,"<=01:00") -> 0 | AN31: =COUNTIFS($H$18:$H$167,AL31,$D$18:$D$167,">01:00",$D$18:$D$167,"<=02:00") -> 0 | AO31: =COUNTIFS($H$18:$H$167,AL31,$D$18:$D$167,">02:00",$D$18:$D$167,"<=03:00") -> 0 | AP31: =COUNTIFS($H$18:$H$167,AL31,$D$18:$D$167,">03:00",$D$18:$D$167,"<=04:00") -> 0 | AQ31: =COUNTIFS($H$18:$H$167,AL31,$D$18:$D$167,">04:00",$D$18:$D$167,"<=05:00") -> 0 | AR31: =COUNTIFS($H$18:$H$167,AL31,$D$18:$D$167,">05:00",$D$18:$D$167,"<=06:00") -> 0 | AS31: =COUNTIFS($H$18:$H$167,AL31,$D$18:$D$167,">06:00",$D$18:$D$167,"<=07:00") -> 1 | AT31: =COUNTIFS($H$18:$H$167,AL31,$D$18:$D$167,">07:00",$D$18:$D$167,"<=08:00") -> 0 | AU31: =COUNTIFS($H$18:$H$167,AL31,$D$18:$D$167,">08:00",$D$18:$D$167,"<=09:00") -> 0 | AV31: =COUNTIFS($H$18:$H$167,AL31,$D$18:$D$167,">09:00",$D$18:$D$167,"<=10:00") -> 0 | AW31: =COUNTIFS($H$18:$H$167,AL31,$D$18:$D$167,">10:00",$D$18:$D$167,"<=11:00") -> 0 | AX31: =COUNTIFS($H$18:$H$167,AL31,$D$18:$D$167,">11:00",$D$18:$D$167,"<=12:00") -> 0 | AY31: =COUNTIFS($H$18:$H$167,AL31,$D$18:$D$167,">12:00",$D$18:$D$167,"<=13:00") -> 0 | AZ31: =COUNTIFS($H$18:$H$167,AL31,$D$18:$D$167,">13:00",$D$18:$D$167,"<=14:00") -> 1 | BA31: =COUNTIFS($H$18:$H$167,AL31,$D$18:$D$167,">14:00",$D$18:$D$167,"<=15:00") -> 0 | BB31: =COUNTIFS($H$18:$H$167,AL31,$D$18:$D$167,">15:00",$D$18:$D$167,"<=16:00") -> 0 | BC31: =COUNTIFS($H$18:$H$167,AL31,$D$18:$D$167,">16:00",$D$18:$D$167,"<=17:00") -> 0 | BD31: =COUNTIFS($H$18:$H$167,AL31,$D$18:$D$167,">17:00",$D$18:$D$167,"<=18:00") -> 0 | BE31: =COUNTIFS($H$18:$H$167,AL31,$D$18:$D$167,">18:00",$D$18:$D$167,"<=19:00") -> 0 | BF31: =COUNTIFS($H$18:$H$167,AL31,$D$18:$D$167,">19:00",$D$18:$D$167,"<=20:00") -> 1 | BG31: =COUNTIFS($H$18:$H$167,AL31,$D$18:$D$167,">20:00",$D$18:$D$167,"<=21:00") -> 0 | BH31: =COUNTIFS($H$18:$H$167,AL31,$D$18:$D$167,">21:00",$D$18:$D$167,"<=22:00") -> 0 | BI31: =COUNTIFS($H$18:$H$167,AL31,$D$18:$D$167,">22:00",$D$18:$D$167,"<=23:00") -> 0 | BJ31: =COUNTIFS($H$18:$H$167,AL31,$D$18:$D$167,">23:00") -> 0 | BK31: =SUM(AM31:BJ31) -> 3
A32: 15 | B32: N-939GS | C32: =IF(B32>1,VLOOKUP(B32,DB!$D$4:$E$800,2,0),"") -> GLEX | D32: - | E32: FALSE | G32: FALSE | H32: SA07 | I32: =IF(K32>1,VLOOKUP(K32,DB!$A$4:$B$500,2,0),"") | J32: =IF(L32>1,VLOOKUP(L32,DB!$A$4:$B$500,2,0),"") | M32: =IF(B32>1,VLOOKUP(B32,DB!$D$4:$F$800,3,0),"") -> BIOMANTARA | O32: =IF(ISBLANK(F32),"RON","") -> RON | Q32: =IF(R32="RON",H32,"") -> SA07 | R32: =IF(O32="RON",O32,"") -> RON | S32: =IF(R32="RON",C32,"") -> GLEX | T32: =IF(R32="RON",B32,"") -> N-939GS | U32: =IF(R32="RON",M32,"") -> BIOMANTARA | V32: B12 | W32: =IFERROR(INDEX($Q$18:$U$167,MATCH(V32,$Q$18:$Q$167,0),MATCH(4,$Q$17:$U$17,0)),"") -> PK-YSH | X32: =IFERROR(INDEX($Q$18:$U$167,MATCH(V32,$Q$18:$Q$167,0),MATCH(3,$Q$17:$U$17,0)),"") -> B 733 | Y32: =IFERROR(INDEX($Q$18:$U$167,MATCH(V32,$Q$18:$Q$167,0),MATCH(5,$Q$17:$U$17,0)),"") -> TRIGANA | Z32: TRUE | AD32: =IF(D32="","-",D32) -> - | AE32: =IF(F32="","-",F32) -> - | AF32: 0.62569444 | AG32: 0.66666667 | AH32: =COUNTIFS($AD$18:$AD$167,">15:00",$AD$18:$AD$167,"<=16:00") -> 5 | AI32: =COUNTIFS($AE$18:$AE$167,">15:00",$AE$18:$AE$167,"<=16:00") -> 3 | AJ32: =AI32+AH32 -> 8 | AL32: B12 | AM32: =COUNTIFS($H$18:$H$167,AL32,$D$18:$D$167,"<=01:00") -> 0 | AN32: =COUNTIFS($H$18:$H$167,AL32,$D$18:$D$167,">01:00",$D$18:$D$167,"<=02:00") -> 0 | AO32: =COUNTIFS($H$18:$H$167,AL32,$D$18:$D$167,">02:00",$D$18:$D$167,"<=03:00") -> 0 | AP32: =COUNTIFS($H$18:$H$167,AL32,$D$18:$D$167,">03:00",$D$18:$D$167,"<=04:00") -> 0 | AQ32: =COUNTIFS($H$18:$H$167,AL32,$D$18:$D$167,">04:00",$D$18:$D$167,"<=05:00") -> 1 | AR32: =COUNTIFS($H$18:$H$167,AL32,$D$18:$D$167,">05:00",$D$18:$D$167,"<=06:00") -> 0 | AS32: =COUNTIFS($H$18:$H$167,AL32,$D$18:$D$167,">06:00",$D$18:$D$167,"<=07:00") -> 0 | AT32: =COUNTIFS($H$18:$H$167,AL32,$D$18:$D$167,">07:00",$D$18:$D$167,"<=08:00") -> 0 | AU32: =COUNTIFS($H$18:$H$167,AL32,$D$18:$D$167,">08:00",$D$18:$D$167,"<=09:00") -> 0 | AV32: =COUNTIFS($H$18:$H$167,AL32,$D$18:$D$167,">09:00",$D$18:$D$167,"<=10:00") -> 1 | AW32: =COUNTIFS($H$18:$H$167,AL32,$D$18:$D$167,">10:00",$D$18:$D$167,"<=11:00") -> 0 | AX32: =COUNTIFS($H$18:$H$167,AL32,$D$18:$D$167,">11:00",$D$18:$D$167,"<=12:00") -> 0 | AY32: =COUNTIFS($H$18:$H$167,AL32,$D$18:$D$167,">12:00",$D$18:$D$167,"<=13:00") -> 0 | AZ32: =COUNTIFS($H$18:$H$167,AL32,$D$18:$D$167,">13:00",$D$18:$D$167,"<=14:00") -> 1 | BA32: =COUNTIFS($H$18:$H$167,AL32,$D$18:$D$167,">14:00",$D$18:$D$167,"<=15:00") -> 0 | BB32: =COUNTIFS($H$18:$H$167,AL32,$D$18:$D$167,">15:00",$D$18:$D$167,"<=16:00") -> 0 | BC32: =COUNTIFS($H$18:$H$167,AL32,$D$18:$D$167,">16:00",$D$18:$D$167,"<=17:00") -> 0 | BD32: =COUNTIFS($H$18:$H$167,AL32,$D$18:$D$167,">17:00",$D$18:$D$167,"<=18:00") -> 1 | BE32: =COUNTIFS($H$18:$H$167,AL32,$D$18:$D$167,">18:00",$D$18:$D$167,"<=19:00") -> 0 | BF32: =COUNTIFS($H$18:$H$167,AL32,$D$18:$D$167,">19:00",$D$18:$D$167,"<=20:00") -> 0 | BG32: =COUNTIFS($H$18:$H$167,AL32,$D$18:$D$167,">20:00",$D$18:$D$167,"<=21:00") -> 0 | BH32: =COUNTIFS($H$18:$H$167,AL32,$D$18:$D$167,">21:00",$D$18:$D$167,"<=22:00") -> 0 | BI32: =COUNTIFS($H$18:$H$167,AL32,$D$18:$D$167,">22:00",$D$18:$D$167,"<=23:00") -> 0 | BJ32: =COUNTIFS($H$18:$H$167,AL32,$D$18:$D$167,">23:00") -> 0 | BK32: =SUM(AM32:BJ32) -> 4
A33: 16 | B33: PK-IDR | C33: =IF(B33>1,VLOOKUP(B33,DB!$D$4:$E$800,2,0),"") -> CL 850 | D33: - | E33: FALSE | G33: FALSE | H33: SA08 | I33: =IF(K33>1,VLOOKUP(K33,DB!$A$4:$B$500,2,0),"") | J33: =IF(L33>1,VLOOKUP(L33,DB!$A$4:$B$500,2,0),"") | M33: PREMI | O33: =IF(ISBLANK(F33),"RON","") -> RON | Q33: =IF(R33="RON",H33,"") -> SA08 | R33: =IF(O33="RON",O33,"") -> RON | S33: =IF(R33="RON",C33,"") -> CL 850 | T33: =IF(R33="RON",B33,"") -> PK-IDR | U33: =IF(R33="RON",M33,"") -> PREMI | V33: B13 | W33: =IFERROR(INDEX($Q$18:$U$167,MATCH(V33,$Q$18:$Q$167,0),MATCH(4,$Q$17:$U$17,0)),"") | X33: =IFERROR(INDEX($Q$18:$U$167,MATCH(V33,$Q$18:$Q$167,0),MATCH(3,$Q$17:$U$17,0)),"") | Y33: =IFERROR(INDEX($Q$18:$U$167,MATCH(V33,$Q$18:$Q$167,0),MATCH(5,$Q$17:$U$17,0)),"") | Z33: FALSE | AD33: =IF(D33="","-",D33) -> - | AE33: =IF(F33="","-",F33) -> - | AF33: 0.66736111 | AG33: 0.70833333 | AH33: =COUNTIFS($AD$18:$AD$167,">16:00",$AD$18:$AD$167,"<=17:00") -> 6 | AI33: =COUNTIFS($AE$18:$AE$167,">16:00",$AE$18:$AE$167,"<=17:00") -> 1 | AJ33: =AI33+AH33 -> 7 | AL33: B13 | AM33: =COUNTIFS($H$18:$H$167,AL33,$D$18:$D$167,"<=01:00") -> 0 | AN33: =COUNTIFS($H$18:$H$167,AL33,$D$18:$D$167,">01:00",$D$18:$D$167,"<=02:00") -> 0 | AO33: =COUNTIFS($H$18:$H$167,AL33,$D$18:$D$167,">02:00",$D$18:$D$167,"<=03:00") -> 0 | AP33: =COUNTIFS($H$18:$H$167,AL33,$D$18:$D$167,">03:00",$D$18:$D$167,"<=04:00") -> 0 | AQ33: =COUNTIFS($H$18:$H$167,AL33,$D$18:$D$167,">04:00",$D$18:$D$167,"<=05:00") -> 1 | AR33: =COUNTIFS($H$18:$H$167,AL33,$D$18:$D$167,">05:00",$D$18:$D$167,"<=06:00") -> 0 | AS33: =COUNTIFS($H$18:$H$167,AL33,$D$18:$D$167,">06:00",$D$18:$D$167,"<=07:00") -> 0 | AT33: =COUNTIFS($H$18:$H$167,AL33,$D$18:$D$167,">07:00",$D$18:$D$167,"<=08:00") -> 1 | AU33: =COUNTIFS($H$18:$H$167,AL33,$D$18:$D$167,">08:00",$D$18:$D$167,"<=09:00") -> 0 | AV33: =COUNTIFS($H$18:$H$167,AL33,$D$18:$D$167,">09:00",$D$18:$D$167,"<=10:00") -> 0 | AW33: =COUNTIFS($H$18:$H$167,AL33,$D$18:$D$167,">10:00",$D$18:$D$167,"<=11:00") -> 0 | AX33: =COUNTIFS($H$18:$H$167,AL33,$D$18:$D$167,">11:00",$D$18:$D$167,"<=12:00") -> 0 | AY33: =COUNTIFS($H$18:$H$167,AL33,$D$18:$D$167,">12:00",$D$18:$D$167,"<=13:00") -> 0 | AZ33: =COUNTIFS($H$18:$H$167,AL33,$D$18:$D$167,">13:00",$D$18:$D$167,"<=14:00") -> 0 | BA33: =COUNTIFS($H$18:$H$167,AL33,$D$18:$D$167,">14:00",$D$18:$D$167,"<=15:00") -> 0 | BB33: =COUNTIFS($H$18:$H$167,AL33,$D$18:$D$167,">15:00",$D$18:$D$167,"<=16:00") -> 1 | BC33: =COUNTIFS($H$18:$H$167,AL33,$D$18:$D$167,">16:00",$D$18:$D$167,"<=17:00") -> 0 | BD33: =COUNTIFS($H$18:$H$167,AL33,$D$18:$D$167,">17:00",$D$18:$D$167,"<=18:00") -> 0 | BE33: =COUNTIFS($H$18:$H$167,AL33,$D$18:$D$167,">18:00",$D$18:$D$167,"<=19:00") -> 0 | BF33: =COUNTIFS($H$18:$H$167,AL33,$D$18:$D$167,">19:00",$D$18:$D$167,"<=20:00") -> 0 | BG33: =COUNTIFS($H$18:$H$167,AL33,$D$18:$D$167,">20:00",$D$18:$D$167,"<=21:00") -> 1 | BH33: =COUNTIFS($H$18:$H$167,AL33,$D$18:$D$167,">21:00",$D$18:$D$167,"<=22:00") -> 0 | BI33: =COUNTIFS($H$18:$H$167,AL33,$D$18:$D$167,">22:00",$D$18:$D$167,"<=23:00") -> 0 | BJ33: =COUNTIFS($H$18:$H$167,AL33,$D$18:$D$167,">23:00") -> 0 | BK33: =SUM(AM33:BJ33) -> 4
A34: 17 | B34: PK-BON | C34: =IF(B34>1,VLOOKUP(B34,DB!$D$4:$E$800,2,0),"") -> G IV | D34: - | E34: FALSE | G34: FALSE | H34: SA09 | I34: =IF(K34>1,VLOOKUP(K34,DB!$A$4:$B$500,2,0),"") | J34: =IF(L34>1,VLOOKUP(L34,DB!$A$4:$B$500,2,0),"") | M34: =IF(B34>1,VLOOKUP(B34,DB!$D$4:$F$800,3,0),"") -> JETSET | O34: =IF(ISBLANK(F34),"RON","") -> RON | Q34: =IF(R34="RON",H34,"") -> SA09 | R34: =IF(O34="RON",O34,"") -> RON | S34: =IF(R34="RON",C34,"") -> G IV | T34: =IF(R34="RON",B34,"") -> PK-BON | U34: =IF(R34="RON",M34,"") -> JETSET | V34: SA01 | W34: =IFERROR(INDEX($Q$18:$U$167,MATCH(V34,$Q$18:$Q$167,0),MATCH(4,$Q$17:$U$17,0)),"") -> PK-RJH | X34: =IFERROR(INDEX($Q$18:$U$167,MATCH(V34,$Q$18:$Q$167,0),MATCH(3,$Q$17:$U$17,0)),"") -> EC 135 | Y34: =IFERROR(INDEX($Q$18:$U$167,MATCH(V34,$Q$18:$Q$167,0),MATCH(5,$Q$17:$U$17,0)),"") -> PREMI | Z34: TRUE | AD34: =IF(D34="","-",D34) -> - | AE34: =IF(F34="","-",F34) -> - | AF34: 0.70902778 | AG34: 0.75 | AH34: =COUNTIFS($AD$18:$AD$167,">17:00",$AD$18:$AD$167,"<=18:00") -> 2 | AI34: =COUNTIFS($AE$18:$AE$167,">17:00",$AE$18:$AE$167,"<=18:00") -> 3 | AJ34: =AI34+AH34 -> 5 | AM34: =SUM(AM17:AM33) -> 0 | AN34: =SUM(AN17:AN33) -> 0 | AO34: =SUM(AO17:AO33) -> 0 | AP34: =SUM(AP17:AP33) -> 0 | AQ34: =SUM(AQ17:AQ33) -> 3 | AR34: =SUM(AR17:AR33) -> 2 | AS34: =SUM(AS17:AS33) -> 5 | AT34: =SUM(AT17:AT33) -> 4 | ... BJ34: =SUM(BJ17:BJ33) -> 0
A35: 18 | B35: N-11UB | C35: =IF(B35>1,VLOOKUP(B35,DB!$D$4:$E$800,2,0),"") -> GLEX | D35: - | E35: FALSE | G35: FALSE | H35: SA10 | I35: =IF(K35>1,VLOOKUP(K35,DB!$A$4:$B$500,2,0),"") | J35: =IF(L35>1,VLOOKUP(L35,DB!$A$4:$B$500,2,0),"") | M35: PTN | O35: =IF(ISBLANK(F35),"RON","") -> RON | Q35: =IF(R35="RON",H35,"") -> SA10 | R35: =IF(O35="RON",O35,"") -> RON | S35: =IF(R35="RON",C35,"") -> GLEX | T35: =IF(R35="RON",B35,"") -> N-11UB | U35: =IF(R35="RON",M35,"") -> PTN | V35: SA02 | W35: =IFERROR(INDEX($Q$18:$U$167,MATCH(V35,$Q$18:$Q$167,0),MATCH(4,$Q$17:$U$17,0)),"") -> T7-777 | X35: =IFERROR(INDEX($Q$18:$U$167,MATCH(V35,$Q$18:$Q$167,0),MATCH(3,$Q$17:$U$17,0)),"") -> BBJ | Y35: =IFERROR(INDEX($Q$18:$U$167,MATCH(V35,$Q$18:$Q$167,0),MATCH(5,$Q$17:$U$17,0)),"") -> JIP | Z35: TRUE | AD35: =IF(D35="","-",D35) -> - | AE35: =IF(F35="","-",F35) -> - | AF35: 0.75069444 | AG35: 0.79166667 | AH35: =COUNTIFS($AD$18:$AD$167,">18:00",$AD$18:$AD$167,"<=19:00") -> 3 | AI35: =COUNTIFS($AE$18:$AE$167,">18:00",$AE$18:$AE$167,"<=19:00") -> 4 | AJ35: =AI35+AH35 -> 7
A36: 19 | B36: PK-GRD | C36: =IF(B36>1,VLOOKUP(B36,DB!$D$4:$E$800,2,0),"") -> BBJ 2 | D36: - | E36: FALSE | G36: FALSE | H36: SA11 | I36: =IF(K36>1,VLOOKUP(K36,DB!$A$4:$B$500,2,0),"") | J36: =IF(L36>1,VLOOKUP(L36,DB!$A$4:$B$500,2,0),"") | M36: =IF(B36>1,VLOOKUP(B36,DB!$D$4:$F$800,3,0),"") -> PTN | O36: =IF(ISBLANK(F36),"RON","") -> RON | Q36: =IF(R36="RON",H36,"") -> SA11 | R36: =IF(O36="RON",O36,"") -> RON | S36: =IF(R36="RON",C36,"") -> BBJ 2 | T36: =IF(R36="RON",B36,"") -> PK-GRD | U36: =IF(R36="RON",M36,"") -> PTN | V36: SA03 | W36: =IFERROR(INDEX($Q$18:$U$167,MATCH(V36,$Q$18:$Q$167,0),MATCH(4,$Q$17:$U$17,0)),"") -> N-227GV | X36: =IFERROR(INDEX($Q$18:$U$167,MATCH(V36,$Q$18:$Q$167,0),MATCH(3,$Q$17:$U$17,0)),"") -> L 1000 | Y36: =IFERROR(INDEX($Q$18:$U$167,MATCH(V36,$Q$18:$Q$167,0),MATCH(5,$Q$17:$U$17,0)),"") -> PREMI | Z36: TRUE | AD36: =IF(D36="","-",D36) -> - | AE36: =IF(F36="","-",F36) -> - | AF36: 0.79236111 | AG36: 0.83333333 | AH36: =COUNTIFS($AD$18:$AD$167,">19:00",$AD$18:$AD$167,"<=20:00") -> 3 | AI36: =COUNTIFS($AE$18:$AE$167,">19:00",$AE$18:$AE$167,"<=20:00") -> 1 | AJ36: =AI36+AH36 -> 4
A37: 20 | B37: T7-MEL | C37: =IF(B37>1,VLOOKUP(B37,DB!$D$4:$E$800,2,0),"") -> GLEX | D37: - | E37: FALSE | G37: FALSE | H37: SA12 | I37: =IF(K37>1,VLOOKUP(K37,DB!$A$4:$B$500,2,0),"") | J37: =IF(L37>1,VLOOKUP(L37,DB!$A$4:$B$500,2,0),"") | M37: =IF(B37>1,VLOOKUP(B37,DB!$D$4:$F$800,3,0),"") -> PREMI | O37: =IF(ISBLANK(F37),"RON","") -> RON | Q37: =IF(R37="RON",H37,"") -> SA12 | R37: =IF(O37="RON",O37,"") -> RON | S37: =IF(R37="RON",C37,"") -> GLEX | T37: =IF(R37="RON",B37,"") -> T7-MEL | U37: =IF(R37="RON",M37,"") -> PREMI | V37: SA04 | W37: =IFERROR(INDEX($Q$18:$U$167,MATCH(V37,$Q$18:$Q$167,0),MATCH(4,$Q$17:$U$17,0)),"") -> T7-GBS | X37: =IFERROR(INDEX($Q$18:$U$167,MATCH(V37,$Q$18:$Q$167,0),MATCH(3,$Q$17:$U$17,0)),"") -> EMB 135 | Y37: =IFERROR(INDEX($Q$18:$U$167,MATCH(V37,$Q$18:$Q$167,0),MATCH(5,$Q$17:$U$17,0)),"") -> KARISMA | Z37: TRUE | AD37: =IF(D37="","-",D37) -> - | AE37: =IF(F37="","-",F37) -> - | AF37: 0.83402778 | AG37: 0.875 | AH37: =COUNTIFS($AD$18:$AD$167,">20:00",$AD$18:$AD$167,"<=21:00") -> 4 | AI37: =COUNTIFS($AE$18:$AE$167,">20:00",$AE$18:$AE$167,"<=21:00") -> 1 | AJ37: =AI37+AH37 -> 5
A38: 21 | B38: PK-KAS | C38: =IF(B38>1,VLOOKUP(B38,DB!$D$4:$E$800,2,0),"") -> CL 850 | D38: - | E38: FALSE | F38: 0.22569444 | G38: TRUE | H38: SA14 | I38: =IF(K38>1,VLOOKUP(K38,DB!$A$4:$B$500,2,0),"") -> EX RON | J38: B5 | K38: - | M38: =IF(B38>1,VLOOKUP(B38,DB!$D$4:$F$800,3,0),"") -> JETSET | O38: =IF(ISBLANK(F38),"RON","") | Q38: =IF(R38="RON",H38,"") | R38: =IF(O38="RON",O38,"") | S38: =IF(R38="RON",C38,"") | T38: =IF(R38="RON",B38,"") | U38: =IF(R38="RON",M38,"") | V38: SA05 | W38: =IFERROR(INDEX($Q$18:$U$167,MATCH(V38,$Q$18:$Q$167,0),MATCH(4,$Q$17:$U$17,0)),"") -> PK-RSS | X38: =IFERROR(INDEX($Q$18:$U$167,MATCH(V38,$Q$18:$Q$167,0),MATCH(3,$Q$17:$U$17,0)),"") -> EMB 135 | Y38: =IFERROR(INDEX($Q$18:$U$167,MATCH(V38,$Q$18:$Q$167,0),MATCH(5,$Q$17:$U$17,0)),"") -> B. G. S. | Z38: TRUE | AD38: =IF(D38="","-",D38) -> - | AE38: =IF(F38="","-",F38) -> 0.22569444 | AF38: 0.87569444 | AG38: 0.91666667 | AH38: =COUNTIFS($AD$18:$AD$167,">21:00",$AD$18:$AD$167,"<=22:00") -> 3 | AI38: =COUNTIFS($AE$18:$AE$167,">21:00",$AE$18:$AE$167,"<=22:00") -> 4 | AJ38: =AI38+AH38 -> 7
A39: 22 | B39: T7-X14 | C39: =IF(B39>1,VLOOKUP(B39,DB!$D$4:$E$800,2,0),"") -> G VI | D39: - | E39: FALSE | G39: FALSE | H39: SA16 | I39: =IF(K39>1,VLOOKUP(K39,DB!$A$4:$B$500,2,0),"") | J39: =IF(L39>1,VLOOKUP(L39,DB!$A$4:$B$500,2,0),"") | M39: AFM | O39: =IF(ISBLANK(F39),"RON","") -> RON | Q39: =IF(R39="RON",H39,"") -> SA16 | R39: =IF(O39="RON",O39,"") -> RON | S39: =IF(R39="RON",C39,"") -> G VI | T39: =IF(R39="RON",B39,"") -> T7-X14 | U39: =IF(R39="RON",M39,"") -> AFM | V39: SA06 | W39: =IFERROR(INDEX($Q$18:$U$167,MATCH(V39,$Q$18:$Q$167,0),MATCH(4,$Q$17:$U$17,0)),"") -> PK-VCS | X39: =IFERROR(INDEX($Q$18:$U$167,MATCH(V39,$Q$18:$Q$167,0),MATCH(3,$Q$17:$U$17,0)),"") -> EMB 135 | Y39: =IFERROR(INDEX($Q$18:$U$167,MATCH(V39,$Q$18:$Q$167,0),MATCH(5,$Q$17:$U$17,0)),"") -> JETSET | Z39: TRUE | AD39: =IF(D39="","-",D39) -> - | AE39: =IF(F39="","-",F39) -> - | AF39: 0.91736111 | AG39: 0.95833333 | AH39: =COUNTIFS($AD$18:$AD$167,">22:00",$AD$18:$AD$167,"<=23:00") -> 3 | AI39: =COUNTIFS($AE$18:$AE$167,">22:00",$AE$18:$AE$167,"<=23:00") -> 2 | AJ39: =AI39+AH39 -> 5
A40: 23 | B40: T7-HNA | C40: =IF(B40>1,VLOOKUP(B40,DB!$D$4:$E$800,2,0),"") -> G IV | D40: - | E40: FALSE | G40: FALSE | H40: SA17 | I40: =IF(K40>1,VLOOKUP(K40,DB!$A$4:$B$500,2,0),"") | J40: =IF(L40>1,VLOOKUP(L40,DB!$A$4:$B$500,2,0),"") | M40: AFM | O40: =IF(ISBLANK(F40),"RON","") -> RON | Q40: =IF(R40="RON",H40,"") -> SA17 | R40: =IF(O40="RON",O40,"") -> RON | S40: =IF(R40="RON",C40,"") -> G IV | T40: =IF(R40="RON",B40,"") -> T7-HNA | U40: =IF(R40="RON",M40,"") -> AFM | V40: SA07 | W40: =IFERROR(INDEX($Q$18:$U$167,MATCH(V40,$Q$18:$Q$167,0),MATCH(4,$Q$17:$U$17,0)),"") -> N-939GS | X40: =IFERROR(INDEX($Q$18:$U$167,MATCH(V40,$Q$18:$Q$167,0),MATCH(3,$Q$17:$U$17,0)),"") -> GLEX | Y40: =IFERROR(INDEX($Q$18:$U$167,MATCH(V40,$Q$18:$Q$167,0),MATCH(5,$Q$17:$U$17,0)),"") -> BIOMANTARA | Z40: TRUE | AD40: =IF(D40="","-",D40) -> - | AE40: =IF(F40="","-",F40) -> - | AF40: 0.95902778 | AG40: 0 | AH40: =COUNTIF($AD$18:$AD$167,">23:00") -> 1 | AI40: =COUNTIF($AE$18:$AE$167,">23:00") -> 1 | AJ40: =AI40+AH40 -> 2
A41: 24 | B41: PK-OTR | C41: =IF(B41>1,VLOOKUP(B41,DB!$D$4:$E$800,2,0),"") -> ATR 72 | D41: - | E41: FALSE | G41: FALSE | H41: SA19 | I41: =IF(K41>1,VLOOKUP(K41,DB!$A$4:$B$500,2,0),"") | J41: =IF(L41>1,VLOOKUP(L41,DB!$A$4:$B$500,2,0),"") | M41: TAS | O41: =IF(ISBLANK(F41),"RON","") -> RON | Q41: =IF(R41="RON",H41,"") -> SA19 | R41: =IF(O41="RON",O41,"") -> RON | S41: =IF(R41="RON",C41,"") -> ATR 72 | T41: =IF(R41="RON",B41,"") -> PK-OTR | U41: =IF(R41="RON",M41,"") -> TAS | V41: SA08 | W41: =IFERROR(INDEX($Q$18:$U$167,MATCH(V41,$Q$18:$Q$167,0),MATCH(4,$Q$17:$U$17,0)),"") -> PK-IDR | X41: =IFERROR(INDEX($Q$18:$U$167,MATCH(V41,$Q$18:$Q$167,0),MATCH(3,$Q$17:$U$17,0)),"") -> CL 850 | Y41: =IFERROR(INDEX($Q$18:$U$167,MATCH(V41,$Q$18:$Q$167,0),MATCH(5,$Q$17:$U$17,0)),"") -> PREMI | Z41: TRUE | AD41: =IF(D41="","-",D41) -> - | AE41: =IF(F41="","-",F41) -> - | AF41: TOTAL | AH41: =SUM(AH17:AH40) -> 70 | AI41: =SUM(AI17:AI40) -> 69 | AJ41: =SUM(AJ17:AJ40) -> 139
A42: 25 | B42: VP-CLL | C42: =IF(B42>1,VLOOKUP(B42,DB!$D$4:$E$800,2,0),"") -> EMB 135 | D42: - | E42: FALSE | F42: 0.55694444 | G42: TRUE | H42: SA13 | I42: =IF(K42>1,VLOOKUP(K42,DB!$A$4:$B$500,2,0),"") -> EX RON | J42: B7 | K42: - | M42: KARISMA | O42: =IF(ISBLANK(F42),"RON","") | Q42: =IF(R42="RON",H42,"") | R42: =IF(O42="RON",O42,"") | S42: =IF(R42="RON",C42,"") | T42: =IF(R42="RON",B42,"") | U42: =IF(R42="RON",M42,"") | V42: SA09 | W42: =IFERROR(INDEX($Q$18:$U$167,MATCH(V42,$Q$18:$Q$167,0),MATCH(4,$Q$17:$U$17,0)),"") -> PK-BON | X42: =IFERROR(INDEX($Q$18:$U$167,MATCH(V42,$Q$18:$Q$167,0),MATCH(3,$Q$17:$U$17,0)),"") -> G IV | Y42: =IFERROR(INDEX($Q$18:$U$167,MATCH(V42,$Q$18:$Q$167,0),MATCH(5,$Q$17:$U$17,0)),"") -> JETSET | Z42: TRUE | AD42: =IF(D42="","-",D42) -> - | AE42: =IF(F42="","-",F42) -> 0.55694444 | AF42: SOUTH APRON | AH42: =COUNTIF(I18:I165,"SA*") -> 5 | AI42: =COUNTIF(J18:J165,"SA*") -> 5 | AJ42: =SUM(AH42:AI42) -> 10
A43: 26 | B43: PK-LUZ | C43: =IF(B43>1,VLOOKUP(B43,DB!$D$4:$E$800,2,0),"") -> A 320 | D43: - | E43: FALSE | F43: 0.22083333 | G43: TRUE | H43: B8 | I43: =IF(K43>1,VLOOKUP(K43,DB!$A$4:$B$500,2,0),"") -> EX RON | J43: =IF(L43>1,VLOOKUP(L43,DB!$A$4:$B$500,2,0),"") -> WARR | K43: - | L43: ID 7511 | M43: =IF(B43>1,VLOOKUP(B43,DB!$D$4:$F$800,3,0),"") -> BATIK AIR | O43: =IF(ISBLANK(F43),"RON","") | Q43: =IF(R43="RON",H43,"") | R43: =IF(O43="RON",O43,"") | S43: =IF(R43="RON",C43,"") | T43: =IF(R43="RON",B43,"") | U43: =IF(R43="RON",M43,"") | V43: SA10 | W43: =IFERROR(INDEX($Q$18:$U$167,MATCH(V43,$Q$18:$Q$167,0),MATCH(4,$Q$17:$U$17,0)),"") -> N-11UB | X43: =IFERROR(INDEX($Q$18:$U$167,MATCH(V43,$Q$18:$Q$167,0),MATCH(3,$Q$17:$U$17,0)),"") -> GLEX | Y43: =IFERROR(INDEX($Q$18:$U$167,MATCH(V43,$Q$18:$Q$167,0),MATCH(5,$Q$17:$U$17,0)),"") -> PTN | Z43: TRUE | AD43: =IF(D43="","-",D43) -> - | AE43: =IF(F43="","-",F43) -> 0.22083333 | AF43: HANGGAR | AH43: =COUNTIF(I18:I165,"HGR") -> 3 | AI43: =COUNTIF(J18:J165,"HGR") -> 2 | AJ43: =SUM(AH43:AI43) -> 5
A44: 27 | B44: PK-BBJ | C44: =IF(B44>1,VLOOKUP(B44,DB!$D$4:$E$800,2,0),"") -> B 734 | D44: - | E44: FALSE | F44: 0.28125 | G44: TRUE | H44: SA18 | I44: =IF(K44>1,VLOOKUP(K44,DB!$A$4:$B$500,2,0),"") -> EX RON | J44: B11 | K44: - | M44: =IF(B44>1,VLOOKUP(B44,DB!$D$4:$F$800,3,0),"") -> B. B. N. | O44: =IF(ISBLANK(F44),"RON","") | Q44: =IF(R44="RON",H44,"") | R44: =IF(O44="RON",O44,"") | S44: =IF(R44="RON",C44,"") | T44: =IF(R44="RON",B44,"") | U44: =IF(R44="RON",M44,"") | V44: SA11 | W44: =IFERROR(INDEX($Q$18:$U$167,MATCH(V44,$Q$18:$Q$167,0),MATCH(4,$Q$17:$U$17,0)),"") -> PK-GRD | X44: =IFERROR(INDEX($Q$18:$U$167,MATCH(V44,$Q$18:$Q$167,0),MATCH(3,$Q$17:$U$17,0)),"") -> BBJ 2 | Y44: =IFERROR(INDEX($Q$18:$U$167,MATCH(V44,$Q$18:$Q$167,0),MATCH(5,$Q$17:$U$17,0)),"") -> PTN | Z44: TRUE | AD44: =IF(D44="","-",D44) -> - | AE44: =IF(F44="","-",F44) -> 0.28125
A45: 28 | B45: PK-PAH | C45: =IF(B45>1,VLOOKUP(B45,DB!$D$4:$E$800,2,0),"") -> ATR 72 | D45: - | E45: FALSE | F45: 0.20486111 | G45: TRUE | H45: A1 | I45: =IF(K45>1,VLOOKUP(K45,DB!$A$4:$B$500,2,0),"") -> EX RON | J45: =IF(L45>1,VLOOKUP(L45,DB!$A$4:$B$500,2,0),"") -> WIDM | K45: - | L45: IP 7300 | M45: =IF(B45>1,VLOOKUP(B45,DB!$D$4:$F$800,3,0),"") -> PELITA | O45: =IF(ISBLANK(F45),"RON","") | Q45: =IF(R45="RON",H45,"") | R45: =IF(O45="RON",O45,"") | S45: =IF(R45="RON",C45,"") | T45: =IF(R45="RON",B45,"") | U45: =IF(R45="RON",M45,"") | V45: SA12 | W45: =IFERROR(INDEX($Q$18:$U$167,MATCH(V45,$Q$18:$Q$167,0),MATCH(4,$Q$17:$U$17,0)),"") -> T7-MEL | X45: =IFERROR(INDEX($Q$18:$U$167,MATCH(V45,$Q$18:$Q$167,0),MATCH(3,$Q$17:$U$17,0)),"") -> GLEX | Y45: =IFERROR(INDEX($Q$18:$U$167,MATCH(V45,$Q$18:$Q$167,0),MATCH(5,$Q$17:$U$17,0)),"") -> PREMI | Z45: TRUE | AD45: =IF(D45="","-",D45) -> - | AE45: =IF(F45="","-",F45) -> 0.20486111
A46: 29 | B46: PK-BKT | C46: =IF(B46>1,VLOOKUP(B46,DB!$D$4:$E$800,2,0),"") -> A 320 | D46: 0.33402778 | E46: TRUE | F46: 0.36805556 | G46: TRUE | H46: A1 | I46: =IF(K46>1,VLOOKUP(K46,DB!$A$4:$B$500,2,0),"") -> WIPP | J46: =IF(L46>1,VLOOKUP(L46,DB!$A$4:$B$500,2,0),"") -> WAHQ | K46: ID 7056 | L46: ID 7041 | M46: =IF(B46>1,VLOOKUP(B46,DB!$D$4:$F$800,3,0),"") -> BATIK AIR | O46: =IF(ISBLANK(F46),"RON","") | Q46: =IF(R46="RON",H46,"") | R46: =IF(O46="RON",O46,"") | S46: =IF(R46="RON",C46,"") | T46: =IF(R46="RON",B46,"") | U46: =IF(R46="RON",M46,"") | V46: SA13 | W46: =IFERROR(INDEX($Q$18:$U$167,MATCH(V46,$Q$18:$Q$167,0),MATCH(4,$Q$17:$U$17,0)),"") -> VP-CLL | X46: =IFERROR(INDEX($Q$18:$U$167,MATCH(V46,$Q$18:$Q$167,0),MATCH(3,$Q$17:$U$17,0)),"") -> EMB 135 | Y46: =IFERROR(INDEX($Q$18:$U$167,MATCH(V46,$Q$18:$Q$167,0),MATCH(5,$Q$17:$U$17,0)),"") -> KARISMA | Z46: TRUE | AD46: =IF(D46="","-",D46) -> 0.33402778 | AE46: =IF(F46="","-",F46) -> 0.36805556
A47: 30 | B47: N-977JH | C47: =IF(B47>1,VLOOKUP(B47,DB!$D$4:$E$800,2,0),"") -> CT 680 | D47: - | E47: FALSE | G47: FALSE | H47: NSA08 | I47: =IF(K47>1,VLOOKUP(K47,DB!$A$4:$B$500,2,0),"") | J47: =IF(L47>1,VLOOKUP(L47,DB!$A$4:$B$500,2,0),"") | M47: =IF(B47>1,VLOOKUP(B47,DB!$D$4:$F$800,3,0),"") -> JIP | O47: =IF(ISBLANK(F47),"RON","") -> RON | Q47: =IF(R47="RON",H47,"") -> NSA08 | R47: =IF(O47="RON",O47,"") -> RON | S47: =IF(R47="RON",C47,"") -> CT 680 | T47: =IF(R47="RON",B47,"") -> N-977JH | U47: =IF(R47="RON",M47,"") -> JIP | V47: SA14 | W47: =IFERROR(INDEX($Q$18:$U$167,MATCH(V47,$Q$18:$Q$167,0),MATCH(4,$Q$17:$U$17,0)),"") -> PK-LUZ | X47: =IFERROR(INDEX($Q$18:$U$167,MATCH(V47,$Q$18:$Q$167,0),MATCH(3,$Q$17:$U$17,0)),"") -> A 320 | Y47: =IFERROR(INDEX($Q$18:$U$167,MATCH(V47,$Q$18:$Q$167,0),MATCH(5,$Q$17:$U$17,0)),"") -> BATIK AIR | Z47: TRUE | AD47: =IF(D47="","-",D47) -> - | AE47: =IF(F47="","-",F47) -> -
A48: 31 | B48: PK-GFI | C48: =IF(B48>1,VLOOKUP(B48,DB!$D$4:$E$800,2,0),"") -> B 738 | D48: - | E48: FALSE | F48: 0.26458333 | G48: TRUE | H48: B2 | I48: EX RON | J48: =IF(L48>1,VLOOKUP(L48,DB!$A$4:$B$500,2,0),"") -> WIMM | K48: - | L48: GA 0180 | M48: =IF(B48>1,VLOOKUP(B48,DB!$D$4:$F$800,3,0),"") -> GARUDA | O48: =IF(ISBLANK(F48),"RON","") | Q48: =IF(R48="RON",H48,"") | R48: =IF(O48="RON",O48,"") | S48: =IF(R48="RON",C48,"") | T48: =IF(R48="RON",B48,"") | U48: =IF(R48="RON",M48,"") | V48: SA15 | W48: =IFERROR(INDEX($Q$18:$U$167,MATCH(V48,$Q$18:$Q$167,0),MATCH(4,$Q$17:$U$17,0)),"") -> PK-LAZ | X48: =IFERROR(INDEX($Q$18:$U$167,MATCH(V48,$Q$18:$Q$167,0),MATCH(3,$Q$17:$U$17,0)),"") -> A 320 | Y48: =IFERROR(INDEX($Q$18:$U$167,MATCH(V48,$Q$18:$Q$167,0),MATCH(5,$Q$17:$U$17,0)),"") -> BATIK AIR | Z48: TRUE | AD48: =IF(D48="","-",D48) -> - | AE48: =IF(F48="","-",F48) -> 0.26458333
A49: 32 | B49: PK-BKU | C49: =IF(B49>1,VLOOKUP(B49,DB!$D$4:$E$800,2,0),"") -> A 320 | D49: - | E49: FALSE | F49: 0.37083333 | G49: TRUE | H49: A2 | I49: =IF(K49>1,VLOOKUP(K49,DB!$A$4:$B$500,2,0),"") -> EX RON | J49: =IF(L49>1,VLOOKUP(L49,DB!$A$4:$B$500,2,0),"") -> WARR | K49: - | L49: ID 7513 | M49: =IF(B49>1,VLOOKUP(B49,DB!$D$4:$F$800,3,0),"") -> BATIK AIR | O49: =IF(ISBLANK(F49),"RON","") | Q49: =IF(R49="RON",H49,"") | R49: =IF(O49="RON",O49,"") | S49: =IF(R49="RON",C49,"") | T49: =IF(R49="RON",B49,"") | U49: =IF(R49="RON",M49,"") | V49: SA16 | W49: =IFERROR(INDEX($Q$18:$U$167,MATCH(V49,$Q$18:$Q$167,0),MATCH(4,$Q$17:$U$17,0)),"") -> T7-X14 | X49: =IFERROR(INDEX($Q$18:$U$167,MATCH(V49,$Q$18:$Q$167,0),MATCH(3,$Q$17:$U$17,0)),"") -> G VI | Y49: =IFERROR(INDEX($Q$18:$U$167,MATCH(V49,$Q$18:$Q$167,0),MATCH(5,$Q$17:$U$17,0)),"") -> AFM | Z49: TRUE | AD49: =IF(D49="","-",D49) -> - | AE49: =IF(F49="","-",F49) -> 0.37083333
A50: 33 | B50: PK-BVX | C50: =IF(B50>1,VLOOKUP(B50,DB!$D$4:$E$800,2,0),"") -> AVANTI | D50: - | E50: FALSE | G50: FALSE | H50: NSA09 | I50: =IF(K50>1,VLOOKUP(K50,DB!$A$4:$B$500,2,0),"") | J50: =IF(L50>1,VLOOKUP(L50,DB!$A$4:$B$500,2,0),"") | M50: =IF(B50>1,VLOOKUP(B50,DB!$D$4:$F$800,3,0),"") -> SUSI AIR | O50: =IF(ISBLANK(F50),"RON","") -> RON | Q50: =IF(R50="RON",H50,"") -> NSA09 | R50: =IF(O50="RON",O50,"") -> RON | S50: =IF(R50="RON",C50,"") -> AVANTI | T50: =IF(R50="RON",B50,"") -> PK-BVX | U50: =IF(R50="RON",M50,"") -> SUSI AIR | V50: SA17 | W50: =IFERROR(INDEX($Q$18:$U$167,MATCH(V50,$Q$18:$Q$167,0),MATCH(4,$Q$17:$U$17,0)),"") -> T7-HNA | X50: =IFERROR(INDEX($Q$18:$U$167,MATCH(V50,$Q$18:$Q$167,0),MATCH(3,$Q$17:$U$17,0)),"") -> G IV | Y50: =IFERROR(INDEX($Q$18:$U$167,MATCH(V50,$Q$18:$Q$167,0),MATCH(5,$Q$17:$U$17,0)),"") -> AFM | Z50: TRUE | AD50: =IF(D50="","-",D50) -> - | AE50: =IF(F50="","-",F50) -> -
A51: 34 | B51: PK-GJT | C51: =IF(B51>1,VLOOKUP(B51,DB!$D$4:$E$800,2,0),"") -> ATR 72 | D51: - | E51: FALSE | F51: 0.23958333 | G51: TRUE | H51: A3 | I51: EX RON | J51: =IF(L51>1,VLOOKUP(L51,DB!$A$4:$B$500,2,0),"") -> WAHH | K51: - | L51: QG 1100 | M51: =IF(B51>1,VLOOKUP(B51,DB!$D$4:$F$800,3,0),"") -> CITILINK | O51: =IF(ISBLANK(F51),"RON","") | Q51: =IF(R51="RON",H51,"") | R51: =IF(O51="RON",O51,"") | S51: =IF(R51="RON",C51,"") | T51: =IF(R51="RON",B51,"") | U51: =IF(R51="RON",M51,"") | V51: SA18 | W51: =IFERROR(INDEX($Q$18:$U$167,MATCH(V51,$Q$18:$Q$167,0),MATCH(4,$Q$17:$U$17,0)),"") -> PK-BKR | X51: =IFERROR(INDEX($Q$18:$U$167,MATCH(V51,$Q$18:$Q$167,0),MATCH(3,$Q$17:$U$17,0)),"") -> A 320 | Y51: =IFERROR(INDEX($Q$18:$U$167,MATCH(V51,$Q$18:$Q$167,0),MATCH(5,$Q$17:$U$17,0)),"") -> BATIK AIR | Z51: TRUE | AD51: =IF(D51="","-",D51) -> - | AE51: =IF(F51="","-",F51) -> 0.23958333
A52: 35 | B52: PK-BKR | C52: =IF(B52>1,VLOOKUP(B52,DB!$D$4:$E$800,2,0),"") -> A 320 | D52: - | E52: FALSE | F52: 0.30763889 | G52: TRUE | H52: B10 | I52: =IF(K52>1,VLOOKUP(K52,DB!$A$4:$B$500,2,0),"") -> EX RON | J52: =IF(L52>1,VLOOKUP(L52,DB!$A$4:$B$500,2,0),"") -> WIPP | K52: - | L52: ID 7053 | M52: =IF(B52>1,VLOOKUP(B52,DB!$D$4:$F$800,3,0),"") -> BATIK AIR | O52: =IF(ISBLANK(F52),"RON","") | Q52: =IF(R52="RON",H52,"") | R52: =IF(O52="RON",O52,"") | S52: =IF(R52="RON",C52,"") | T52: =IF(R52="RON",B52,"") | U52: =IF(R52="RON",M52,"") | V52: SA19 | W52: =IFERROR(INDEX($Q$18:$U$167,MATCH(V52,$Q$18:$Q$167,0),MATCH(4,$Q$17:$U$17,0)),"") -> PK-OTR | X52: =IFERROR(INDEX($Q$18:$U$167,MATCH(V52,$Q$18:$Q$167,0),MATCH(3,$Q$17:$U$17,0)),"") -> ATR 72 | Y52: =IFERROR(INDEX($Q$18:$U$167,MATCH(V52,$Q$18:$Q$167,0),MATCH(5,$Q$17:$U$17,0)),"") -> TAS | Z52: TRUE | AD52: =IF(D52="","-",D52) -> - | AE52: =IF(F52="","-",F52) -> 0.30763889
A53: 36 | B53: PK-GQI | C53: =IF(B53>1,VLOOKUP(B53,DB!$D$4:$E$800,2,0),"") -> A 320 | D53: - | E53: FALSE | F53: 0.27777778 | G53: TRUE | H53: B1 | I53: EX RON | J53: =IF(L53>1,VLOOKUP(L53,DB!$A$4:$B$500,2,0),"") -> WIMN | K53: - | L53: QG 0020 | M53: =IF(B53>1,VLOOKUP(B53,DB!$D$4:$F$800,3,0),"") -> CITILINK | O53: =IF(ISBLANK(F53),"RON","") | Q53: =IF(R53="RON",H53,"") | R53: =IF(O53="RON",O53,"") | S53: =IF(R53="RON",C53,"") | T53: =IF(R53="RON",B53,"") | U53: =IF(R53="RON",M53,"") | V53: SA20 | W53: =IFERROR(INDEX($Q$18:$U$167,MATCH(V53,$Q$18:$Q$167,0),MATCH(4,$Q$17:$U$17,0)),"") | X53: =IFERROR(INDEX($Q$18:$U$167,MATCH(V53,$Q$18:$Q$167,0),MATCH(3,$Q$17:$U$17,0)),"") | Y53: =IFERROR(INDEX($Q$18:$U$167,MATCH(V53,$Q$18:$Q$167,0),MATCH(5,$Q$17:$U$17,0)),"") | Z53: FALSE | AD53: =IF(D53="","-",D53) -> - | AE53: =IF(F53="","-",F53) -> 0.27777778
A54: 37 | B54: PK-GTD | C54: =IF(B54>1,VLOOKUP(B54,DB!$D$4:$E$800,2,0),"") -> A 320 | D54: - | E54: FALSE | F54: 0.24027778 | G54: TRUE | H54: B7 | I54: EX RON | J54: =IF(L54>1,VLOOKUP(L54,DB!$A$4:$B$500,2,0),"") -> WARR | K54: - | L54: QG 0170 | M54: =IF(B54>1,VLOOKUP(B54,DB!$D$4:$F$800,3,0),"") -> CITILINK | O54: =IF(ISBLANK(F54),"RON","") | Q54: =IF(R54="RON",H54,"") | R54: =IF(O54="RON",O54,"") | S54: =IF(R54="RON",C54,"") | T54: =IF(R54="RON",B54,"") | U54: =IF(R54="RON",M54,"") | V54: SA21 | W54: =IFERROR(INDEX($Q$18:$U$167,MATCH(V54,$Q$18:$Q$167,0),MATCH(4,$Q$17:$U$17,0)),"") | X54: =IFERROR(INDEX($Q$18:$U$167,MATCH(V54,$Q$18:$Q$167,0),MATCH(3,$Q$17:$U$17,0)),"") | Y54: =IFERROR(INDEX($Q$18:$U$167,MATCH(V54,$Q$18:$Q$167,0),MATCH(5,$Q$17:$U$17,0)),"") | Z54: FALSE | AD54: =IF(D54="","-",D54) -> - | AE54: =IF(F54="","-",F54) -> 0.24027778
A55: 38 | B55: PK-LAI | C55: =IF(B55>1,VLOOKUP(B55,DB!$D$4:$E$800,2,0),"") -> A 320 | D55: - | E55: FALSE | F55: 0.27083333 | G55: TRUE | H55: SA20 | I55: EX RON | J55: B8 | M55: =IF(B55>1,VLOOKUP(B55,DB!$D$4:$F$800,3,0),"") -> BATIK AIR | O55: =IF(ISBLANK(F55),"RON","") | Q55: =IF(R55="RON",H55,"") | R55: =IF(O55="RON",O55,"") | S55: =IF(R55="RON",C55,"") | T55: =IF(R55="RON",B55,"") | U55: =IF(R55="RON",M55,"") | V55: SA22 | W55: =IFERROR(INDEX($Q$18:$U$167,MATCH(V55,$Q$18:$Q$167,0),MATCH(4,$Q$17:$U$17,0)),"") | X55: =IFERROR(INDEX($Q$18:$U$167,MATCH(V55,$Q$18:$Q$167,0),MATCH(3,$Q$17:$U$17,0)),"") | Y55: =IFERROR(INDEX($Q$18:$U$167,MATCH(V55,$Q$18:$Q$167,0),MATCH(5,$Q$17:$U$17,0)),"") | Z55: FALSE | AD55: =IF(D55="","-",D55) -> - | AE55: =IF(F55="","-",F55) -> 0.27083333
A56: 39 | B56: PK-LZH | C56: =IF(B56>1,VLOOKUP(B56,DB!$D$4:$E$800,2,0),"") -> A 320 | D56: 0.32152778 | E56: TRUE | F56: 0.38333333 | G56: TRUE | H56: A3 | I56: =IF(K56>1,VLOOKUP(K56,DB!$A$4:$B$500,2,0),"") -> WIBB | J56: =IF(L56>1,VLOOKUP(L56,DB!$A$4:$B$500,2,0),"") -> WADD | K56: ID 7066 | L56: ID 7309 | M56: =IF(B56>1,VLOOKUP(B56,DB!$D$4:$F$800,3,0),"") -> BATIK AIR | O56: =IF(ISBLANK(F56),"RON","") | Q56: =IF(R56="RON",H56,"") | R56: =IF(O56="RON",O56,"") | S56: =IF(R56="RON",C56,"") | T56: =IF(R56="RON",B56,"") | U56: =IF(R56="RON",M56,"") | V56: SA23 | W56: =IFERROR(INDEX($Q$18:$U$167,MATCH(V56,$Q$18:$Q$167,0),MATCH(4,$Q$17:$U$17,0)),"") | X56: =IFERROR(INDEX($Q$18:$U$167,MATCH(V56,$Q$18:$Q$167,0),MATCH(3,$Q$17:$U$17,0)),"") | Y56: =IFERROR(INDEX($Q$18:$U$167,MATCH(V56,$Q$18:$Q$167,0),MATCH(5,$Q$17:$U$17,0)),"") | Z56: FALSE | AD56: =IF(D56="","-",D56) -> 0.32152778 | AE56: =IF(F56="","-",F56) -> 0.38333333
A57: 40 | B57: N-28ZD | C57: GLEX | D57: - | E57: FALSE | F57: 0.28402778 | G57: TRUE | H57: B4 | I57: EX RON | J57: WALL | M57: JAS | O57: =IF(ISBLANK(F57),"RON","") | Q57: =IF(R57="RON",H57,"") | R57: =IF(O57="RON",O57,"") | S57: =IF(R57="RON",C57,"") | T57: =IF(R57="RON",B57,"") | U57: =IF(R57="RON",M57,"") | V57: SA24 | W57: =IFERROR(INDEX($Q$18:$U$167,MATCH(V57,$Q$18:$Q$167,0),MATCH(4,$Q$17:$U$17,0)),"") | X57: =IFERROR(INDEX($Q$18:$U$167,MATCH(V57,$Q$18:$Q$167,0),MATCH(3,$Q$17:$U$17,0)),"") | Y57: =IFERROR(INDEX($Q$18:$U$167,MATCH(V57,$Q$18:$Q$167,0),MATCH(5,$Q$17:$U$17,0)),"") | Z57: FALSE | AD57: =IF(D57="","-",D57) -> - | AE57: =IF(F57="","-",F57) -> 0.28402778
A58: 41 | B58: PK-LAJ | C58: =IF(B58>1,VLOOKUP(B58,DB!$D$4:$E$800,2,0),"") -> A 320 | D58: - | E58: FALSE | F58: 0.24166667 | G58: TRUE | H58: SA02 | I58: EX RON | J58: B9 | M58: =IF(B58>1,VLOOKUP(B58,DB!$D$4:$F$800,3,0),"") -> BATIK AIR | O58: =IF(ISBLANK(F58),"RON","") | Q58: =IF(R58="RON",H58,"") | R58: =IF(O58="RON",O58,"") | S58: =IF(R58="RON",C58,"") | T58: =IF(R58="RON",B58,"") | U58: =IF(R58="RON",M58,"") | V58: SA25 | W58: =IFERROR(INDEX($Q$18:$U$167,MATCH(V58,$Q$18:$Q$167,0),MATCH(4,$Q$17:$U$17,0)),"") | X58: =IFERROR(INDEX($Q$18:$U$167,MATCH(V58,$Q$18:$Q$167,0),MATCH(3,$Q$17:$U$17,0)),"") | Y58: =IFERROR(INDEX($Q$18:$U$167,MATCH(V58,$Q$18:$Q$167,0),MATCH(5,$Q$17:$U$17,0)),"") | Z58: FALSE | AD58: =IF(D58="","-",D58) -> - | AE58: =IF(F58="","-",F58) -> 0.24166667
A59: 42 | B59: PK-TVM | C59: =IF(B59>1,VLOOKUP(B59,DB!$D$4:$E$800,2,0),"") -> ATR 72 | D59: 0.18402778 | E59: TRUE | F59: 0.22222222 | G59: TRUE | H59: B6 | I59: HGR | J59: WAAA | M59: =IF(B59>1,VLOOKUP(B59,DB!$D$4:$F$800,3,0),"") -> TRAVIRA | O59: =IF(ISBLANK(F59),"RON","") | Q59: =IF(R59="RON",H59,"") | R59: =IF(O59="RON",O59,"") | S59: =IF(R59="RON",C59,"") | T59: =IF(R59="RON",B59,"") | U59: =IF(R59="RON",M59,"") | V59: SA26 | W59: =IFERROR(INDEX($Q$18:$U$167,MATCH(V59,$Q$18:$Q$167,0),MATCH(4,$Q$17:$U$17,0)),"") | X59: =IFERROR(INDEX($Q$18:$U$167,MATCH(V59,$Q$18:$Q$167,0),MATCH(3,$Q$17:$U$17,0)),"") | Y59: =IFERROR(INDEX($Q$18:$U$167,MATCH(V59,$Q$18:$Q$167,0),MATCH(5,$Q$17:$U$17,0)),"") | Z59: FALSE | AD59: =IF(D59="","-",D59) -> 0.18402778 | AE59: =IF(F59="","-",F59) -> 0.22222222
A60: 43 | B60: PK-MGZ | C60: =IF(B60>1,VLOOKUP(B60,DB!$D$4:$E$800,2,0),"") -> B 733 | D60: 0.20763889 | E60: TRUE | F60: 0.24513889 | G60: TRUE | H60: B13 | I60: =IF(K60>1,VLOOKUP(K60,DB!$A$4:$B$500,2,0),"") -> WSSS | J60: =IF(L60>1,VLOOKUP(L60,DB!$A$4:$B$500,2,0),"") -> WALL | K60: GM 019 | L60: GM 061 | M60: =IF(B60>1,VLOOKUP(B60,DB!$D$4:$F$800,3,0),"") -> TRI MG | O60: =IF(ISBLANK(F60),"RON","") | Q60: =IF(R60="RON",H60,"") | R60: =IF(O60="RON",O60,"") | S60: =IF(R60="RON",C60,"") | T60: =IF(R60="RON",B60,"") | U60: =IF(R60="RON",M60,"") | V60: SA27 | W60: =IFERROR(INDEX($Q$18:$U$167,MATCH(V60,$Q$18:$Q$167,0),MATCH(4,$Q$17:$U$17,0)),"") | X60: =IFERROR(INDEX($Q$18:$U$167,MATCH(V60,$Q$18:$Q$167,0),MATCH(3,$Q$17:$U$17,0)),"") | Y60: =IFERROR(INDEX($Q$18:$U$167,MATCH(V60,$Q$18:$Q$167,0),MATCH(5,$Q$17:$U$17,0)),"") | Z60: FALSE | AD60: =IF(D60="","-",D60) -> 0.20763889 | AE60: =IF(F60="","-",F60) -> 0.24513889
A61: 44 | B61: PK-NMI | C61: =IF(B61>1,VLOOKUP(B61,DB!$D$4:$E$800,2,0),"") -> B 733 | D61: 0.20555556 | E61: TRUE | F61: 0.34930556 | G61: TRUE | H61: B12 | I61: WAAA | J61: WAOO | M61: =IF(B61>1,VLOOKUP(B61,DB!$D$4:$F$800,3,0),"") -> AIRNESIA | O61: =IF(ISBLANK(F61),"RON","") | Q61: =IF(R61="RON",H61,"") | R61: =IF(O61="RON",O61,"") | S61: =IF(R61="RON",C61,"") | T61: =IF(R61="RON",B61,"") | U61: =IF(R61="RON",M61,"") | V61: SA28 | W61: =IFERROR(INDEX($Q$18:$U$167,MATCH(V61,$Q$18:$Q$167,0),MATCH(4,$Q$17:$U$17,0)),"") | X61: =IFERROR(INDEX($Q$18:$U$167,MATCH(V61,$Q$18:$Q$167,0),MATCH(3,$Q$17:$U$17,0)),"") | Y61: =IFERROR(INDEX($Q$18:$U$167,MATCH(V61,$Q$18:$Q$167,0),MATCH(5,$Q$17:$U$17,0)),"") | Z61: FALSE | AD61: =IF(D61="","-",D61) -> 0.20555556 | AE61: =IF(F61="","-",F61) -> 0.34930556
A62: 45 | B62: PK-KAS | C62: =IF(B62>1,VLOOKUP(B62,DB!$D$4:$E$800,2,0),"") -> CL 850 | D62: 0.22916667 | E62: TRUE | F62: 0.32986111 | G62: TRUE | H62: B5 | I62: SA14 | J62: WMSA | M62: =IF(B62>1,VLOOKUP(B62,DB!$D$4:$F$800,3,0),"") -> JETSET | O62: =IF(ISBLANK(F62),"RON","") | Q62: =IF(R62="RON",H62,"") | R62: =IF(O62="RON",O62,"") | S62: =IF(R62="RON",C62,"") | T62: =IF(R62="RON",B62,"") | U62: =IF(R62="RON",M62,"") | V62: SA29 | W62: =IFERROR(INDEX($Q$18:$U$167,MATCH(V62,$Q$18:$Q$167,0),MATCH(4,$Q$17:$U$17,0)),"") | X62: =IFERROR(INDEX($Q$18:$U$167,MATCH(V62,$Q$18:$Q$167,0),MATCH(3,$Q$17:$U$17,0)),"") | Y62: =IFERROR(INDEX($Q$18:$U$167,MATCH(V62,$Q$18:$Q$167,0),MATCH(5,$Q$17:$U$17,0)),"") | Z62: FALSE | AD62: =IF(D62="","-",D62) -> 0.22916667 | AE62: =IF(F62="","-",F62) -> 0.32986111
A63: 46 | B63: PK-LAJ | C63: =IF(B63>1,VLOOKUP(B63,DB!$D$4:$E$800,2,0),"") -> A 320 | D63: 0.24652778 | E63: TRUE | F63: 0.28958333 | G63: TRUE | H63: B9 | I63: SA02 | J63: =IF(L63>1,VLOOKUP(L63,DB!$A$4:$B$500,2,0),"") -> WARA | K63: - | L63: ID 7581 | M63: =IF(B63>1,VLOOKUP(B63,DB!$D$4:$F$800,3,0),"") -> BATIK AIR | O63: =IF(ISBLANK(F63),"RON","") | Q63: =IF(R63="RON",H63,"") | R63: =IF(O63="RON",O63,"") | S63: =IF(R63="RON",C63,"") | T63: =IF(R63="RON",B63,"") | U63: =IF(R63="RON",M63,"") | V63: SA30 | W63: =IFERROR(INDEX($Q$18:$U$167,MATCH(V63,$Q$18:$Q$167,0),MATCH(4,$Q$17:$U$17,0)),"") | X63: =IFERROR(INDEX($Q$18:$U$167,MATCH(V63,$Q$18:$Q$167,0),MATCH(3,$Q$17:$U$17,0)),"") | Y63: =IFERROR(INDEX($Q$18:$U$167,MATCH(V63,$Q$18:$Q$167,0),MATCH(5,$Q$17:$U$17,0)),"") | Z63: FALSE | AD63: =IF(D63="","-",D63) -> 0.24652778 | AE63: =IF(F63="","-",F63) -> 0.28958333
A64: 47 | B64: PK-LAZ | C64: =IF(B64>1,VLOOKUP(B64,DB!$D$4:$E$800,2,0),"") -> A 320 | D64: 0.25902778 | E64: TRUE | F64: 0.35277778 | G64: TRUE | H64: B3 | I64: =IF(K64>1,VLOOKUP(K64,DB!$A$4:$B$500,2,0),"") -> WARR | J64: =IF(L64>1,VLOOKUP(L64,DB!$A$4:$B$500,2,0),"") -> WAHI | K64: ID 7508 | L64: ID 7533 | M64: =IF(B64>1,VLOOKUP(B64,DB!$D$4:$F$800,3,0),"") -> BATIK AIR | O64: =IF(ISBLANK(F64),"RON","") | Q64: =IF(R64="RON",H64,"") | R64: =IF(O64="RON",O64,"") | S64: =IF(R64="RON",C64,"") | T64: =IF(R64="RON",B64,"") | U64: =IF(R64="RON",M64,"") | V64: NSA01 | W64: =IFERROR(INDEX($Q$18:$U$167,MATCH(V64,$Q$18:$Q$167,0),MATCH(4,$Q$17:$U$17,0)),"") -> PK-VCD | X64: =IFERROR(INDEX($Q$18:$U$167,MATCH(V64,$Q$18:$Q$167,0),MATCH(3,$Q$17:$U$17,0)),"") -> PA 34 | Y64: =IFERROR(INDEX($Q$18:$U$167,MATCH(V64,$Q$18:$Q$167,0),MATCH(5,$Q$17:$U$17,0)),"") -> PENAS | Z64: TRUE | AD64: =IF(D64="","-",D64) -> 0.25902778 | AE64: =IF(F64="","-",F64) -> 0.35277778
A65: 48 | B65: PK-LAI | C65: =IF(B65>1,VLOOKUP(B65,DB!$D$4:$E$800,2,0),"") -> A 320 | D65: 0.27569444 | E65: TRUE | F65: 0.29930556 | G65: TRUE | H65: B8 | I65: SA20 | J65: B4 | M65: =IF(B65>1,VLOOKUP(B65,DB!$D$4:$F$800,3,0),"") -> BATIK AIR | O65: =IF(ISBLANK(F65),"RON","") | Q65: =IF(R65="RON",H65,"") | R65: =IF(O65="RON",O65,"") | S65: =IF(R65="RON",C65,"") | T65: =IF(R65="RON",B65,"") | U65: =IF(R65="RON",M65,"") | V65: NSA02 | W65: =IFERROR(INDEX($Q$18:$U$167,MATCH(V65,$Q$18:$Q$167,0),MATCH(4,$Q$17:$U$17,0)),"") -> PK-RSO | X65: =IFERROR(INDEX($Q$18:$U$167,MATCH(V65,$Q$18:$Q$167,0),MATCH(3,$Q$17:$U$17,0)),"") -> CT 650 | Y65: =IFERROR(INDEX($Q$18:$U$167,MATCH(V65,$Q$18:$Q$167,0),MATCH(5,$Q$17:$U$17,0)),"") -> ENGGANG | Z65: TRUE | AD65: =IF(D65="","-",D65) -> 0.27569444 | AE65: =IF(F65="","-",F65) -> 0.29930556
A66: 49 | B66: T7-808 | C66: =IF(B66>1,VLOOKUP(B66,DB!$D$4:$E$800,2,0),"") -> G VI | D66: 0.28125 | E66: TRUE | F66: 0.32430556 | G66: TRUE | H66: B7 | I66: HGR | J66: WSSL | M66: KARISMA | O66: =IF(ISBLANK(F66),"RON","") | Q66: =IF(R66="RON",H66,"") | R66: =IF(O66="RON",O66,"") | S66: =IF(R66="RON",C66,"") | T66: =IF(R66="RON",B66,"") | U66: =IF(R66="RON",M66,"") | V66: NSA03 | W66: =IFERROR(INDEX($Q$18:$U$167,MATCH(V66,$Q$18:$Q$167,0),MATCH(4,$Q$17:$U$17,0)),"") -> PK-DGC | X66: =IFERROR(INDEX($Q$18:$U$167,MATCH(V66,$Q$18:$Q$167,0),MATCH(3,$Q$17:$U$17,0)),"") -> BAE ATP | Y66: =IFERROR(INDEX($Q$18:$U$167,MATCH(V66,$Q$18:$Q$167,0),MATCH(5,$Q$17:$U$17,0)),"") -> DERAYA | Z66: TRUE | AD66: =IF(D66="","-",D66) -> 0.28125 | AE66: =IF(F66="","-",F66) -> 0.32430556
A67: 50 | B67: PK-BBJ | C67: =IF(B67>1,VLOOKUP(B67,DB!$D$4:$E$800,2,0),"") -> B 734 | D67: 0.28958333 | E67: TRUE | F67: 0.48333333 | G67: TRUE | H67: B11 | I67: SA18 | J67: =IF(L67>1,VLOOKUP(L67,DB!$A$4:$B$500,2,0),"") -> WIOO | L67: 0B 5611 | M67: =IF(B67>1,VLOOKUP(B67,DB!$D$4:$F$800,3,0),"") -> B. B. N. | O67: =IF(ISBLANK(F67),"RON","") | Q67: =IF(R67="RON",H67,"") | R67: =IF(O67="RON",O67,"") | S67: =IF(R67="RON",C67,"") | T67: =IF(R67="RON",B67,"") | U67: =IF(R67="RON",M67,"") | V67: NSA04 | W67: =IFERROR(INDEX($Q$18:$U$167,MATCH(V67,$Q$18:$Q$167,0),MATCH(4,$Q$17:$U$17,0)),"") -> PK-RDA | X67: =IFERROR(INDEX($Q$18:$U$167,MATCH(V67,$Q$18:$Q$167,0),MATCH(3,$Q$17:$U$17,0)),"") -> HK 900 | Y67: =IFERROR(INDEX($Q$18:$U$167,MATCH(V67,$Q$18:$Q$167,0),MATCH(5,$Q$17:$U$17,0)),"") -> TRI MG | Z67: TRUE | AD67: =IF(D67="","-",D67) -> 0.28958333 | AE67: =IF(F67="","-",F67) -> 0.48333333
A68: 51 | B68: PK-YRD | C68: =IF(B68>1,VLOOKUP(B68,DB!$D$4:$E$800,2,0),"") -> B 733 | D68: 0.29027778 | E68: TRUE | F68: 0.37430556 | G68: TRUE | H68: B9 | I68: =IF(K68>1,VLOOKUP(K68,DB!$A$4:$B$500,2,0),"") -> WALL | J68: =IF(L68>1,VLOOKUP(L68,DB!$A$4:$B$500,2,0),"") -> WIKK | K68: IL 728 | L68: IL 715 | M68: =IF(B68>1,VLOOKUP(B68,DB!$D$4:$F$800,3,0),"") -> TRIGANA | O68: =IF(ISBLANK(F68),"RON","") | Q68: =IF(R68="RON",H68,"") | R68: =IF(O68="RON",O68,"") | S68: =IF(R68="RON",C68,"") | T68: =IF(R68="RON",B68,"") | U68: =IF(R68="RON",M68,"") | V68: NSA05 | W68: =IFERROR(INDEX($Q$18:$U$167,MATCH(V68,$Q$18:$Q$167,0),MATCH(4,$Q$17:$U$17,0)),"") -> PK-YGK | X68: =IFERROR(INDEX($Q$18:$U$167,MATCH(V68,$Q$18:$Q$167,0),MATCH(3,$Q$17:$U$17,0)),"") -> HK 400 | Y68: =IFERROR(INDEX($Q$18:$U$167,MATCH(V68,$Q$18:$Q$167,0),MATCH(5,$Q$17:$U$17,0)),"") -> TRI MG | Z68: TRUE | AD68: =IF(D68="","-",D68) -> 0.29027778 | AE68: =IF(F68="","-",F68) -> 0.37430556
A69: 52 | B69: PK-YST | C69: =IF(B69>1,VLOOKUP(B69,DB!$D$4:$E$800,2,0),"") -> B 733 | D69: 0.30972222 | E69: TRUE | F69: 0.38194444 | G69: TRUE | H69: B13 | I69: =IF(K69>1,VLOOKUP(K69,DB!$A$4:$B$500,2,0),"") -> WAMM | J69: =IF(L69>1,VLOOKUP(L69,DB!$A$4:$B$500,2,0),"") -> WAGG | K69: IL 730 | L69: IL 713 | M69: =IF(B69>1,VLOOKUP(B69,DB!$D$4:$F$800,3,0),"") -> TRIGANA | O69: =IF(ISBLANK(F69),"RON","") | Q69: =IF(R69="RON",H69,"") | R69: =IF(O69="RON",O69,"") | S69: =IF(R69="RON",C69,"") | T69: =IF(R69="RON",B69,"") | U69: =IF(R69="RON",M69,"") | V69: NSA06 | W69: =IFERROR(INDEX($Q$18:$U$167,MATCH(V69,$Q$18:$Q$167,0),MATCH(4,$Q$17:$U$17,0)),"") -> N-484BA | X69: =IFERROR(INDEX($Q$18:$U$167,MATCH(V69,$Q$18:$Q$167,0),MATCH(3,$Q$17:$U$17,0)),"") -> LJ 31 | Y69: =IFERROR(INDEX($Q$18:$U$167,MATCH(V69,$Q$18:$Q$167,0),MATCH(5,$Q$17:$U$17,0)),"") -> IAP | Z69: TRUE | AD69: =IF(D69="","-",D69) -> 0.30972222 | AE69: =IF(F69="","-",F69) -> 0.38194444
A70: 53 | B70: PK-LAI | C70: =IF(B70>1,VLOOKUP(B70,DB!$D$4:$E$800,2,0),"") -> A 320 | D70: 0.3 | E70: TRUE | F70: 0.40347222 | G70: TRUE | H70: B4 | I70: B8 | J70: =IF(L70>1,VLOOKUP(L70,DB!$A$4:$B$500,2,0),"") -> WAHS | L70: ID 7557 | M70: =IF(B70>1,VLOOKUP(B70,DB!$D$4:$F$800,3,0),"") -> BATIK AIR | N70: MENT. BKKBN | O70: =IF(ISBLANK(F70),"RON","") | Q70: =IF(R70="RON",H70,"") | R70: =IF(O70="RON",O70,"") | S70: =IF(R70="RON",C70,"") | T70: =IF(R70="RON",B70,"") | U70: =IF(R70="RON",M70,"") | V70: NSA07 | W70: =IFERROR(INDEX($Q$18:$U$167,MATCH(V70,$Q$18:$Q$167,0),MATCH(4,$Q$17:$U$17,0)),"") -> N-2409K | X70: =IFERROR(INDEX($Q$18:$U$167,MATCH(V70,$Q$18:$Q$167,0),MATCH(3,$Q$17:$U$17,0)),"") -> HK 800 | Y70: =IFERROR(INDEX($Q$18:$U$167,MATCH(V70,$Q$18:$Q$167,0),MATCH(5,$Q$17:$U$17,0)),"") -> TAS | Z70: TRUE | AD70: =IF(D70="","-",D70) -> 0.3 | AE70: =IF(F70="","-",F70) -> 0.40347222 | AF70: MENGETAHUI
A71: 54 | B71: PK-VVO | C71: =IF(B71>1,VLOOKUP(B71,DB!$D$4:$E$800,2,0),"") -> C 208 | D71: 0.32361111 | E71: TRUE | F71: 0.34583333 | G71: TRUE | H71: A0 | I71: =IF(K71>1,VLOOKUP(K71,DB!$A$4:$B$500,2,0),"") -> WICN | J71: =IF(L71>1,VLOOKUP(L71,DB!$A$4:$B$500,2,0),"") -> WICN | K71: SI 235 | L71: SI 234 | M71: =IF(B71>1,VLOOKUP(B71,DB!$D$4:$F$800,3,0),"") -> SUSI AIR | O71: =IF(ISBLANK(F71),"RON","") | Q71: =IF(R71="RON",H71,"") | R71: =IF(O71="RON",O71,"") | S71: =IF(R71="RON",C71,"") | T71: =IF(R71="RON",B71,"") | U71: =IF(R71="RON",M71,"") | V71: NSA08 | W71: =IFERROR(INDEX($Q$18:$U$167,MATCH(V71,$Q$18:$Q$167,0),MATCH(4,$Q$17:$U$17,0)),"") -> N-977JH | X71: =IFERROR(INDEX($Q$18:$U$167,MATCH(V71,$Q$18:$Q$167,0),MATCH(3,$Q$17:$U$17,0)),"") -> CT 680 | Y71: =IFERROR(INDEX($Q$18:$U$167,MATCH(V71,$Q$18:$Q$167,0),MATCH(5,$Q$17:$U$17,0)),"") -> JIP | Z71: TRUE | AD71: =IF(D71="","-",D71) -> 0.32361111 | AE71: =IF(F71="","-",F71) -> 0.34583333
A72: 55 | B72: PK-LUZ | C72: =IF(B72>1,VLOOKUP(B72,DB!$D$4:$E$800,2,0),"") -> A 320 | D72: 0.35625 | E72: TRUE | F72: 0.39166667 | G72: TRUE | H72: B7 | I72: =IF(K72>1,VLOOKUP(K72,DB!$A$4:$B$500,2,0),"") -> WARR | J72: =IF(L72>1,VLOOKUP(L72,DB!$A$4:$B$500,2,0),"") -> WARR | K72: ID 7510 | L72: ID 7517 | M72: =IF(B72>1,VLOOKUP(B72,DB!$D$4:$F$800,3,0),"") -> BATIK AIR | O72: =IF(ISBLANK(F72),"RON","") | Q72: =IF(R72="RON",H72,"") | R72: =IF(O72="RON",O72,"") | S72: =IF(R72="RON",C72,"") | T72: =IF(R72="RON",B72,"") | U72: =IF(R72="RON",M72,"") | V72: NSA09 | W72: =IFERROR(INDEX($Q$18:$U$167,MATCH(V72,$Q$18:$Q$167,0),MATCH(4,$Q$17:$U$17,0)),"") -> PK-BVX | X72: =IFERROR(INDEX($Q$18:$U$167,MATCH(V72,$Q$18:$Q$167,0),MATCH(3,$Q$17:$U$17,0)),"") -> AVANTI | Y72: =IFERROR(INDEX($Q$18:$U$167,MATCH(V72,$Q$18:$Q$167,0),MATCH(5,$Q$17:$U$17,0)),"") -> SUSI AIR | Z72: TRUE | AD72: =IF(D72="","-",D72) -> 0.35625 | AE72: =IF(F72="","-",F72) -> 0.39166667 | AF72: ASST. MAN OF AIRSIDE OPERATION | AI72: AMC SPV PAGI SIANG | AL72: AMC SPV MALAM
A73: 56 | B73: PK-GJT | C73: =IF(B73>1,VLOOKUP(B73,DB!$D$4:$E$800,2,0),"") -> ATR 72 | D73: 0.37777778 | E73: TRUE | F73: 0.40625 | G73: TRUE | H73: B2 | I73: =IF(K73>1,VLOOKUP(K73,DB!$A$4:$B$500,2,0),"") -> WAHH | J73: =IF(L73>1,VLOOKUP(L73,DB!$A$4:$B$500,2,0),"") -> WAHH | K73: QG 1101 | L73: QG 1104 | M73: =IF(B73>1,VLOOKUP(B73,DB!$D$4:$F$800,3,0),"") -> CITILINK | O73: =IF(ISBLANK(F73),"RON","") | Q73: =IF(R73="RON",H73,"") | R73: =IF(O73="RON",O73,"") | S73: =IF(R73="RON",C73,"") | T73: =IF(R73="RON",B73,"") | U73: =IF(R73="RON",M73,"") | V73: NSA10 | W73: =IFERROR(INDEX($Q$18:$U$167,MATCH(V73,$Q$18:$Q$167,0),MATCH(4,$Q$17:$U$17,0)),"") -> N-38SV | X73: =IFERROR(INDEX($Q$18:$U$167,MATCH(V73,$Q$18:$Q$167,0),MATCH(3,$Q$17:$U$17,0)),"") -> LJ 60 | Y73: =IFERROR(INDEX($Q$18:$U$167,MATCH(V73,$Q$18:$Q$167,0),MATCH(5,$Q$17:$U$17,0)),"") -> B. G. S. | Z73: TRUE | AD73: =IF(D73="","-",D73) -> 0.37777778 | AE73: =IF(F73="","-",F73) -> 0.40625
A74: 57 | B74: PK-GTD | C74: =IF(B74>1,VLOOKUP(B74,DB!$D$4:$E$800,2,0),"") -> A 320 | D74: 0.37430556 | E74: TRUE | F74: 0.44652778 | G74: TRUE | H74: B1 | I74: =IF(K74>1,VLOOKUP(K74,DB!$A$4:$B$500,2,0),"") -> WARR | J74: =IF(L74>1,VLOOKUP(L74,DB!$A$4:$B$500,2,0),"") -> WAHI | K74: QG 0175 | L74: QG 0102 | M74: =IF(B74>1,VLOOKUP(B74,DB!$D$4:$F$800,3,0),"") -> CITILINK | O74: =IF(ISBLANK(F74),"RON","") | Q74: =IF(R74="RON",H74,"") | R74: =IF(O74="RON",O74,"") | S74: =IF(R74="RON",C74,"") | T74: =IF(R74="RON",B74,"") | U74: =IF(R74="RON",M74,"") | V74: NSA11 | W74: =IFERROR(INDEX($Q$18:$U$167,MATCH(V74,$Q$18:$Q$167,0),MATCH(4,$Q$17:$U$17,0)),"") -> T7-TUN | X74: =IFERROR(INDEX($Q$18:$U$167,MATCH(V74,$Q$18:$Q$167,0),MATCH(3,$Q$17:$U$17,0)),"") -> HK 850 | Y74: =IFERROR(INDEX($Q$18:$U$167,MATCH(V74,$Q$18:$Q$167,0),MATCH(5,$Q$17:$U$17,0)),"") -> KARISMA | Z74: TRUE | AD74: =IF(D74="","-",D74) -> 0.37430556 | AE74: =IF(F74="","-",F74) -> 0.44652778
A75: 58 | B75: VP-CWZ | C75: =IF(B75>1,VLOOKUP(B75,DB!$D$4:$E$800,2,0),"") -> G V | D75: 0.38333333 | E75: TRUE | F75: 0.43541667 | G75: TRUE | H75: B5 | I75: WSSL | J75: WSSL | M75: KARISMA | O75: =IF(ISBLANK(F75),"RON","") | Q75: =IF(R75="RON",H75,"") | R75: =IF(O75="RON",O75,"") | S75: =IF(R75="RON",C75,"") | T75: =IF(R75="RON",B75,"") | U75: =IF(R75="RON",M75,"") | V75: NSA12 | W75: =IFERROR(INDEX($Q$18:$U$167,MATCH(V75,$Q$18:$Q$167,0),MATCH(4,$Q$17:$U$17,0)),"") | X75: =IFERROR(INDEX($Q$18:$U$167,MATCH(V75,$Q$18:$Q$167,0),MATCH(3,$Q$17:$U$17,0)),"") | Y75: =IFERROR(INDEX($Q$18:$U$167,MATCH(V75,$Q$18:$Q$167,0),MATCH(5,$Q$17:$U$17,0)),"") | Z75: FALSE | AD75: =IF(D75="","-",D75) -> 0.38333333 | AE75: =IF(F75="","-",F75) -> 0.43541667
A76: 59 | B76: PK-YSH | C76: =IF(B76>1,VLOOKUP(B76,DB!$D$4:$E$800,2,0),"") -> B 733 | D76: 0.38194444 | E76: TRUE | F76: 0.50902778 | G76: TRUE | H76: B12 | I76: =IF(K76>1,VLOOKUP(K76,DB!$A$4:$B$500,2,0),"") -> WIDN | J76: =IF(L76>1,VLOOKUP(L76,DB!$A$4:$B$500,2,0),"") -> WAGG | K76: IL 7181 | L76: IL 7131 | M76: =IF(B76>1,VLOOKUP(B76,DB!$D$4:$F$800,3,0),"") -> TRIGANA | O76: =IF(ISBLANK(F76),"RON","") | Q76: =IF(R76="RON",H76,"") | R76: =IF(O76="RON",O76,"") | S76: =IF(R76="RON",C76,"") | T76: =IF(R76="RON",B76,"") | U76: =IF(R76="RON",M76,"") | V76: NSA13 | W76: =IFERROR(INDEX($Q$18:$U$167,MATCH(V76,$Q$18:$Q$167,0),MATCH(4,$Q$17:$U$17,0)),"") | X76: =IFERROR(INDEX($Q$18:$U$167,MATCH(V76,$Q$18:$Q$167,0),MATCH(3,$Q$17:$U$17,0)),"") | Y76: =IFERROR(INDEX($Q$18:$U$167,MATCH(V76,$Q$18:$Q$167,0),MATCH(5,$Q$17:$U$17,0)),"") | Z76: FALSE | AD76: =IF(D76="","-",D76) -> 0.38194444 | AE76: =IF(F76="","-",F76) -> 0.50902778
A77: 60 | B77: PK-GTE | C77: =IF(B77>1,VLOOKUP(B77,DB!$D$4:$E$800,2,0),"") -> A 320 | D77: 0.41111111 | E77: TRUE | F77: 0.45347222 | G77: TRUE | H77: B2 | I77: =IF(K77>1,VLOOKUP(K77,DB!$A$4:$B$500,2,0),"") -> WARR | J77: =IF(L77>1,VLOOKUP(L77,DB!$A$4:$B$500,2,0),"") -> WIPP | K77: QG 0171 | L77: QG 0088 | M77: =IF(B77>1,VLOOKUP(B77,DB!$D$4:$F$800,3,0),"") -> CITILINK | O77: =IF(ISBLANK(F77),"RON","") | Q77: =IF(R77="RON",H77,"") | R77: =IF(O77="RON",O77,"") | S77: =IF(R77="RON",C77,"") | T77: =IF(R77="RON",B77,"") | U77: =IF(R77="RON",M77,"") | V77: NSA14 | W77: =IFERROR(INDEX($Q$18:$U$167,MATCH(V77,$Q$18:$Q$167,0),MATCH(4,$Q$17:$U$17,0)),"") | X77: =IFERROR(INDEX($Q$18:$U$167,MATCH(V77,$Q$18:$Q$167,0),MATCH(3,$Q$17:$U$17,0)),"") | Y77: =IFERROR(INDEX($Q$18:$U$167,MATCH(V77,$Q$18:$Q$167,0),MATCH(5,$Q$17:$U$17,0)),"") | Z77: FALSE | AD77: =IF(D77="","-",D77) -> 0.41111111 | AE77: =IF(F77="","-",F77) -> 0.45347222 | AF77: ALYUDHA HERU LIBRAWAN | AI77: NIKON | AL77: RIZA IBNU FAJAR
A78: 61 | B78: PK-LAJ | C78: =IF(B78>1,VLOOKUP(B78,DB!$D$4:$E$800,2,0),"") -> A 320 | D78: 0.42777778 | E78: TRUE | F78: 0.46666667 | G78: TRUE | H78: A3 | I78: =IF(K78>1,VLOOKUP(K78,DB!$A$4:$B$500,2,0),"") -> WARA | J78: =IF(L78>1,VLOOKUP(L78,DB!$A$4:$B$500,2,0),"") -> WARA | K78: ID 7580 | L78: ID 7583 | M78: =IF(B78>1,VLOOKUP(B78,DB!$D$4:$F$800,3,0),"") -> BATIK AIR | O78: =IF(ISBLANK(F78),"RON","") | Q78: =IF(R78="RON",H78,"") | R78: =IF(O78="RON",O78,"") | S78: =IF(R78="RON",C78,"") | T78: =IF(R78="RON",B78,"") | U78: =IF(R78="RON",M78,"") | V78: NSA15 | W78: =IFERROR(INDEX($Q$18:$U$167,MATCH(V78,$Q$18:$Q$167,0),MATCH(4,$Q$17:$U$17,0)),"") | X78: =IFERROR(INDEX($Q$18:$U$167,MATCH(V78,$Q$18:$Q$167,0),MATCH(3,$Q$17:$U$17,0)),"") | Y78: =IFERROR(INDEX($Q$18:$U$167,MATCH(V78,$Q$18:$Q$167,0),MATCH(5,$Q$17:$U$17,0)),"") | Z78: FALSE | AD78: =IF(D78="","-",D78) -> 0.42777778 | AE78: =IF(F78="","-",F78) -> 0.46666667
A79: 62 | B79: PK-BKR | C79: =IF(B79>1,VLOOKUP(B79,DB!$D$4:$E$800,2,0),"") -> A 320 | D79: 0.43055556 | E79: TRUE | F79: 0.5 | G79: TRUE | H79: A2 | I79: =IF(K79>1,VLOOKUP(K79,DB!$A$4:$B$500,2,0),"") -> WIPP | J79: =IF(L79>1,VLOOKUP(L79,DB!$A$4:$B$500,2,0),"") -> WIMM | K79: ID 7054 | L79: ID 7011 | M79: =IF(B79>1,VLOOKUP(B79,DB!$D$4:$F$800,3,0),"") -> BATIK AIR | O79: =IF(ISBLANK(F79),"RON","") | Q79: =IF(R79="RON",H79,"") | R79: =IF(O79="RON",O79,"") | S79: =IF(R79="RON",C79,"") | T79: =IF(R79="RON",B79,"") | U79: =IF(R79="RON",M79,"") | V79: WR01 | W79: =IFERROR(INDEX($Q$18:$U$167,MATCH(V79,$Q$18:$Q$167,0),MATCH(4,$Q$17:$U$17,0)),"") | X79: =IFERROR(INDEX($Q$18:$U$167,MATCH(V79,$Q$18:$Q$167,0),MATCH(3,$Q$17:$U$17,0)),"") | Y79: =IFERROR(INDEX($Q$18:$U$167,MATCH(V79,$Q$18:$Q$167,0),MATCH(5,$Q$17:$U$17,0)),"") | Z79: FALSE | AD79: =IF(D79="","-",D79) -> 0.43055556 | AE79: =IF(F79="","-",F79) -> 0.5
A80: 63 | B80: PK-GQI | C80: =IF(B80>1,VLOOKUP(B80,DB!$D$4:$E$800,2,0),"") -> A 320 | D80: 0.475 | E80: TRUE | F80: 0.52569444 | G80: TRUE | H80: B1 | I80: =IF(K80>1,VLOOKUP(K80,DB!$A$4:$B$500,2,0),"") -> WIMN | J80: =IF(L80>1,VLOOKUP(L80,DB!$A$4:$B$500,2,0),"") -> WARA | K80: QG 0021 | L80: QG 0164 | M80: =IF(B80>1,VLOOKUP(B80,DB!$D$4:$F$800,3,0),"") -> CITILINK | O80: =IF(ISBLANK(F80),"RON","") | Q80: =IF(R80="RON",H80,"") | R80: =IF(O80="RON",O80,"") | S80: =IF(R80="RON",C80,"") | T80: =IF(R80="RON",B80,"") | U80: =IF(R80="RON",M80,"") | V80: WR02 | W80: =IFERROR(INDEX($Q$18:$U$167,MATCH(V80,$Q$18:$Q$167,0),MATCH(4,$Q$17:$U$17,0)),"") | X80: =IFERROR(INDEX($Q$18:$U$167,MATCH(V80,$Q$18:$Q$167,0),MATCH(3,$Q$17:$U$17,0)),"") | Y80: =IFERROR(INDEX($Q$18:$U$167,MATCH(V80,$Q$18:$Q$167,0),MATCH(5,$Q$17:$U$17,0)),"") | Z80: FALSE | AD80: =IF(D80="","-",D80) -> 0.475 | AE80: =IF(F80="","-",F80) -> 0.52569444
A81: 64 | B81: PK-GFI | C81: =IF(B81>1,VLOOKUP(B81,DB!$D$4:$E$800,2,0),"") -> B 738 | D81: 0.49722222 | E81: TRUE | F81: 0.52986111 | G81: TRUE | H81: B2 | I81: =IF(K81>1,VLOOKUP(K81,DB!$A$4:$B$500,2,0),"") -> WIMM | J81: =IF(L81>1,VLOOKUP(L81,DB!$A$4:$B$500,2,0),"") -> WARR | K81: GA 0181 | L81: GA 0330 | M81: =IF(B81>1,VLOOKUP(B81,DB!$D$4:$F$800,3,0),"") -> GARUDA | O81: =IF(ISBLANK(F81),"RON","") | Q81: =IF(R81="RON",H81,"") | R81: =IF(O81="RON",O81,"") | S81: =IF(R81="RON",C81,"") | T81: =IF(R81="RON",B81,"") | U81: =IF(R81="RON",M81,"") | V81: WR03 | W81: =IFERROR(INDEX($Q$18:$U$167,MATCH(V81,$Q$18:$Q$167,0),MATCH(4,$Q$17:$U$17,0)),"") | X81: =IFERROR(INDEX($Q$18:$U$167,MATCH(V81,$Q$18:$Q$167,0),MATCH(3,$Q$17:$U$17,0)),"") | Y81: =IFERROR(INDEX($Q$18:$U$167,MATCH(V81,$Q$18:$Q$167,0),MATCH(5,$Q$17:$U$17,0)),"") | Z81: FALSE | AD81: =IF(D81="","-",D81) -> 0.49722222 | AE81: =IF(F81="","-",F81) -> 0.52986111
A82: 65 | B82: PK-VVO | C82: =IF(B82>1,VLOOKUP(B82,DB!$D$4:$E$800,2,0),"") -> C 208 | D82: 0.44722222 | E82: TRUE | F82: 0.49930556 | G82: TRUE | H82: A0 | I82: =IF(K82>1,VLOOKUP(K82,DB!$A$4:$B$500,2,0),"") -> WICN | J82: =IF(L82>1,VLOOKUP(L82,DB!$A$4:$B$500,2,0),"") -> WICN | K82: SI 205 | L82: SI 204 | M82: =IF(B82>1,VLOOKUP(B82,DB!$D$4:$F$800,3,0),"") -> SUSI AIR | O82: =IF(ISBLANK(F82),"RON","") | Q82: =IF(R82="RON",H82,"") | R82: =IF(O82="RON",O82,"") | S82: =IF(R82="RON",C82,"") | T82: =IF(R82="RON",B82,"") | U82: =IF(R82="RON",M82,"") | V82: RE01 | W82: =IFERROR(INDEX($Q$18:$U$167,MATCH(V82,$Q$18:$Q$167,0),MATCH(4,$Q$17:$U$17,0)),"") | X82: =IFERROR(INDEX($Q$18:$U$167,MATCH(V82,$Q$18:$Q$167,0),MATCH(3,$Q$17:$U$17,0)),"") | Y82: =IFERROR(INDEX($Q$18:$U$167,MATCH(V82,$Q$18:$Q$167,0),MATCH(5,$Q$17:$U$17,0)),"") | Z82: FALSE | AD82: =IF(D82="","-",D82) -> 0.44722222 | AE82: =IF(F82="","-",F82) -> 0.49930556
A83: 66 | B83: PK-LAZ | C83: =IF(B83>1,VLOOKUP(B83,DB!$D$4:$E$800,2,0),"") -> A 320 | D83: 0.48263889 | E83: TRUE | F83: 0.52013889 | G83: TRUE | H83: A1 | I83: =IF(K83>1,VLOOKUP(K83,DB!$A$4:$B$500,2,0),"") -> WAHI | J83: =IF(L83>1,VLOOKUP(L83,DB!$A$4:$B$500,2,0),"") -> WARR | K83: ID 7540 | L83: ID 7515 | M83: =IF(B83>1,VLOOKUP(B83,DB!$D$4:$F$800,3,0),"") -> BATIK AIR | O83: =IF(ISBLANK(F83),"RON","") | Q83: =IF(R83="RON",H83,"") | R83: =IF(O83="RON",O83,"") | S83: =IF(R83="RON",C83,"") | T83: =IF(R83="RON",B83,"") | U83: =IF(R83="RON",M83,"") | V83: RE02 | W83: =IFERROR(INDEX($Q$18:$U$167,MATCH(V83,$Q$18:$Q$167,0),MATCH(4,$Q$17:$U$17,0)),"") | X83: =IFERROR(INDEX($Q$18:$U$167,MATCH(V83,$Q$18:$Q$167,0),MATCH(3,$Q$17:$U$17,0)),"") | Y83: =IFERROR(INDEX($Q$18:$U$167,MATCH(V83,$Q$18:$Q$167,0),MATCH(5,$Q$17:$U$17,0)),"") | Z83: FALSE | AD83: =IF(D83="","-",D83) -> 0.48263889 | AE83: =IF(F83="","-",F83) -> 0.52013889
A84: 67 | B84: PK-BKT | C84: =IF(B84>1,VLOOKUP(B84,DB!$D$4:$E$800,2,0),"") -> A 320 | D84: 0.49027778 | E84: TRUE | F84: 0.52708333 | G84: TRUE | H84: A3 | I84: =IF(K84>1,VLOOKUP(K84,DB!$A$4:$B$500,2,0),"") -> WAHQ | J84: =IF(L84>1,VLOOKUP(L84,DB!$A$4:$B$500,2,0),"") -> WAHI | K84: ID 7040 | L84: ID 7539 | M84: =IF(B84>1,VLOOKUP(B84,DB!$D$4:$F$800,3,0),"") -> BATIK AIR | O84: =IF(ISBLANK(F84),"RON","") | Q84: =IF(R84="RON",H84,"") | R84: =IF(O84="RON",O84,"") | S84: =IF(R84="RON",C84,"") | T84: =IF(R84="RON",B84,"") | U84: =IF(R84="RON",M84,"") | V84: RE03 | W84: =IFERROR(INDEX($Q$18:$U$167,MATCH(V84,$Q$18:$Q$167,0),MATCH(4,$Q$17:$U$17,0)),"") | X84: =IFERROR(INDEX($Q$18:$U$167,MATCH(V84,$Q$18:$Q$167,0),MATCH(3,$Q$17:$U$17,0)),"") | Y84: =IFERROR(INDEX($Q$18:$U$167,MATCH(V84,$Q$18:$Q$167,0),MATCH(5,$Q$17:$U$17,0)),"") | Z84: FALSE | AD84: =IF(D84="","-",D84) -> 0.49027778 | AE84: =IF(F84="","-",F84) -> 0.52708333
A85: 68 | B85: PK-THT | C85: =IF(B85>1,VLOOKUP(B85,DB!$D$4:$E$800,2,0),"") -> ATR 42 | D85: 0.47847222 | E85: TRUE | F85: 0.4875 | G85: TRUE | H85: B6 | I85: WAAA | J85: HGR | M85: IAT | O85: =IF(ISBLANK(F85),"RON","") | Q85: =IF(R85="RON",H85,"") | R85: =IF(O85="RON",O85,"") | S85: =IF(R85="RON",C85,"") | T85: =IF(R85="RON",B85,"") | U85: =IF(R85="RON",M85,"") | V85: RE04 | W85: =IFERROR(INDEX($Q$18:$U$167,MATCH(V85,$Q$18:$Q$167,0),MATCH(4,$Q$17:$U$17,0)),"") | X85: =IFERROR(INDEX($Q$18:$U$167,MATCH(V85,$Q$18:$Q$167,0),MATCH(3,$Q$17:$U$17,0)),"") | Y85: =IFERROR(INDEX($Q$18:$U$167,MATCH(V85,$Q$18:$Q$167,0),MATCH(5,$Q$17:$U$17,0)),"") | Z85: FALSE | AD85: =IF(D85="","-",D85) -> 0.47847222 | AE85: =IF(F85="","-",F85) -> 0.4875
A86: 69 | B86: PK-BKU | C86: =IF(B86>1,VLOOKUP(B86,DB!$D$4:$E$800,2,0),"") -> A 320 | D86: 0.50972222 | E86: TRUE | F86: 0.54791667 | G86: TRUE | H86: B5 | I86: =IF(K86>1,VLOOKUP(K86,DB!$A$4:$B$500,2,0),"") -> WARR | J86: =IF(L86>1,VLOOKUP(L86,DB!$A$4:$B$500,2,0),"") -> WIPP | K86: ID 7516 | L86: ID 7051 | M86: =IF(B86>1,VLOOKUP(B86,DB!$D$4:$F$800,3,0),"") -> BATIK AIR | N86: WAMEN K. K. P. | O86: =IF(ISBLANK(F86),"RON","") | Q86: =IF(R86="RON",H86,"") | R86: =IF(O86="RON",O86,"") | S86: =IF(R86="RON",C86,"") | T86: =IF(R86="RON",B86,"") | U86: =IF(R86="RON",M86,"") | V86: RE05 | W86: =IFERROR(INDEX($Q$18:$U$167,MATCH(V86,$Q$18:$Q$167,0),MATCH(4,$Q$17:$U$17,0)),"") | X86: =IFERROR(INDEX($Q$18:$U$167,MATCH(V86,$Q$18:$Q$167,0),MATCH(3,$Q$17:$U$17,0)),"") | Y86: =IFERROR(INDEX($Q$18:$U$167,MATCH(V86,$Q$18:$Q$167,0),MATCH(5,$Q$17:$U$17,0)),"") | Z86: FALSE | AD86: =IF(D86="","-",D86) -> 0.50972222 | AE86: =IF(F86="","-",F86) -> 0.54791667
A87: 70 | B87: PK-GJT | C87: =IF(B87>1,VLOOKUP(B87,DB!$D$4:$E$800,2,0),"") -> ATR 72 | D87: 0.53541667 | E87: TRUE | F87: 13;27 | G87: TRUE | H87: B1 | I87: =IF(K87>1,VLOOKUP(K87,DB!$A$4:$B$500,2,0),"") -> WAHH | J87: =IF(L87>1,VLOOKUP(L87,DB!$A$4:$B$500,2,0),"") -> WAHH | K87: QG 1103 | L87: QG 1102 | M87: =IF(B87>1,VLOOKUP(B87,DB!$D$4:$F$800,3,0),"") -> CITILINK | O87: =IF(ISBLANK(F87),"RON","") | Q87: =IF(R87="RON",H87,"") | R87: =IF(O87="RON",O87,"") | S87: =IF(R87="RON",C87,"") | T87: =IF(R87="RON",B87,"") | U87: =IF(R87="RON",M87,"") | V87: RE06 | W87: =IFERROR(INDEX($Q$18:$U$167,MATCH(V87,$Q$18:$Q$167,0),MATCH(4,$Q$17:$U$17,0)),"") | X87: =IFERROR(INDEX($Q$18:$U$167,MATCH(V87,$Q$18:$Q$167,0),MATCH(3,$Q$17:$U$17,0)),"") | Y87: =IFERROR(INDEX($Q$18:$U$167,MATCH(V87,$Q$18:$Q$167,0),MATCH(5,$Q$17:$U$17,0)),"") | Z87: FALSE | AD87: =IF(D87="","-",D87) -> 0.53541667 | AE87: =IF(F87="","-",F87) -> 13;27
A88: 71 | B88: PK-LAI | C88: =IF(B88>1,VLOOKUP(B88,DB!$D$4:$E$800,2,0),"") -> A 320 | D88: 0.51388889 | E88: TRUE | F88: 0.57847222 | G88: TRUE | H88: A2 | I88: =IF(K88>1,VLOOKUP(K88,DB!$A$4:$B$500,2,0),"") -> WAHS | J88: =IF(L88>1,VLOOKUP(L88,DB!$A$4:$B$500,2,0),"") -> WIEE | K88: ID 7556 | L88: ID 7109 | M88: =IF(B88>1,VLOOKUP(B88,DB!$D$4:$F$800,3,0),"") -> BATIK AIR | O88: =IF(ISBLANK(F88),"RON","") | Q88: =IF(R88="RON",H88,"") | R88: =IF(O88="RON",O88,"") | S88: =IF(R88="RON",C88,"") | T88: =IF(R88="RON",B88,"") | U88: =IF(R88="RON",M88,"") | V88: RE07 | W88: =IFERROR(INDEX($Q$18:$U$167,MATCH(V88,$Q$18:$Q$167,0),MATCH(4,$Q$17:$U$17,0)),"") | X88: =IFERROR(INDEX($Q$18:$U$167,MATCH(V88,$Q$18:$Q$167,0),MATCH(3,$Q$17:$U$17,0)),"") | Y88: =IFERROR(INDEX($Q$18:$U$167,MATCH(V88,$Q$18:$Q$167,0),MATCH(5,$Q$17:$U$17,0)),"") | Z88: FALSE | AD88: =IF(D88="","-",D88) -> 0.51388889 | AE88: =IF(F88="","-",F88) -> 0.57847222
A89: 72 | B89: PK-LUZ | C89: =IF(B89>1,VLOOKUP(B89,DB!$D$4:$E$800,2,0),"") -> A 320 | D89: 0.54236111 | E89: TRUE | F89: 0.57291667 | G89: TRUE | H89: B6 | I89: =IF(K89>1,VLOOKUP(K89,DB!$A$4:$B$500,2,0),"") -> WARR | J89: =IF(L89>1,VLOOKUP(L89,DB!$A$4:$B$500,2,0),"") -> WARR | K89: ID 7520 | L89: ID 7501 | M89: =IF(B89>1,VLOOKUP(B89,DB!$D$4:$F$800,3,0),"") -> BATIK AIR | O89: =IF(ISBLANK(F89),"RON","") | Q89: =IF(R89="RON",H89,"") | R89: =IF(O89="RON",O89,"") | S89: =IF(R89="RON",C89,"") | T89: =IF(R89="RON",B89,"") | U89: =IF(R89="RON",M89,"") | V89: RE08 | W89: =IFERROR(INDEX($Q$18:$U$167,MATCH(V89,$Q$18:$Q$167,0),MATCH(4,$Q$17:$U$17,0)),"") | X89: =IFERROR(INDEX($Q$18:$U$167,MATCH(V89,$Q$18:$Q$167,0),MATCH(3,$Q$17:$U$17,0)),"") | Y89: =IFERROR(INDEX($Q$18:$U$167,MATCH(V89,$Q$18:$Q$167,0),MATCH(5,$Q$17:$U$17,0)),"") | Z89: FALSE | AD89: =IF(D89="","-",D89) -> 0.54236111 | AE89: =IF(F89="","-",F89) -> 0.57291667
A90: 73 | B90: PK-NMI | C90: =IF(B90>1,VLOOKUP(B90,DB!$D$4:$E$800,2,0),"") -> B 733 | D90: 0.55138889 | E90: TRUE | F90: 0.63194444 | G90: TRUE | H90: B11 | I90: WAOO | J90: WIOO | M90: =IF(B90>1,VLOOKUP(B90,DB!$D$4:$F$800,3,0),"") -> AIRNESIA | O90: =IF(ISBLANK(F90),"RON","") | Q90: =IF(R90="RON",H90,"") | R90: =IF(O90="RON",O90,"") | S90: =IF(R90="RON",C90,"") | T90: =IF(R90="RON",B90,"") | U90: =IF(R90="RON",M90,"") | V90: RE09 | W90: =IFERROR(INDEX($Q$18:$U$167,MATCH(V90,$Q$18:$Q$167,0),MATCH(4,$Q$17:$U$17,0)),"") | X90: =IFERROR(INDEX($Q$18:$U$167,MATCH(V90,$Q$18:$Q$167,0),MATCH(3,$Q$17:$U$17,0)),"") | Y90: =IFERROR(INDEX($Q$18:$U$167,MATCH(V90,$Q$18:$Q$167,0),MATCH(5,$Q$17:$U$17,0)),"") | Z90: FALSE | AD90: =IF(D90="","-",D90) -> 0.55138889 | AE90: =IF(F90="","-",F90) -> 0.63194444
A91: 74 | B91: PK-LZH | C91: =IF(B91>1,VLOOKUP(B91,DB!$D$4:$E$800,2,0),"") -> A 320 | D91: 0.5625 | E91: TRUE | F91: 0.6 | G91: TRUE | H91: A1 | I91: =IF(K91>1,VLOOKUP(K91,DB!$A$4:$B$500,2,0),"") -> WADD | J91: =IF(L91>1,VLOOKUP(L91,DB!$A$4:$B$500,2,0),"") -> WAHS | K91: ID 7308 | L91: ID 7559 | M91: =IF(B91>1,VLOOKUP(B91,DB!$D$4:$F$800,3,0),"") -> BATIK AIR | O91: =IF(ISBLANK(F91),"RON","") | Q91: =IF(R91="RON",H91,"") | R91: =IF(O91="RON",O91,"") | S91: =IF(R91="RON",C91,"") | T91: =IF(R91="RON",B91,"") | U91: =IF(R91="RON",M91,"") | V91: RE10 | W91: =IFERROR(INDEX($Q$18:$U$167,MATCH(V91,$Q$18:$Q$167,0),MATCH(4,$Q$17:$U$17,0)),"") | X91: =IFERROR(INDEX($Q$18:$U$167,MATCH(V91,$Q$18:$Q$167,0),MATCH(3,$Q$17:$U$17,0)),"") | Y91: =IFERROR(INDEX($Q$18:$U$167,MATCH(V91,$Q$18:$Q$167,0),MATCH(5,$Q$17:$U$17,0)),"") | Z91: FALSE | AD91: =IF(D91="","-",D91) -> 0.5625 | AE91: =IF(F91="","-",F91) -> 0.6
A92: 75 | B92: PK-YST | C92: =IF(B92>1,VLOOKUP(B92,DB!$D$4:$E$800,2,0),"") -> B 733 | D92: 0.56736111 | E92: TRUE | F92: 0.62222222 | G92: TRUE | H92: B12 | I92: =IF(K92>1,VLOOKUP(K92,DB!$A$4:$B$500,2,0),"") -> WAGG | J92: =IF(L92>1,VLOOKUP(L92,DB!$A$4:$B$500,2,0),"") -> WALL | K92: IL 714 | L92: IL 727 | M92: =IF(B92>1,VLOOKUP(B92,DB!$D$4:$F$800,3,0),"") -> TRIGANA | O92: =IF(ISBLANK(F92),"RON","") | Q92: =IF(R92="RON",H92,"") | R92: =IF(O92="RON",O92,"") | S92: =IF(R92="RON",C92,"") | T92: =IF(R92="RON",B92,"") | U92: =IF(R92="RON",M92,"") | V92: RW01 | W92: =IFERROR(INDEX($Q$18:$U$167,MATCH(V92,$Q$18:$Q$167,0),MATCH(4,$Q$17:$U$17,0)),"") | X92: =IFERROR(INDEX($Q$18:$U$167,MATCH(V92,$Q$18:$Q$167,0),MATCH(3,$Q$17:$U$17,0)),"") | Y92: =IFERROR(INDEX($Q$18:$U$167,MATCH(V92,$Q$18:$Q$167,0),MATCH(5,$Q$17:$U$17,0)),"") | Z92: FALSE | AD92: =IF(D92="","-",D92) -> 0.56736111 | AE92: =IF(F92="","-",F92) -> 0.62222222
A93: 76 | B93: PK-GTE | C93: =IF(B93>1,VLOOKUP(B93,DB!$D$4:$E$800,2,0),"") -> A 320 | D93: 0.575 | E93: TRUE | F93: 0.60347222 | G93: TRUE | H93: B2 | I93: =IF(K93>1,VLOOKUP(K93,DB!$A$4:$B$500,2,0),"") -> WIPP | J93: =IF(L93>1,VLOOKUP(L93,DB!$A$4:$B$500,2,0),"") -> WARR | K93: QG 0089 | L93: QG 0174 | M93: =IF(B93>1,VLOOKUP(B93,DB!$D$4:$F$800,3,0),"") -> CITILINK | O93: =IF(ISBLANK(F93),"RON","") | Q93: =IF(R93="RON",H93,"") | R93: =IF(O93="RON",O93,"") | S93: =IF(R93="RON",C93,"") | T93: =IF(R93="RON",B93,"") | U93: =IF(R93="RON",M93,"") | V93: RW02 | W93: =IFERROR(INDEX($Q$18:$U$167,MATCH(V93,$Q$18:$Q$167,0),MATCH(4,$Q$17:$U$17,0)),"") | X93: =IFERROR(INDEX($Q$18:$U$167,MATCH(V93,$Q$18:$Q$167,0),MATCH(3,$Q$17:$U$17,0)),"") | Y93: =IFERROR(INDEX($Q$18:$U$167,MATCH(V93,$Q$18:$Q$167,0),MATCH(5,$Q$17:$U$17,0)),"") | Z93: FALSE | AD93: =IF(D93="","-",D93) -> 0.575 | AE93: =IF(F93="","-",F93) -> 0.60347222
A94: 77 | B94: T7-777 | C94: =IF(B94>1,VLOOKUP(B94,DB!$D$4:$E$800,2,0),"") -> BBJ | D94: 0.57847222 | E94: TRUE | F94: 0.67777778 | G94: TRUE | H94: B4 | I94: OMDW | J94: SA02 | M94: =IF(B94>1,VLOOKUP(B94,DB!$D$4:$F$800,3,0),"") -> JIP | O94: =IF(ISBLANK(F94),"RON","") | Q94: =IF(R94="RON",H94,"") | R94: =IF(O94="RON",O94,"") | S94: =IF(R94="RON",C94,"") | T94: =IF(R94="RON",B94,"") | U94: =IF(R94="RON",M94,"") | V94: RW03 | W94: =IFERROR(INDEX($Q$18:$U$167,MATCH(V94,$Q$18:$Q$167,0),MATCH(4,$Q$17:$U$17,0)),"") | X94: =IFERROR(INDEX($Q$18:$U$167,MATCH(V94,$Q$18:$Q$167,0),MATCH(3,$Q$17:$U$17,0)),"") | Y94: =IFERROR(INDEX($Q$18:$U$167,MATCH(V94,$Q$18:$Q$167,0),MATCH(5,$Q$17:$U$17,0)),"") | Z94: FALSE | AD94: =IF(D94="","-",D94) -> 0.57847222 | AE94: =IF(F94="","-",F94) -> 0.67777778
A95: 78 | B95: VP-CLL | C95: =IF(B95>1,VLOOKUP(B95,DB!$D$4:$E$800,2,0),"") -> EMB 135 | D95: 0.56388889 | E95: TRUE | F95: 0.64027778 | G95: TRUE | H95: B7 | I95: SA13 | J95: WAQQ | M95: KARISMA | O95: =IF(ISBLANK(F95),"RON","") | Q95: =IF(R95="RON",H95,"") | R95: =IF(O95="RON",O95,"") | S95: =IF(R95="RON",C95,"") | T95: =IF(R95="RON",B95,"") | U95: =IF(R95="RON",M95,"") | V95: RW04 | W95: =IFERROR(INDEX($Q$18:$U$167,MATCH(V95,$Q$18:$Q$167,0),MATCH(4,$Q$17:$U$17,0)),"") | X95: =IFERROR(INDEX($Q$18:$U$167,MATCH(V95,$Q$18:$Q$167,0),MATCH(3,$Q$17:$U$17,0)),"") | Y95: =IFERROR(INDEX($Q$18:$U$167,MATCH(V95,$Q$18:$Q$167,0),MATCH(5,$Q$17:$U$17,0)),"") | Z95: FALSE | AD95: =IF(D95="","-",D95) -> 0.56388889 | AE95: =IF(F95="","-",F95) -> 0.64027778
A96: 79 | B96: PK-GTD | C96: =IF(B96>1,VLOOKUP(B96,DB!$D$4:$E$800,2,0),"") -> A 320 | D96: 0.59930556 | E96: TRUE | F96: 0.66666667 | G96: TRUE | H96: B1 | I96: =IF(K96>1,VLOOKUP(K96,DB!$A$4:$B$500,2,0),"") -> WAHI | J96: =IF(L96>1,VLOOKUP(L96,DB!$A$4:$B$500,2,0),"") -> WIMM | K96: QG 0103 | L96: QG 0022 | M96: =IF(B96>1,VLOOKUP(B96,DB!$D$4:$F$800,3,0),"") -> CITILINK | O96: =IF(ISBLANK(F96),"RON","") | Q96: =IF(R96="RON",H96,"") | R96: =IF(O96="RON",O96,"") | S96: =IF(R96="RON",C96,"") | T96: =IF(R96="RON",B96,"") | U96: =IF(R96="RON",M96,"") | V96: RW05 | W96: =IFERROR(INDEX($Q$18:$U$167,MATCH(V96,$Q$18:$Q$167,0),MATCH(4,$Q$17:$U$17,0)),"") | X96: =IFERROR(INDEX($Q$18:$U$167,MATCH(V96,$Q$18:$Q$167,0),MATCH(3,$Q$17:$U$17,0)),"") | Y96: =IFERROR(INDEX($Q$18:$U$167,MATCH(V96,$Q$18:$Q$167,0),MATCH(5,$Q$17:$U$17,0)),"") | Z96: FALSE | AD96: =IF(D96="","-",D96) -> 0.59930556 | AE96: =IF(F96="","-",F96) -> 0.66666667
A97: 80 | B97: PK-YRD | C97: =IF(B97>1,VLOOKUP(B97,DB!$D$4:$E$800,2,0),"") -> B 733 | D97: 0.64930556 | E97: TRUE | F97: 0.82166432 | G97: TRUE | H97: B13 | I97: =IF(K97>1,VLOOKUP(K97,DB!$A$4:$B$500,2,0),"") -> WIDN | J97: =IF(L97>1,VLOOKUP(L97,DB!$A$4:$B$500,2,0),"") -> WAAA | K97: IL 718 | L97: IL 723 | M97: =IF(B97>1,VLOOKUP(B97,DB!$D$4:$F$800,3,0),"") -> TRIGANA | O97: =IF(ISBLANK(F97),"RON","") | Q97: =IF(R97="RON",H97,"") | R97: =IF(O97="RON",O97,"") | S97: =IF(R97="RON",C97,"") | T97: =IF(R97="RON",B97,"") | U97: =IF(R97="RON",M97,"") | V97: RW06 | W97: =IFERROR(INDEX($Q$18:$U$167,MATCH(V97,$Q$18:$Q$167,0),MATCH(4,$Q$17:$U$17,0)),"") | X97: =IFERROR(INDEX($Q$18:$U$167,MATCH(V97,$Q$18:$Q$167,0),MATCH(3,$Q$17:$U$17,0)),"") | Y97: =IFERROR(INDEX($Q$18:$U$167,MATCH(V97,$Q$18:$Q$167,0),MATCH(5,$Q$17:$U$17,0)),"") | Z97: FALSE | AD97: =IF(D97="","-",D97) -> 0.64930556 | AE97: =IF(F97="","-",F97) -> 0.82166432
A98: 81 | B98: PK-LAJ | C98: =IF(B98>1,VLOOKUP(B98,DB!$D$4:$E$800,2,0),"") -> A 320 | D98: 0.64166667 | E98: TRUE | F98: 0.775 | G98: TRUE | H98: B9 | I98: =IF(K98>1,VLOOKUP(K98,DB!$A$4:$B$500,2,0),"") -> WARA | J98: =IF(L98>1,VLOOKUP(L98,DB!$A$4:$B$500,2,0),"") -> WIBB | K98: ID 7582 | L98: ID 7065 | M98: =IF(B98>1,VLOOKUP(B98,DB!$D$4:$F$800,3,0),"") -> BATIK AIR | O98: =IF(ISBLANK(F98),"RON","") | Q98: =IF(R98="RON",H98,"") | R98: =IF(O98="RON",O98,"") | S98: =IF(R98="RON",C98,"") | T98: =IF(R98="RON",B98,"") | U98: =IF(R98="RON",M98,"") | V98: RW07 | W98: =IFERROR(INDEX($Q$18:$U$167,MATCH(V98,$Q$18:$Q$167,0),MATCH(4,$Q$17:$U$17,0)),"") | X98: =IFERROR(INDEX($Q$18:$U$167,MATCH(V98,$Q$18:$Q$167,0),MATCH(3,$Q$17:$U$17,0)),"") | Y98: =IFERROR(INDEX($Q$18:$U$167,MATCH(V98,$Q$18:$Q$167,0),MATCH(5,$Q$17:$U$17,0)),"") | Z98: FALSE | AD98: =IF(D98="","-",D98) -> 0.64166667 | AE98: =IF(F98="","-",F98) -> 0.775
A99: 82 | B99: PK-BKT | C99: =IF(B99>1,VLOOKUP(B99,DB!$D$4:$E$800,2,0),"") -> A 320 | D99: 0.64444444 | E99: TRUE | F99: 0.75138889 | G99: TRUE | H99: B7 | I99: =IF(K99>1,VLOOKUP(K99,DB!$A$4:$B$500,2,0),"") -> WAHI | J99: =IF(L99>1,VLOOKUP(L99,DB!$A$4:$B$500,2,0),"") -> WIPP | K99: ID 7538 | L99: ID 7055 | M99: =IF(B99>1,VLOOKUP(B99,DB!$D$4:$F$800,3,0),"") -> BATIK AIR | O99: =IF(ISBLANK(F99),"RON","") | Q99: =IF(R99="RON",H99,"") | R99: =IF(O99="RON",O99,"") | S99: =IF(R99="RON",C99,"") | T99: =IF(R99="RON",B99,"") | U99: =IF(R99="RON",M99,"") | V99: RW08 | W99: =IFERROR(INDEX($Q$18:$U$167,MATCH(V99,$Q$18:$Q$167,0),MATCH(4,$Q$17:$U$17,0)),"") | X99: =IFERROR(INDEX($Q$18:$U$167,MATCH(V99,$Q$18:$Q$167,0),MATCH(3,$Q$17:$U$17,0)),"") | Y99: =IFERROR(INDEX($Q$18:$U$167,MATCH(V99,$Q$18:$Q$167,0),MATCH(5,$Q$17:$U$17,0)),"") | Z99: FALSE | AD99: =IF(D99="","-",D99) -> 0.64444444 | AE99: =IF(F99="","-",F99) -> 0.75138889
A100: 83 | B100: PK-GQI | C100: =IF(B100>1,VLOOKUP(B100,DB!$D$4:$E$800,2,0),"") -> A 320 | D100: 0.65416667 | E100: TRUE | G100: FALSE | H100: A1 | I100: =IF(K100>1,VLOOKUP(K100,DB!$A$4:$B$500,2,0),"") -> WARA | J100: =IF(L100>1,VLOOKUP(L100,DB!$A$4:$B$500,2,0),"") | K100: QG 0165 | M100: =IF(B100>1,VLOOKUP(B100,DB!$D$4:$F$800,3,0),"") -> CITILINK | O100: =IF(ISBLANK(F100),"RON","") -> RON | Q100: =IF(R100="RON",H100,"") -> A1 | R100: =IF(O100="RON",O100,"") -> RON | S100: =IF(R100="RON",C100,"") -> A 320 | T100: =IF(R100="RON",B100,"") -> PK-GQI | U100: =IF(R100="RON",M100,"") -> CITILINK | V100: RW09 | W100: =IFERROR(INDEX($Q$18:$U$167,MATCH(V100,$Q$18:$Q$167,0),MATCH(4,$Q$17:$U$17,0)),"") | X100: =IFERROR(INDEX($Q$18:$U$167,MATCH(V100,$Q$18:$Q$167,0),MATCH(3,$Q$17:$U$17,0)),"") | Y100: =IFERROR(INDEX($Q$18:$U$167,MATCH(V100,$Q$18:$Q$167,0),MATCH(5,$Q$17:$U$17,0)),"") | Z100: FALSE | AD100: =IF(D100="","-",D100) -> 0.65416667 | AE100: =IF(F100="","-",F100) -> -
A101: 84 | B101: PK-BKU | C101: =IF(B101>1,VLOOKUP(B101,DB!$D$4:$E$800,2,0),"") -> A 320 | D101: 0.6625 | E101: TRUE | G101: FALSE | H101: B8 | I101: =IF(K101>1,VLOOKUP(K101,DB!$A$4:$B$500,2,0),"") -> WIPP | J101: =IF(L101>1,VLOOKUP(L101,DB!$A$4:$B$500,2,0),"") | K101: ID 7052 | M101: =IF(B101>1,VLOOKUP(B101,DB!$D$4:$F$800,3,0),"") -> BATIK AIR | O101: =IF(ISBLANK(F101),"RON","") -> RON | Q101: =IF(R101="RON",H101,"") -> B8 | R101: =IF(O101="RON",O101,"") -> RON | S101: =IF(R101="RON",C101,"") -> A 320 | T101: =IF(R101="RON",B101,"") -> PK-BKU | U101: =IF(R101="RON",M101,"") -> BATIK AIR | V101: RW10 | W101: =IFERROR(INDEX($Q$18:$U$167,MATCH(V101,$Q$18:$Q$167,0),MATCH(4,$Q$17:$U$17,0)),"") | X101: =IFERROR(INDEX($Q$18:$U$167,MATCH(V101,$Q$18:$Q$167,0),MATCH(3,$Q$17:$U$17,0)),"") | Y101: =IFERROR(INDEX($Q$18:$U$167,MATCH(V101,$Q$18:$Q$167,0),MATCH(5,$Q$17:$U$17,0)),"") | Z101: FALSE | AD101: =IF(D101="","-",D101) -> 0.6625 | AE101: =IF(F101="","-",F101) -> -
...

Sheet 02
A1: APRON MOVEMENT SHEET HALIM PERDANAKUSUMA | V1: STAND MAIN APRON AVAILABLE
V2: STAND | W2: ACTUAL | X2: PLOTTING
V3: A0 | W3: =COUNTIFS($H$18:$H$167,V3,$D$18:$D$167,"<>",$F$18:$F$167,"") -> 0 | X3: =COUNTIFS($H$18:$H$167,V3,$D$18:$D$167,"",$F$18:$F$167,"") -> 0 | Y3: STAND | Z3: ACTUAL | AA3: PLOTTING
V4: A1 | W4: =COUNTIFS($H$18:$H$167,V4,$D$18:$D$167,"<>",$F$18:$F$167,"") -> 1 | X4: =COUNTIFS($H$18:$H$167,V4,$D$18:$D$167,"",$F$18:$F$167,"") -> 0 | Y4: B6 | Z4: =COUNTIFS($H$18:$H$167,Y4,$D$18:$D$167,"<>",$F$18:$F$167,"") -> 1 | AA4: =COUNTIFS($H$18:$H$167,Y4,$D$18:$D$167,"",$F$18:$F$167,"") -> 0
V5: A2 | W5: =COUNTIFS($H$18:$H$167,V5,$D$18:$D$167,"<>",$F$18:$F$167,"") -> 1 | X5: =COUNTIFS($H$18:$H$167,V5,$D$18:$D$167,"",$F$18:$F$167,"") -> 0 | Y5: B7 | Z5: =COUNTIFS($H$18:$H$167,Y5,$D$18:$D$167,"<>",$F$18:$F$167,"") -> 1 | AA5: =COUNTIFS($H$18:$H$167,Y5,$D$18:$D$167,"",$F$18:$F$167,"") -> 0
V6: A3 | W6: =COUNTIFS($H$18:$H$167,V6,$D$18:$D$167,"<>",$F$18:$F$167,"") -> 1 | X6: =COUNTIFS($H$18:$H$167,V6,$D$18:$D$167,"",$F$18:$F$167,"") -> 0 | Y6: B8 | Z6: =COUNTIFS($H$18:$H$167,Y6,$D$18:$D$167,"<>",$F$18:$F$167,"") -> 0 | AA6: =COUNTIFS($H$18:$H$167,Y6,$D$18:$D$167,"",$F$18:$F$167,"") -> 0
A7: AERODROME : | C7: WIHH | V7: B1 | W7: =COUNTIFS($H$18:$H$167,V7,$D$18:$D$167,"<>",$F$18:$F$167,"") -> 1 | X7: =COUNTIFS($H$18:$H$167,V7,$D$18:$D$167,"",$F$18:$F$167,"") -> 0 | Y7: B9 | Z7: =COUNTIFS($H$18:$H$167,Y7,$D$18:$D$167,"<>",$F$18:$F$167,"") -> 1 | AA7: =COUNTIFS($H$18:$H$167,Y7,$D$18:$D$167,"",$F$18:$F$167,"") -> 0
A8: TANGGAL : | C8: 45779 | V8: B2 | W8: =COUNTIFS($H$18:$H$167,V8,$D$18:$D$167,"<>",$F$18:$F$167,"") -> 1 | X8: =COUNTIFS($H$18:$H$167,V8,$D$18:$D$167,"",$F$18:$F$167,"") -> 0 | Y8: B10 | Z8: =COUNTIFS($H$18:$H$167,Y8,$D$18:$D$167,"<>",$F$18:$F$167,"") -> 1 | AA8: =COUNTIFS($H$18:$H$167,Y8,$D$18:$D$167,"",$F$18:$F$167,"") -> 0
A9: PETUGAS AMC | C9: PAGI SIANG ( 07:00 - 18:59) | E9: MALAM (19:00 - 06:59) | V9: B3 | W9: =COUNTIFS($H$18:$H$167,V9,$D$18:$D$167,"<>",$F$18:$F$167,"") -> 0 | X9: =COUNTIFS($H$18:$H$167,V9,$D$18:$D$167,"",$F$18:$F$167,"") -> 0 | Y9: B11 | Z9: =COUNTIFS($H$18:$H$167,Y9,$D$18:$D$167,"<>",$F$18:$F$167,"") -> 0 | AA9: =COUNTIFS($H$18:$H$167,Y9,$D$18:$D$167,"",$F$18:$F$167,"") -> 0
C10: MALDIKA HASIBUAN | E10: NIKON | V10: B4 | W10: =COUNTIFS($H$18:$H$167,V10,$D$18:$D$167,"<>",$F$18:$F$167,"") -> 0 | X10: =COUNTIFS($H$18:$H$167,V10,$D$18:$D$167,"",$F$18:$F$167,"") -> 0 | Y10: B12 | Z10: =COUNTIFS($H$18:$H$167,Y10,$D$18:$D$167,"<>",$F$18:$F$167,"") -> 1 | AA10: =COUNTIFS($H$18:$H$167,Y10,$D$18:$D$167,"",$F$18:$F$167,"") -> 0
C11: NUZAR AFRIAN | E11: RYAN KHALIQ | V11: B5 | W11: =COUNTIFS($H$18:$H$167,V11,$D$18:$D$167,"<>",$F$18:$F$167,"") -> 0 | X11: =COUNTIFS($H$18:$H$167,V11,$D$18:$D$167,"",$F$18:$F$167,"") -> 0 | Y11: B13 | Z11: =COUNTIFS($H$18:$H$167,Y11,$D$18:$D$167,"<>",$F$18:$F$167,"") -> 1 | AA11: =COUNTIFS($H$18:$H$167,Y11,$D$18:$D$167,"",$F$18:$F$167,"") -> 0
C12: PELTU SUGIONO | E12: PELTUSUCIADI
C13: ACHMAD FAUZI | V13: AIRCRAFT RON | AF13: APRON MOVEMENT IN HOURS | AL13: PARKING STAND USE IN HOURS
A15: NO | B15: REGISTRATION | C15: TYPE | D15: TIME OF | H15: PARKING STAND | I15: FROM | J15: TO | K15: FLIGHT NO | M15: OPERATOR / AIRLINES | N15: REMARKS | O15: STATUS | V15: STAND | W15: REG | X15: TYPE A/C | Y15: COMPANY | AF15: TIME | AH15: ARR | AI15: DEP | AJ15: TOTAL | AM15: 0.00069444444 | AN15: 0.042361111 | AO15: 0.084027778 | AP15: 0.12569444 | AQ15: 0.16736111 | AR15: 0.20902778 | AS15: 0.25069444 | AT15: 0.29236111 | AU15: 0.33402778 | AV15: 0.37569444 | AW15: 0.41736111 | AX15: 0.45902778 | AY15: 0.50069444 | AZ15: 0.54236111 | BA15: 0.58402778 | BB15: 0.62569444 | BC15: 0.66736111 | BD15: 0.70902778 | BE15: 0.75069444 | BF15: 0.79236111 | BG15: 0.83402778 | BH15: 0.87569444 | BI15: 0.91736111 | BJ15: 0.95902778
D16: ON BLOCK | F16: OFF BLOCK | K16: ARR | L16: DEP | AM16: 0.041666667 | AN16: 0.083333333 | AO16: 0.125 | AP16: 0.16666667 | AQ16: 0.20833333 | AR16: 0.25 | AS16: 0.29166667 | AT16: 0.33333333 | AU16: 0.375 | AV16: 0.41666667 | AW16: 0.45833333 | AX16: 0.5 | AY16: 0.54166667 | AZ16: 0.58333333 | BA16: 0.625 | BB16: 0.66666667 | BC16: 0.70833333 | BD16: 0.75 | BE16: 0.79166667 | BF16: 0.83333333 | BG16: 0.875 | BH16: 0.91666667 | BI16: 0.95833333 | BJ16: 0
Q17: 1 | R17: 2 | S17: 3 | T17: 4 | U17: 5 | V17: A0 | W17: =IFERROR(INDEX($Q$18:$U$167,MATCH(V17,$Q$18:$Q$167,0),MATCH(4,$Q$17:$U$17,0)),"") | X17: =IFERROR(INDEX($Q$18:$U$167,MATCH(V17,$Q$18:$Q$167,0),MATCH(3,$Q$17:$U$17,0)),"") | Y17: =IFERROR(INDEX($Q$18:$U$167,MATCH(V17,$Q$18:$Q$167,0),MATCH(5,$Q$17:$U$17,0)),"") | Z17: FALSE | AD17: 1 | AE17: 2 | AF17: 0.00069444444 | AG17: 0.041666667 | AH17: =COUNTIF($AD$18:$AD$167,"<=01:00") -> 0 | AI17: =COUNTIF($AE$18:$AE$167,"<=01:00") -> 0 | AJ17: =AI17+AH17 -> 0 | AL17: A0 | AM17: =COUNTIFS($H$18:$H$167,AL17,$D$18:$D$167,"<=01:00") -> 0 | AN17: =COUNTIFS($H$18:$H$167,AL17,$D$18:$D$167,">01:00",$D$18:$D$167,"<=02:00") -> 0 | AO17: =COUNTIFS($H$18:$H$167,AL17,$D$18:$D$167,">02:00",$D$18:$D$167,"<=03:00") -> 0 | AP17: =COUNTIFS($H$18:$H$167,AL17,$D$18:$D$167,">03:00",$D$18:$D$167,"<=04:00") -> 0 | AQ17: =COUNTIFS($H$18:$H$167,AL17,$D$18:$D$167,">04:00",$D$18:$D$167,"<=05:00") -> 0 | AR17: =COUNTIFS($H$18:$H$167,AL17,$D$18:$D$167,">05:00",$D$18:$D$167,"<=06:00") -> 0 | AS17: =COUNTIFS($H$18:$H$167,AL17,$D$18:$D$167,">06:00",$D$18:$D$167,"<=07:00") -> 0 | AT17: =COUNTIFS($H$18:$H$167,AL17,$D$18:$D$167,">07:00",$D$18:$D$167,"<=08:00") -> 0 | AU17: =COUNTIFS($H$18:$H$167,AL17,$D$18:$D$167,">08:00",$D$18:$D$167,"<=09:00") -> 0 | AV17: =COUNTIFS($H$18:$H$167,AL17,$D$18:$D$167,">09:00",$D$18:$D$167,"<=10:00") -> 1 | AW17: =COUNTIFS($H$18:$H$167,AL17,$D$18:$D$167,">10:00",$D$18:$D$167,"<=11:00") -> 0 | AX17: =COUNTIFS($H$18:$H$167,AL17,$D$18:$D$167,">11:00",$D$18:$D$167,"<=12:00") -> 0 | AY17: =COUNTIFS($H$18:$H$167,AL17,$D$18:$D$167,">12:00",$D$18:$D$167,"<=13:00") -> 0 | AZ17: =COUNTIFS($H$18:$H$167,AL17,$D$18:$D$167,">13:00",$D$18:$D$167,"<=14:00") -> 0 | BA17: =COUNTIFS($H$18:$H$167,AL17,$D$18:$D$167,">14:00",$D$18:$D$167,"<=15:00") -> 0 | BB17: =COUNTIFS($H$18:$H$167,AL17,$D$18:$D$167,">15:00",$D$18:$D$167,"<=16:00") -> 0 | BC17: =COUNTIFS($H$18:$H$167,AL17,$D$18:$D$167,">16:00",$D$18:$D$167,"<=17:00") -> 0 | BD17: =COUNTIFS($H$18:$H$167,AL17,$D$18:$D$167,">17:00",$D$18:$D$167,"<=18:00") -> 0 | BE17: =COUNTIFS($H$18:$H$167,AL17,$D$18:$D$167,">18:00",$D$18:$D$167,"<=19:00") -> 0 | BF17: =COUNTIFS($H$18:$H$167,AL17,$D$18:$D$167,">19:00",$D$18:$D$167,"<=20:00") -> 0 | BG17: =COUNTIFS($H$18:$H$167,AL17,$D$18:$D$167,">20:00",$D$18:$D$167,"<=21:00") -> 0 | BH17: =COUNTIFS($H$18:$H$167,AL17,$D$18:$D$167,">21:00",$D$18:$D$167,"<=22:00") -> 0 | BI17: =COUNTIFS($H$18:$H$167,AL17,$D$18:$D$167,">22:00",$D$18:$D$167,"<=23:00") -> 0 | BJ17: =COUNTIFS($H$18:$H$167,AL17,$D$18:$D$167,">23:00") -> 0 | BK17: =SUM(AM17:BJ17) -> 1
A18: 1 | B18: PK-VCD | C18: =IF(B18>1,VLOOKUP(B18,DB!$D$4:$E$800,2,0),"") -> PA 34 | D18: - | E18: FALSE | G18: FALSE | H18: NSA01 | I18: =IF(K18>1,VLOOKUP(K18,DB!$A$4:$B$500,2,0),"") | J18: =IF(L18>1,VLOOKUP(L18,DB!$A$4:$B$500,2,0),"") | M18: =IF(B18>1,VLOOKUP(B18,DB!$D$4:$F$800,3,0),"") -> PENAS | N18: UNSERVICEABLE | O18: =IF(ISBLANK(F18),"RON","") -> RON | Q18: =IF(R18="RON",H18,"") -> NSA01 | R18: =IF(O18="RON",O18,"") -> RON | S18: =IF(R18="RON",C18,"") -> PA 34 | T18: =IF(R18="RON",B18,"") -> PK-VCD | U18: =IF(R18="RON",M18,"") -> PENAS | V18: A1 | W18: =IFERROR(INDEX($Q$18:$U$167,MATCH(V18,$Q$18:$Q$167,0),MATCH(4,$Q$17:$U$17,0)),"") -> PK-PAH | X18: =IFERROR(INDEX($Q$18:$U$167,MATCH(V18,$Q$18:$Q$167,0),MATCH(3,$Q$17:$U$17,0)),"") -> ATR 72 | Y18: =IFERROR(INDEX($Q$18:$U$167,MATCH(V18,$Q$18:$Q$167,0),MATCH(5,$Q$17:$U$17,0)),"") -> PELITA | Z18: TRUE | AD18: =IF(D18="","-",D18) -> - | AE18: =IF(F18="","-",F18) -> - | AF18: 0.042361111 | AG18: 0.083333333 | AH18: =COUNTIFS($AD$18:$AD$167,">01:00",$AD$18:$AD$167,"<=02:00") -> 0 | AI18: =COUNTIFS($AE$18:$AE$167,">01:00",$AE$18:$AE$167,"<=02:00") -> 0 | AJ18: =AI18+AH18 -> 0 | AL18: A1 | AM18: =COUNTIFS($H$18:$H$167,AL18,$D$18:$D$167,"<=01:00") -> 0 | AN18: =COUNTIFS($H$18:$H$167,AL18,$D$18:$D$167,">01:00",$D$18:$D$167,"<=02:00") -> 0 | AO18: =COUNTIFS($H$18:$H$167,AL18,$D$18:$D$167,">02:00",$D$18:$D$167,"<=03:00") -> 0 | AP18: =COUNTIFS($H$18:$H$167,AL18,$D$18:$D$167,">03:00",$D$18:$D$167,"<=04:00") -> 0 | AQ18: =COUNTIFS($H$18:$H$167,AL18,$D$18:$D$167,">04:00",$D$18:$D$167,"<=05:00") -> 0 | AR18: =COUNTIFS($H$18:$H$167,AL18,$D$18:$D$167,">05:00",$D$18:$D$167,"<=06:00") -> 0 | AS18: =COUNTIFS($H$18:$H$167,AL18,$D$18:$D$167,">06:00",$D$18:$D$167,"<=07:00") -> 0 | AT18: =COUNTIFS($H$18:$H$167,AL18,$D$18:$D$167,">07:00",$D$18:$D$167,"<=08:00") -> 0 | AU18: =COUNTIFS($H$18:$H$167,AL18,$D$18:$D$167,">08:00",$D$18:$D$167,"<=09:00") -> 1 | AV18: =COUNTIFS($H$18:$H$167,AL18,$D$18:$D$167,">09:00",$D$18:$D$167,"<=10:00") -> 0 | AW18: =COUNTIFS($H$18:$H$167,AL18,$D$18:$D$167,">10:00",$D$18:$D$167,"<=11:00") -> 0 | AX18: =COUNTIFS($H$18:$H$167,AL18,$D$18:$D$167,">11:00",$D$18:$D$167,"<=12:00") -> 1 | AY18: =COUNTIFS($H$18:$H$167,AL18,$D$18:$D$167,">12:00",$D$18:$D$167,"<=13:00") -> 0 | AZ18: =COUNTIFS($H$18:$H$167,AL18,$D$18:$D$167,">13:00",$D$18:$D$167,"<=14:00") -> 0 | BA18: =COUNTIFS($H$18:$H$167,AL18,$D$18:$D$167,">14:00",$D$18:$D$167,"<=15:00") -> 1 | BB18: =COUNTIFS($H$18:$H$167,AL18,$D$18:$D$167,">15:00",$D$18:$D$167,"<=16:00") -> 0 | BC18: =COUNTIFS($H$18:$H$167,AL18,$D$18:$D$167,">16:00",$D$18:$D$167,"<=17:00") -> 0 | BD18: =COUNTIFS($H$18:$H$167,AL18,$D$18:$D$167,">17:00",$D$18:$D$167,"<=18:00") -> 0 | BE18: =COUNTIFS($H$18:$H$167,AL18,$D$18:$D$167,">18:00",$D$18:$D$167,"<=19:00") -> 0 | BF18: =COUNTIFS($H$18:$H$167,AL18,$D$18:$D$167,">19:00",$D$18:$D$167,"<=20:00") -> 0 | BG18: =COUNTIFS($H$18:$H$167,AL18,$D$18:$D$167,">20:00",$D$18:$D$167,"<=21:00") -> 0 | BH18: =COUNTIFS($H$18:$H$167,AL18,$D$18:$D$167,">21:00",$D$18:$D$167,"<=22:00") -> 0 | BI18: =COUNTIFS($H$18:$H$167,AL18,$D$18:$D$167,">22:00",$D$18:$D$167,"<=23:00") -> 0 | BJ18: =COUNTIFS($H$18:$H$167,AL18,$D$18:$D$167,">23:00") -> 0 | BK18: =SUM(AM18:BJ18) -> 3
A19: 2 | B19: PK-RSO | C19: =IF(B19>1,VLOOKUP(B19,DB!$D$4:$E$800,2,0),"") -> CT 650 | D19: - | E19: FALSE | G19: FALSE | H19: NSA02 | I19: =IF(K19>1,VLOOKUP(K19,DB!$A$4:$B$500,2,0),"") | J19: =IF(L19>1,VLOOKUP(L19,DB!$A$4:$B$500,2,0),"") | M19: =IF(B19>1,VLOOKUP(B19,DB!$D$4:$F$800,3,0),"") -> ENGGANG | N19: UNSERVICEABLE | O19: =IF(ISBLANK(F19),"RON","") -> RON | Q19: =IF(R19="RON",H19,"") -> NSA02 | R19: =IF(O19="RON",O19,"") -> RON | S19: =IF(R19="RON",C19,"") -> CT 650 | T19: =IF(R19="RON",B19,"") -> PK-RSO | U19: =IF(R19="RON",M19,"") -> ENGGANG | V19: A2 | W19: =IFERROR(INDEX($Q$18:$U$167,MATCH(V19,$Q$18:$Q$167,0),MATCH(4,$Q$17:$U$17,0)),"") -> PK-LAW | X19: =IFERROR(INDEX($Q$18:$U$167,MATCH(V19,$Q$18:$Q$167,0),MATCH(3,$Q$17:$U$17,0)),"") -> A 320 | Y19: =IFERROR(INDEX($Q$18:$U$167,MATCH(V19,$Q$18:$Q$167,0),MATCH(5,$Q$17:$U$17,0)),"") -> BATIK AIR | Z19: TRUE | AD19: =IF(D19="","-",D19) -> - | AE19: =IF(F19="","-",F19) -> - | AF19: 0.084027778 | AG19: 0.125 | AH19: =COUNTIFS($AD$18:$AD$167,">02:00",$AD$18:$AD$167,"<=03:00") -> 0 | AI19: =COUNTIFS($AE$18:$AE$167,">02:00",$AE$18:$AE$167,"<=03:00") -> 0 | AJ19: =AI19+AH19 -> 0 | AL19: A2 | AM19: =COUNTIFS($H$18:$H$167,AL19,$D$18:$D$167,"<=01:00") -> 0 | AN19: =COUNTIFS($H$18:$H$167,AL19,$D$18:$D$167,">01:00",$D$18:$D$167,"<=02:00") -> 0 | AO19: =COUNTIFS($H$18:$H$167,AL19,$D$18:$D$167,">02:00",$D$18:$D$167,"<=03:00") -> 0 | AP19: =COUNTIFS($H$18:$H$167,AL19,$D$18:$D$167,">03:00",$D$18:$D$167,"<=04:00") -> 0 | AQ19: =COUNTIFS($H$18:$H$167,AL19,$D$18:$D$167,">04:00",$D$18:$D$167,"<=05:00") -> 0 | AR19: =COUNTIFS($H$18:$H$167,AL19,$D$18:$D$167,">05:00",$D$18:$D$167,"<=06:00") -> 0 | AS19: =COUNTIFS($H$18:$H$167,AL19,$D$18:$D$167,">06:00",$D$18:$D$167,"<=07:00") -> 0 | AT19: =COUNTIFS($H$18:$H$167,AL19,$D$18:$D$167,">07:00",$D$18:$D$167,"<=08:00") -> 1 | AU19: =COUNTIFS($H$18:$H$167,AL19,$D$18:$D$167,">08:00",$D$18:$D$167,"<=09:00") -> 0 | AV19: =COUNTIFS($H$18:$H$167,AL19,$D$18:$D$167,">09:00",$D$18:$D$167,"<=10:00") -> 0 | AW19: =COUNTIFS($H$18:$H$167,AL19,$D$18:$D$167,">10:00",$D$18:$D$167,"<=11:00") -> 1 | AX19: =COUNTIFS($H$18:$H$167,AL19,$D$18:$D$167,">11:00",$D$18:$D$167,"<=12:00") -> 0 | AY19: =COUNTIFS($H$18:$H$167,AL19,$D$18:$D$167,">12:00",$D$18:$D$167,"<=13:00") -> 0 | AZ19: =COUNTIFS($H$18:$H$167,AL19,$D$18:$D$167,">13:00",$D$18:$D$167,"<=14:00") -> 1 | BA19: =COUNTIFS($H$18:$H$167,AL19,$D$18:$D$167,">14:00",$D$18:$D$167,"<=15:00") -> 0 | BB19: =COUNTIFS($H$18:$H$167,AL19,$D$18:$D$167,">15:00",$D$18:$D$167,"<=16:00") -> 1 | BC19: =COUNTIFS($H$18:$H$167,AL19,$D$18:$D$167,">16:00",$D$18:$D$167,"<=17:00") -> 1 | BD19: =COUNTIFS($H$18:$H$167,AL19,$D$18:$D$167,">17:00",$D$18:$D$167,"<=18:00") -> 0 | BE19: =COUNTIFS($H$18:$H$167,AL19,$D$18:$D$167,">18:00",$D$18:$D$167,"<=19:00") -> 1 | BF19: =COUNTIFS($H$18:$H$167,AL19,$D$18:$D$167,">19:00",$D$18:$D$167,"<=20:00") -> 0 | BG19: =COUNTIFS($H$18:$H$167,AL19,$D$18:$D$167,">20:00",$D$18:$D$167,"<=21:00") -> 0 | BH19: =COUNTIFS($H$18:$H$167,AL19,$D$18:$D$167,">21:00",$D$18:$D$167,"<=22:00") -> 0 | BI19: =COUNTIFS($H$18:$H$167,AL19,$D$18:$D$167,">22:00",$D$18:$D$167,"<=23:00") -> 1 | BJ19: =COUNTIFS($H$18:$H$167,AL19,$D$18:$D$167,">23:00") -> 0 | BK19: =SUM(AM19:BJ19) -> 7
A20: 3 | B20: PK-DGC | C20: =IF(B20>1,VLOOKUP(B20,DB!$D$4:$E$800,2,0),"") -> BAE ATP | D20: - | E20: FALSE | G20: FALSE | H20: NSA03 | I20: =IF(K20>1,VLOOKUP(K20,DB!$A$4:$B$500,2,0),"") | J20: =IF(L20>1,VLOOKUP(L20,DB!$A$4:$B$500,2,0),"") | M20: =IF(B20>1,VLOOKUP(B20,DB!$D$4:$F$800,3,0),"") -> DERAYA | N20: UNSERVICEABLE | O20: =IF(ISBLANK(F20),"RON","") -> RON | Q20: =IF(R20="RON",H20,"") -> NSA03 | R20: =IF(O20="RON",O20,"") -> RON | S20: =IF(R20="RON",C20,"") -> BAE ATP | T20: =IF(R20="RON",B20,"") -> PK-DGC | U20: =IF(R20="RON",M20,"") -> DERAYA | V20: A3 | W20: =IFERROR(INDEX($Q$18:$U$167,MATCH(V20,$Q$18:$Q$167,0),MATCH(4,$Q$17:$U$17,0)),"") -> PK-GJT | X20: =IFERROR(INDEX($Q$18:$U$167,MATCH(V20,$Q$18:$Q$167,0),MATCH(3,$Q$17:$U$17,0)),"") -> ATR 72 | Y20: =IFERROR(INDEX($Q$18:$U$167,MATCH(V20,$Q$18:$Q$167,0),MATCH(5,$Q$17:$U$17,0)),"") -> CITILINK | Z20: TRUE | AD20: =IF(D20="","-",D20) -> - | AE20: =IF(F20="","-",F20) -> - | AF20: 0.12569444 | AG20: 0.16666667 | AH20: =COUNTIFS($AD$18:$AD$167,">03:00",$AD$18:$AD$167,"<=04:00") -> 0 | AI20: =COUNTIFS($AE$18:$AE$167,">03:00",$AE$18:$AE$167,"<=04:00") -> 0 | AJ20: =AI20+AH20 -> 0 | AL20: A3 | AM20: =COUNTIFS($H$18:$H$167,AL20,$D$18:$D$167,"<=01:00") -> 0 | AN20: =COUNTIFS($H$18:$H$167,AL20,$D$18:$D$167,">01:00",$D$18:$D$167,"<=02:00") -> 0 | AO20: =COUNTIFS($H$18:$H$167,AL20,$D$18:$D$167,">02:00",$D$18:$D$167,"<=03:00") -> 0 | AP20: =COUNTIFS($H$18:$H$167,AL20,$D$18:$D$167,">03:00",$D$18:$D$167,"<=04:00") -> 0 | AQ20: =COUNTIFS($H$18:$H$167,AL20,$D$18:$D$167,">04:00",$D$18:$D$167,"<=05:00") -> 0 | AR20: =COUNTIFS($H$18:$H$167,AL20,$D$18:$D$167,">05:00",$D$18:$D$167,"<=06:00") -> 0 | AS20: =COUNTIFS($H$18:$H$167,AL20,$D$18:$D$167,">06:00",$D$18:$D$167,"<=07:00") -> 0 | AT20: =COUNTIFS($H$18:$H$167,AL20,$D$18:$D$167,">07:00",$D$18:$D$167,"<=08:00") -> 0 | AU20: =COUNTIFS($H$18:$H$167,AL20,$D$18:$D$167,">08:00",$D$18:$D$167,"<=09:00") -> 0 | AV20: =COUNTIFS($H$18:$H$167,AL20,$D$18:$D$167,">09:00",$D$18:$D$167,"<=10:00") -> 0 | AW20: =COUNTIFS($H$18:$H$167,AL20,$D$18:$D$167,">10:00",$D$18:$D$167,"<=11:00") -> 1 | AX20: =COUNTIFS($H$18:$H$167,AL20,$D$18:$D$167,">11:00",$D$18:$D$167,"<=12:00") -> 0 | AY20: =COUNTIFS($H$18:$H$167,AL20,$D$18:$D$167,">12:00",$D$18:$D$167,"<=13:00") -> 1 | AZ20: =COUNTIFS($H$18:$H$167,AL20,$D$18:$D$167,">13:00",$D$18:$D$167,"<=14:00") -> 0 | BA20: =COUNTIFS($H$18:$H$167,AL20,$D$18:$D$167,">14:00",$D$18:$D$167,"<=15:00") -> 1 | BB20: =COUNTIFS($H$18:$H$167,AL20,$D$18:$D$167,">15:00",$D$18:$D$167,"<=16:00") -> 0 | BC20: =COUNTIFS($H$18:$H$167,AL20,$D$18:$D$167,">16:00",$D$18:$D$167,"<=17:00") -> 1 | BD20: =COUNTIFS($H$18:$H$167,AL20,$D$18:$D$167,">17:00",$D$18:$D$167,"<=18:00") -> 0 | BE20: =COUNTIFS($H$18:$H$167,AL20,$D$18:$D$167,">18:00",$D$18:$D$167,"<=19:00") -> 0 | BF20: =COUNTIFS($H$18:$H$167,AL20,$D$18:$D$167,">19:00",$D$18:$D$167,"<=20:00") -> 0 | BG20: =COUNTIFS($H$18:$H$167,AL20,$D$18:$D$167,">20:00",$D$18:$D$167,"<=21:00") -> 0 | BH20: =COUNTIFS($H$18:$H$167,AL20,$D$18:$D$167,">21:00",$D$18:$D$167,"<=22:00") -> 0 | BI20: =COUNTIFS($H$18:$H$167,AL20,$D$18:$D$167,">22:00",$D$18:$D$167,"<=23:00") -> 0 | BJ20: =COUNTIFS($H$18:$H$167,AL20,$D$18:$D$167,">23:00") -> 0 | BK20: =SUM(AM20:BJ20) -> 4
A21: 4 | B21: PK-RDA | C21: =IF(B21>1,VLOOKUP(B21,DB!$D$4:$E$800,2,0),"") -> HK 900 | D21: - | E21: FALSE | G21: FALSE | H21: NSA04 | I21: =IF(K21>1,VLOOKUP(K21,DB!$A$4:$B$500,2,0),"") | J21: =IF(L21>1,VLOOKUP(L21,DB!$A$4:$B$500,2,0),"") | M21: =IF(B21>1,VLOOKUP(B21,DB!$D$4:$F$800,3,0),"") -> TRI MG | N21: UNSERVICEABLE | O21: =IF(ISBLANK(F21),"RON","") -> RON | Q21: =IF(R21="RON",H21,"") -> NSA04 | R21: =IF(O21="RON",O21,"") -> RON | S21: =IF(R21="RON",C21,"") -> HK 900 | T21: =IF(R21="RON",B21,"") -> PK-RDA | U21: =IF(R21="RON",M21,"") -> TRI MG | V21: B1 | W21: =IFERROR(INDEX($Q$18:$U$167,MATCH(V21,$Q$18:$Q$167,0),MATCH(4,$Q$17:$U$17,0)),"") -> PK-GTD | X21: =IFERROR(INDEX($Q$18:$U$167,MATCH(V21,$Q$18:$Q$167,0),MATCH(3,$Q$17:$U$17,0)),"") -> A 320 | Y21: =IFERROR(INDEX($Q$18:$U$167,MATCH(V21,$Q$18:$Q$167,0),MATCH(5,$Q$17:$U$17,0)),"") -> CITILINK | Z21: TRUE | AD21: =IF(D21="","-",D21) -> - | AE21: =IF(F21="","-",F21) -> - | AF21: 0.16736111 | AG21: 0.20833333 | AH21: =COUNTIFS($AD$18:$AD$167,">04:00",$AD$18:$AD$167,"<=05:00") -> 0 | AI21: =COUNTIFS($AE$18:$AE$167,">04:00",$AE$18:$AE$167,"<=05:00") -> 0 | AJ21: =AI21+AH21 -> 0 | AL21: B1 | AM21: =COUNTIFS($H$18:$H$167,AL21,$D$18:$D$167,"<=01:00") -> 0 | AN21: =COUNTIFS($H$18:$H$167,AL21,$D$18:$D$167,">01:00",$D$18:$D$167,"<=02:00") -> 0 | AO21: =COUNTIFS($H$18:$H$167,AL21,$D$18:$D$167,">02:00",$D$18:$D$167,"<=03:00") -> 0 | AP21: =COUNTIFS($H$18:$H$167,AL21,$D$18:$D$167,">03:00",$D$18:$D$167,"<=04:00") -> 0 | AQ21: =COUNTIFS($H$18:$H$167,AL21,$D$18:$D$167,">04:00",$D$18:$D$167,"<=05:00") -> 0 | AR21: =COUNTIFS($H$18:$H$167,AL21,$D$18:$D$167,">05:00",$D$18:$D$167,"<=06:00") -> 0 | AS21: =COUNTIFS($H$18:$H$167,AL21,$D$18:$D$167,">06:00",$D$18:$D$167,"<=07:00") -> 0 | AT21: =COUNTIFS($H$18:$H$167,AL21,$D$18:$D$167,">07:00",$D$18:$D$167,"<=08:00") -> 0 | AU21: =COUNTIFS($H$18:$H$167,AL21,$D$18:$D$167,">08:00",$D$18:$D$167,"<=09:00") -> 0 | AV21: =COUNTIFS($H$18:$H$167,AL21,$D$18:$D$167,">09:00",$D$18:$D$167,"<=10:00") -> 1 | AW21: =COUNTIFS($H$18:$H$167,AL21,$D$18:$D$167,">10:00",$D$18:$D$167,"<=11:00") -> 0 | AX21: =COUNTIFS($H$18:$H$167,AL21,$D$18:$D$167,">11:00",$D$18:$D$167,"<=12:00") -> 1 | AY21: =COUNTIFS($H$18:$H$167,AL21,$D$18:$D$167,">12:00",$D$18:$D$167,"<=13:00") -> 0 | AZ21: =COUNTIFS($H$18:$H$167,AL21,$D$18:$D$167,">13:00",$D$18:$D$167,"<=14:00") -> 1 | BA21: =COUNTIFS($H$18:$H$167,AL21,$D$18:$D$167,">14:00",$D$18:$D$167,"<=15:00") -> 0 | BB21: =COUNTIFS($H$18:$H$167,AL21,$D$18:$D$167,">15:00",$D$18:$D$167,"<=16:00") -> 1 | BC21: =COUNTIFS($H$18:$H$167,AL21,$D$18:$D$167,">16:00",$D$18:$D$167,"<=17:00") -> 0 | BD21: =COUNTIFS($H$18:$H$167,AL21,$D$18:$D$167,">17:00",$D$18:$D$167,"<=18:00") -> 0 | BE21: =COUNTIFS($H$18:$H$167,AL21,$D$18:$D$167,">18:00",$D$18:$D$167,"<=19:00") -> 0 | BF21: =COUNTIFS($H$18:$H$167,AL21,$D$18:$D$167,">19:00",$D$18:$D$167,"<=20:00") -> 0 | BG21: =COUNTIFS($H$18:$H$167,AL21,$D$18:$D$167,">20:00",$D$18:$D$167,"<=21:00") -> 0 | BH21: =COUNTIFS($H$18:$H$167,AL21,$D$18:$D$167,">21:00",$D$18:$D$167,"<=22:00") -> 1 | BI21: =COUNTIFS($H$18:$H$167,AL21,$D$18:$D$167,">22:00",$D$18:$D$167,"<=23:00") -> 0 | BJ21: =COUNTIFS($H$18:$H$167,AL21,$D$18:$D$167,">23:00") -> 0 | BK21: =SUM(AM21:BJ21) -> 5
A22: 5 | B22: PK-YGK | C22: =IF(B22>1,VLOOKUP(B22,DB!$D$4:$E$800,2,0),"") -> HK 400 | D22: - | E22: FALSE | G22: FALSE | H22: NSA05 | I22: =IF(K22>1,VLOOKUP(K22,DB!$A$4:$B$500,2,0),"") | J22: =IF(L22>1,VLOOKUP(L22,DB!$A$4:$B$500,2,0),"") | M22: =IF(B22>1,VLOOKUP(B22,DB!$D$4:$F$800,3,0),"") -> TRI MG | N22: UNSERVICEABLE | O22: =IF(ISBLANK(F22),"RON","") -> RON | Q22: =IF(R22="RON",H22,"") -> NSA05 | R22: =IF(O22="RON",O22,"") -> RON | S22: =IF(R22="RON",C22,"") -> HK 400 | T22: =IF(R22="RON",B22,"") -> PK-YGK | U22: =IF(R22="RON",M22,"") -> TRI MG | V22: B2 | W22: =IFERROR(INDEX($Q$18:$U$167,MATCH(V22,$Q$18:$Q$167,0),MATCH(4,$Q$17:$U$17,0)),"") -> PK-GNG | X22: =IFERROR(INDEX($Q$18:$U$167,MATCH(V22,$Q$18:$Q$167,0),MATCH(3,$Q$17:$U$17,0)),"") -> B 738 | Y22: =IFERROR(INDEX($Q$18:$U$167,MATCH(V22,$Q$18:$Q$167,0),MATCH(5,$Q$17:$U$17,0)),"") -> GARUDA | Z22: TRUE | AD22: =IF(D22="","-",D22) -> - | AE22: =IF(F22="","-",F22) -> - | AF22: 0.20902778 | AG22: 0.25 | AH22: =COUNTIFS($AD$18:$AD$167,">05:00",$AD$18:$AD$167,"<=06:00") -> 3 | AI22: =COUNTIFS($AE$18:$AE$167,">05:00",$AE$18:$AE$167,"<=06:00") -> 5 | AJ22: =AI22+AH22 -> 8 | AL22: B2 | AM22: =COUNTIFS($H$18:$H$167,AL22,$D$18:$D$167,"<=01:00") -> 0 | AN22: =COUNTIFS($H$18:$H$167,AL22,$D$18:$D$167,">01:00",$D$18:$D$167,"<=02:00") -> 0 | AO22: =COUNTIFS($H$18:$H$167,AL22,$D$18:$D$167,">02:00",$D$18:$D$167,"<=03:00") -> 0 | AP22: =COUNTIFS($H$18:$H$167,AL22,$D$18:$D$167,">03:00",$D$18:$D$167,"<=04:00") -> 0 | AQ22: =COUNTIFS($H$18:$H$167,AL22,$D$18:$D$167,">04:00",$D$18:$D$167,"<=05:00") -> 0 | AR22: =COUNTIFS($H$18:$H$167,AL22,$D$18:$D$167,">05:00",$D$18:$D$167,"<=06:00") -> 0 | AS22: =COUNTIFS($H$18:$H$167,AL22,$D$18:$D$167,">06:00",$D$18:$D$167,"<=07:00") -> 0 | AT22: =COUNTIFS($H$18:$H$167,AL22,$D$18:$D$167,">07:00",$D$18:$D$167,"<=08:00") -> 0 | AU22: =COUNTIFS($H$18:$H$167,AL22,$D$18:$D$167,">08:00",$D$18:$D$167,"<=09:00") -> 0 | AV22: =COUNTIFS($H$18:$H$167,AL22,$D$18:$D$167,">09:00",$D$18:$D$167,"<=10:00") -> 1 | AW22: =COUNTIFS($H$18:$H$167,AL22,$D$18:$D$167,">10:00",$D$18:$D$167,"<=11:00") -> 0 | AX22: =COUNTIFS($H$18:$H$167,AL22,$D$18:$D$167,">11:00",$D$18:$D$167,"<=12:00") -> 1 | AY22: =COUNTIFS($H$18:$H$167,AL22,$D$18:$D$167,">12:00",$D$18:$D$167,"<=13:00") -> 0 | AZ22: =COUNTIFS($H$18:$H$167,AL22,$D$18:$D$167,">13:00",$D$18:$D$167,"<=14:00") -> 1 | BA22: =COUNTIFS($H$18:$H$167,AL22,$D$18:$D$167,">14:00",$D$18:$D$167,"<=15:00") -> 0 | BB22: =COUNTIFS($H$18:$H$167,AL22,$D$18:$D$167,">15:00",$D$18:$D$167,"<=16:00") -> 0 | BC22: =COUNTIFS($H$18:$H$167,AL22,$D$18:$D$167,">16:00",$D$18:$D$167,"<=17:00") -> 1 | BD22: =COUNTIFS($H$18:$H$167,AL22,$D$18:$D$167,">17:00",$D$18:$D$167,"<=18:00") -> 0 | BE22: =COUNTIFS($H$18:$H$167,AL22,$D$18:$D$167,">18:00",$D$18:$D$167,"<=19:00") -> 1 | BF22: =COUNTIFS($H$18:$H$167,AL22,$D$18:$D$167,">19:00",$D$18:$D$167,"<=20:00") -> 1 | BG22: =COUNTIFS($H$18:$H$167,AL22,$D$18:$D$167,">20:00",$D$18:$D$167,"<=21:00") -> 0 | BH22: =COUNTIFS($H$18:$H$167,AL22,$D$18:$D$167,">21:00",$D$18:$D$167,"<=22:00") -> 0 | BI22: =COUNTIFS($H$18:$H$167,AL22,$D$18:$D$167,">22:00",$D$18:$D$167,"<=23:00") -> 0 | BJ22: =COUNTIFS($H$18:$H$167,AL22,$D$18:$D$167,">23:00") -> 0 | BK22: =SUM(AM22:BJ22) -> 6
A23: 6 | B23: N-484BA | C23: =IF(B23>1,VLOOKUP(B23,DB!$D$4:$E$800,2,0),"") -> LJ 31 | D23: - | E23: FALSE | G23: FALSE | H23: NSA06 | I23: =IF(K23>1,VLOOKUP(K23,DB!$A$4:$B$500,2,0),"") | J23: =IF(L23>1,VLOOKUP(L23,DB!$A$4:$B$500,2,0),"") | M23: =IF(B23>1,VLOOKUP(B23,DB!$D$4:$F$800,3,0),"") -> IAP | N23: UNSERVICEABLE | O23: =IF(ISBLANK(F23),"RON","") -> RON | Q23: =IF(R23="RON",H23,"") -> NSA06 | R23: =IF(O23="RON",O23,"") -> RON | S23: =IF(R23="RON",C23,"") -> LJ 31 | T23: =IF(R23="RON",B23,"") -> N-484BA | U23: =IF(R23="RON",M23,"") -> IAP | V23: B3 | W23: =IFERROR(INDEX($Q$18:$U$167,MATCH(V23,$Q$18:$Q$167,0),MATCH(4,$Q$17:$U$17,0)),"") | X23: =IFERROR(INDEX($Q$18:$U$167,MATCH(V23,$Q$18:$Q$167,0),MATCH(3,$Q$17:$U$17,0)),"") | Y23: =IFERROR(INDEX($Q$18:$U$167,MATCH(V23,$Q$18:$Q$167,0),MATCH(5,$Q$17:$U$17,0)),"") | Z23: FALSE | AD23: =IF(D23="","-",D23) -> - | AE23: =IF(F23="","-",F23) -> - | AF23: 0.25069444 | AG23: 0.29166667 | AH23: =COUNTIFS($AD$18:$AD$167,">06:00",$AD$18:$AD$167,"<=07:00") -> 1 | AI23: =COUNTIFS($AE$18:$AE$167,">06:00",$AE$18:$AE$167,"<=07:00") -> 5 | AJ23: =AI23+AH23 -> 6 | AL23: B3 | AM23: =COUNTIFS($H$18:$H$167,AL23,$D$18:$D$167,"<=01:00") -> 0 | AN23: =COUNTIFS($H$18:$H$167,AL23,$D$18:$D$167,">01:00",$D$18:$D$167,"<=02:00") -> 0 | AO23: =COUNTIFS($H$18:$H$167,AL23,$D$18:$D$167,">02:00",$D$18:$D$167,"<=03:00") -> 0 | AP23: =COUNTIFS($H$18:$H$167,AL23,$D$18:$D$167,">03:00",$D$18:$D$167,"<=04:00") -> 0 | AQ23: =COUNTIFS($H$18:$H$167,AL23,$D$18:$D$167,">04:00",$D$18:$D$167,"<=05:00") -> 0 | AR23: =COUNTIFS($H$18:$H$167,AL23,$D$18:$D$167,">05:00",$D$18:$D$167,"<=06:00") -> 0 | AS23: =COUNTIFS($H$18:$H$167,AL23,$D$18:$D$167,">06:00",$D$18:$D$167,"<=07:00") -> 0 | AT23: =COUNTIFS($H$18:$H$167,AL23,$D$18:$D$167,">07:00",$D$18:$D$167,"<=08:00") -> 1 | AU23: =COUNTIFS($H$18:$H$167,AL23,$D$18:$D$167,">08:00",$D$18:$D$167,"<=09:00") -> 0 | AV23: =COUNTIFS($H$18:$H$167,AL23,$D$18:$D$167,">09:00",$D$18:$D$167,"<=10:00") -> 0 | AW23: =COUNTIFS($H$18:$H$167,AL23,$D$18:$D$167,">10:00",$D$18:$D$167,"<=11:00") -> 1 | AX23: =COUNTIFS($H$18:$H$167,AL23,$D$18:$D$167,">11:00",$D$18:$D$167,"<=12:00") -> 0 | AY23: =COUNTIFS($H$18:$H$167,AL23,$D$18:$D$167,">12:00",$D$18:$D$167,"<=13:00") -> 1 | AZ23: =COUNTIFS($H$18:$H$167,AL23,$D$18:$D$167,">13:00",$D$18:$D$167,"<=14:00") -> 0 | BA23: =COUNTIFS($H$18:$H$167,AL23,$D$18:$D$167,">14:00",$D$18:$D$167,"<=15:00") -> 0 | BB23: =COUNTIFS($H$18:$H$167,AL23,$D$18:$D$167,">15:00",$D$18:$D$167,"<=16:00") -> 0 | BC23: =COUNTIFS($H$18:$H$167,AL23,$D$18:$D$167,">16:00",$D$18:$D$167,"<=17:00") -> 1 | BD23: =COUNTIFS($H$18:$H$167,AL23,$D$18:$D$167,">17:00",$D$18:$D$167,"<=18:00") -> 0 | BE23: =COUNTIFS($H$18:$H$167,AL23,$D$18:$D$167,">18:00",$D$18:$D$167,"<=19:00") -> 0 | BF23: =COUNTIFS($H$18:$H$167,AL23,$D$18:$D$167,">19:00",$D$18:$D$167,"<=20:00") -> 1 | BG23: =COUNTIFS($H$18:$H$167,AL23,$D$18:$D$167,">20:00",$D$18:$D$167,"<=21:00") -> 0 | BH23: =COUNTIFS($H$18:$H$167,AL23,$D$18:$D$167,">21:00",$D$18:$D$167,"<=22:00") -> 0 | BI23: =COUNTIFS($H$18:$H$167,AL23,$D$18:$D$167,">22:00",$D$18:$D$167,"<=23:00") -> 0 | BJ23: =COUNTIFS($H$18:$H$167,AL23,$D$18:$D$167,">23:00") -> 0 | BK23: =SUM(AM23:BJ23) -> 5
A24: 7 | B24: N-2409K | C24: =IF(B24>1,VLOOKUP(B24,DB!$D$4:$E$800,2,0),"") -> HK 800 | D24: - | E24: FALSE | G24: FALSE | H24: NSA07 | I24: =IF(K24>1,VLOOKUP(K24,DB!$A$4:$B$500,2,0),"") | J24: =IF(L24>1,VLOOKUP(L24,DB!$A$4:$B$500,2,0),"") | M24: TAS | O24: =IF(ISBLANK(F24),"RON","") -> RON | Q24: =IF(R24="RON",H24,"") -> NSA07 | R24: =IF(O24="RON",O24,"") -> RON | S24: =IF(R24="RON",C24,"") -> HK 800 | T24: =IF(R24="RON",B24,"") -> N-2409K | U24: =IF(R24="RON",M24,"") -> TAS | V24: B4 | W24: =IFERROR(INDEX($Q$18:$U$167,MATCH(V24,$Q$18:$Q$167,0),MATCH(4,$Q$17:$U$17,0)),"") | X24: =IFERROR(INDEX($Q$18:$U$167,MATCH(V24,$Q$18:$Q$167,0),MATCH(3,$Q$17:$U$17,0)),"") | Y24: =IFERROR(INDEX($Q$18:$U$167,MATCH(V24,$Q$18:$Q$167,0),MATCH(5,$Q$17:$U$17,0)),"") | Z24: FALSE | AD24: =IF(D24="","-",D24) -> - | AE24: =IF(F24="","-",F24) -> - | AF24: 0.29236111 | AG24: 0.33333333 | AH24: =COUNTIFS($AD$18:$AD$167,">07:00",$AD$18:$AD$167,"<=08:00") -> 3 | AI24: =COUNTIFS($AE$18:$AE$167,">07:00",$AE$18:$AE$167,"<=08:00") -> 1 | AJ24: =AI24+AH24 -> 4 | AL24: B4 | AM24: =COUNTIFS($H$18:$H$167,AL24,$D$18:$D$167,"<=01:00") -> 0 | AN24: =COUNTIFS($H$18:$H$167,AL24,$D$18:$D$167,">01:00",$D$18:$D$167,"<=02:00") -> 0 | AO24: =COUNTIFS($H$18:$H$167,AL24,$D$18:$D$167,">02:00",$D$18:$D$167,"<=03:00") -> 0 | AP24: =COUNTIFS($H$18:$H$167,AL24,$D$18:$D$167,">03:00",$D$18:$D$167,"<=04:00") -> 0 | AQ24: =COUNTIFS($H$18:$H$167,AL24,$D$18:$D$167,">04:00",$D$18:$D$167,"<=05:00") -> 0 | AR24: =COUNTIFS($H$18:$H$167,AL24,$D$18:$D$167,">05:00",$D$18:$D$167,"<=06:00") -> 0 | AS24: =COUNTIFS($H$18:$H$167,AL24,$D$18:$D$167,">06:00",$D$18:$D$167,"<=07:00") -> 0 | AT24: =COUNTIFS($H$18:$H$167,AL24,$D$18:$D$167,">07:00",$D$18:$D$167,"<=08:00") -> 0 | AU24: =COUNTIFS($H$18:$H$167,AL24,$D$18:$D$167,">08:00",$D$18:$D$167,"<=09:00") -> 1 | AV24: =COUNTIFS($H$18:$H$167,AL24,$D$18:$D$167,">09:00",$D$18:$D$167,"<=10:00") -> 0 | AW24: =COUNTIFS($H$18:$H$167,AL24,$D$18:$D$167,">10:00",$D$18:$D$167,"<=11:00") -> 0 | AX24: =COUNTIFS($H$18:$H$167,AL24,$D$18:$D$167,">11:00",$D$18:$D$167,"<=12:00") -> 0 | AY24: =COUNTIFS($H$18:$H$167,AL24,$D$18:$D$167,">12:00",$D$18:$D$167,"<=13:00") -> 0 | AZ24: =COUNTIFS($H$18:$H$167,AL24,$D$18:$D$167,">13:00",$D$18:$D$167,"<=14:00") -> 0 | BA24: =COUNTIFS($H$18:$H$167,AL24,$D$18:$D$167,">14:00",$D$18:$D$167,"<=15:00") -> 0 | BB24: =COUNTIFS($H$18:$H$167,AL24,$D$18:$D$167,">15:00",$D$18:$D$167,"<=16:00") -> 1 | BC24: =COUNTIFS($H$18:$H$167,AL24,$D$18:$D$167,">16:00",$D$18:$D$167,"<=17:00") -> 0 | BD24: =COUNTIFS($H$18:$H$167,AL24,$D$18:$D$167,">17:00",$D$18:$D$167,"<=18:00") -> 2 | BE24: =COUNTIFS($H$18:$H$167,AL24,$D$18:$D$167,">18:00",$D$18:$D$167,"<=19:00") -> 1 | BF24: =COUNTIFS($H$18:$H$167,AL24,$D$18:$D$167,">19:00",$D$18:$D$167,"<=20:00") -> 0 | BG24: =COUNTIFS($H$18:$H$167,AL24,$D$18:$D$167,">20:00",$D$18:$D$167,"<=21:00") -> 1 | BH24: =COUNTIFS($H$18:$H$167,AL24,$D$18:$D$167,">21:00",$D$18:$D$167,"<=22:00") -> 0 | BI24: =COUNTIFS($H$18:$H$167,AL24,$D$18:$D$167,">22:00",$D$18:$D$167,"<=23:00") -> 0 | BJ24: =COUNTIFS($H$18:$H$167,AL24,$D$18:$D$167,">23:00") -> 0 | BK24: =SUM(AM24:BJ24) -> 6
A25: 8 | B25: N-977JH | C25: =IF(B25>1,VLOOKUP(B25,DB!$D$4:$E$800,2,0),"") -> CT 680 | D25: - | E25: FALSE | F25: 0.43611111 | G25: TRUE | H25: NSA08 | I25: =IF(K25>1,VLOOKUP(K25,DB!$A$4:$B$500,2,0),"") -> EX RON | J25: B3 | K25: - | M25: =IF(B25>1,VLOOKUP(B25,DB!$D$4:$F$800,3,0),"") -> JIP | O25: =IF(ISBLANK(F25),"RON","") | Q25: =IF(R25="RON",H25,"") | R25: =IF(O25="RON",O25,"") | S25: =IF(R25="RON",C25,"") | T25: =IF(R25="RON",B25,"") | U25: =IF(R25="RON",M25,"") | V25: B5 | W25: =IFERROR(INDEX($Q$18:$U$167,MATCH(V25,$Q$18:$Q$167,0),MATCH(4,$Q$17:$U$17,0)),"") | X25: =IFERROR(INDEX($Q$18:$U$167,MATCH(V25,$Q$18:$Q$167,0),MATCH(3,$Q$17:$U$17,0)),"") | Y25: =IFERROR(INDEX($Q$18:$U$167,MATCH(V25,$Q$18:$Q$167,0),MATCH(5,$Q$17:$U$17,0)),"") | Z25: FALSE | AD25: =IF(D25="","-",D25) -> - | AE25: =IF(F25="","-",F25) -> 0.43611111 | AF25: 0.33402778 | AG25: 0.375 | AH25: =COUNTIFS($AD$18:$AD$167,">08:00",$AD$18:$AD$167,"<=09:00") -> 3 | AI25: =COUNTIFS($AE$18:$AE$167,">08:00",$AE$18:$AE$167,"<=09:00") -> 2 | AJ25: =AI25+AH25 -> 5 | AL25: B5 | AM25: =COUNTIFS($H$18:$H$167,AL25,$D$18:$D$167,"<=01:00") -> 0 | AN25: =COUNTIFS($H$18:$H$167,AL25,$D$18:$D$167,">01:00",$D$18:$D$167,"<=02:00") -> 0 | AO25: =COUNTIFS($H$18:$H$167,AL25,$D$18:$D$167,">02:00",$D$18:$D$167,"<=03:00") -> 0 | AP25: =COUNTIFS($H$18:$H$167,AL25,$D$18:$D$167,">03:00",$D$18:$D$167,"<=04:00") -> 0 | AQ25: =COUNTIFS($H$18:$H$167,AL25,$D$18:$D$167,">04:00",$D$18:$D$167,"<=05:00") -> 0 | AR25: =COUNTIFS($H$18:$H$167,AL25,$D$18:$D$167,">05:00",$D$18:$D$167,"<=06:00") -> 0 | AS25: =COUNTIFS($H$18:$H$167,AL25,$D$18:$D$167,">06:00",$D$18:$D$167,"<=07:00") -> 0 | AT25: =COUNTIFS($H$18:$H$167,AL25,$D$18:$D$167,">07:00",$D$18:$D$167,"<=08:00") -> 0 | AU25: =COUNTIFS($H$18:$H$167,AL25,$D$18:$D$167,">08:00",$D$18:$D$167,"<=09:00") -> 0 | AV25: =COUNTIFS($H$18:$H$167,AL25,$D$18:$D$167,">09:00",$D$18:$D$167,"<=10:00") -> 0 | AW25: =COUNTIFS($H$18:$H$167,AL25,$D$18:$D$167,">10:00",$D$18:$D$167,"<=11:00") -> 0 | AX25: =COUNTIFS($H$18:$H$167,AL25,$D$18:$D$167,">11:00",$D$18:$D$167,"<=12:00") -> 1 | AY25: =COUNTIFS($H$18:$H$167,AL25,$D$18:$D$167,">12:00",$D$18:$D$167,"<=13:00") -> 0 | AZ25: =COUNTIFS($H$18:$H$167,AL25,$D$18:$D$167,">13:00",$D$18:$D$167,"<=14:00") -> 0 | BA25: =COUNTIFS($H$18:$H$167,AL25,$D$18:$D$167,">14:00",$D$18:$D$167,"<=15:00") -> 0 | BB25: =COUNTIFS($H$18:$H$167,AL25,$D$18:$D$167,">15:00",$D$18:$D$167,"<=16:00") -> 0 | BC25: =COUNTIFS($H$18:$H$167,AL25,$D$18:$D$167,">16:00",$D$18:$D$167,"<=17:00") -> 0 | BD25: =COUNTIFS($H$18:$H$167,AL25,$D$18:$D$167,">17:00",$D$18:$D$167,"<=18:00") -> 0 | BE25: =COUNTIFS($H$18:$H$167,AL25,$D$18:$D$167,">18:00",$D$18:$D$167,"<=19:00") -> 0 | BF25: =COUNTIFS($H$18:$H$167,AL25,$D$18:$D$167,">19:00",$D$18:$D$167,"<=20:00") -> 0 | BG25: =COUNTIFS($H$18:$H$167,AL25,$D$18:$D$167,">20:00",$D$18:$D$167,"<=21:00") -> 0 | BH25: =COUNTIFS($H$18:$H$167,AL25,$D$18:$D$167,">21:00",$D$18:$D$167,"<=22:00") -> 0 | BI25: =COUNTIFS($H$18:$H$167,AL25,$D$18:$D$167,">22:00",$D$18:$D$167,"<=23:00") -> 1 | BJ25: =COUNTIFS($H$18:$H$167,AL25,$D$18:$D$167,">23:00") -> 0 | BK25: =SUM(AM25:BJ25) -> 2
A26: 9 | B26: PK-BVX | C26: =IF(B26>1,VLOOKUP(B26,DB!$D$4:$E$800,2,0),"") -> AVANTI | D26: - | E26: FALSE | G26: FALSE | H26: NSA09 | I26: =IF(K26>1,VLOOKUP(K26,DB!$A$4:$B$500,2,0),"") | J26: =IF(L26>1,VLOOKUP(L26,DB!$A$4:$B$500,2,0),"") | M26: =IF(B26>1,VLOOKUP(B26,DB!$D$4:$F$800,3,0),"") -> SUSI AIR | O26: =IF(ISBLANK(F26),"RON","") -> RON | Q26: =IF(R26="RON",H26,"") -> NSA09 | R26: =IF(O26="RON",O26,"") -> RON | S26: =IF(R26="RON",C26,"") -> AVANTI | T26: =IF(R26="RON",B26,"") -> PK-BVX | U26: =IF(R26="RON",M26,"") -> SUSI AIR | V26: B6 | W26: =IFERROR(INDEX($Q$18:$U$167,MATCH(V26,$Q$18:$Q$167,0),MATCH(4,$Q$17:$U$17,0)),"") -> PK-LAF | X26: =IFERROR(INDEX($Q$18:$U$167,MATCH(V26,$Q$18:$Q$167,0),MATCH(3,$Q$17:$U$17,0)),"") -> A 320 | Y26: =IFERROR(INDEX($Q$18:$U$167,MATCH(V26,$Q$18:$Q$167,0),MATCH(5,$Q$17:$U$17,0)),"") -> BATIK AIR | Z26: TRUE | AD26: =IF(D26="","-",D26) -> - | AE26: =IF(F26="","-",F26) -> - | AF26: 0.37569444 | AG26: 0.41666667 | AH26: =COUNTIFS($AD$18:$AD$167,">09:00",$AD$18:$AD$167,"<=10:00") -> 5 | AI26: =COUNTIFS($AE$18:$AE$167,">09:00",$AE$18:$AE$167,"<=10:00") -> 4 | AJ26: =AI26+AH26 -> 9 | AL26: B6 | AM26: =COUNTIFS($H$18:$H$167,AL26,$D$18:$D$167,"<=01:00") -> 0 | AN26: =COUNTIFS($H$18:$H$167,AL26,$D$18:$D$167,">01:00",$D$18:$D$167,"<=02:00") -> 0 | AO26: =COUNTIFS($H$18:$H$167,AL26,$D$18:$D$167,">02:00",$D$18:$D$167,"<=03:00") -> 0 | AP26: =COUNTIFS($H$18:$H$167,AL26,$D$18:$D$167,">03:00",$D$18:$D$167,"<=04:00") -> 0 | AQ26: =COUNTIFS($H$18:$H$167,AL26,$D$18:$D$167,">04:00",$D$18:$D$167,"<=05:00") -> 0 | AR26: =COUNTIFS($H$18:$H$167,AL26,$D$18:$D$167,">05:00",$D$18:$D$167,"<=06:00") -> 0 | AS26: =COUNTIFS($H$18:$H$167,AL26,$D$18:$D$167,">06:00",$D$18:$D$167,"<=07:00") -> 0 | AT26: =COUNTIFS($H$18:$H$167,AL26,$D$18:$D$167,">07:00",$D$18:$D$167,"<=08:00") -> 0 | AU26: =COUNTIFS($H$18:$H$167,AL26,$D$18:$D$167,">08:00",$D$18:$D$167,"<=09:00") -> 1 | AV26: =COUNTIFS($H$18:$H$167,AL26,$D$18:$D$167,">09:00",$D$18:$D$167,"<=10:00") -> 0 | AW26: =COUNTIFS($H$18:$H$167,AL26,$D$18:$D$167,">10:00",$D$18:$D$167,"<=11:00") -> 0 | AX26: =COUNTIFS($H$18:$H$167,AL26,$D$18:$D$167,">11:00",$D$18:$D$167,"<=12:00") -> 0 | AY26: =COUNTIFS($H$18:$H$167,AL26,$D$18:$D$167,">12:00",$D$18:$D$167,"<=13:00") -> 0 | AZ26: =COUNTIFS($H$18:$H$167,AL26,$D$18:$D$167,">13:00",$D$18:$D$167,"<=14:00") -> 1 | BA26: =COUNTIFS($H$18:$H$167,AL26,$D$18:$D$167,">14:00",$D$18:$D$167,"<=15:00") -> 0 | BB26: =COUNTIFS($H$18:$H$167,AL26,$D$18:$D$167,">15:00",$D$18:$D$167,"<=16:00") -> 1 | BC26: =COUNTIFS($H$18:$H$167,AL26,$D$18:$D$167,">16:00",$D$18:$D$167,"<=17:00") -> 0 | BD26: =COUNTIFS($H$18:$H$167,AL26,$D$18:$D$167,">17:00",$D$18:$D$167,"<=18:00") -> 0 | BE26: =COUNTIFS($H$18:$H$167,AL26,$D$18:$D$167,">18:00",$D$18:$D$167,"<=19:00") -> 0 | BF26: =COUNTIFS($H$18:$H$167,AL26,$D$18:$D$167,">19:00",$D$18:$D$167,"<=20:00") -> 0 | BG26: =COUNTIFS($H$18:$H$167,AL26,$D$18:$D$167,">20:00",$D$18:$D$167,"<=21:00") -> 1 | BH26: =COUNTIFS($H$18:$H$167,AL26,$D$18:$D$167,">21:00",$D$18:$D$167,"<=22:00") -> 0 | BI26: =COUNTIFS($H$18:$H$167,AL26,$D$18:$D$167,">22:00",$D$18:$D$167,"<=23:00") -> 0 | BJ26: =COUNTIFS($H$18:$H$167,AL26,$D$18:$D$167,">23:00") -> 0 | BK26: =SUM(AM26:BJ26) -> 4
A27: 10 | B27: N-38SV | C27: =IF(B27>1,VLOOKUP(B27,DB!$D$4:$E$800,2,0),"") -> LJ 60 | D27: - | E27: FALSE | G27: FALSE | H27: NSA10 | I27: =IF(K27>1,VLOOKUP(K27,DB!$A$4:$B$500,2,0),"") | J27: =IF(L27>1,VLOOKUP(L27,DB!$A$4:$B$500,2,0),"") | M27: BGS | O27: =IF(ISBLANK(F27),"RON","") -> RON | Q27: =IF(R27="RON",H27,"") -> NSA10 | R27: =IF(O27="RON",O27,"") -> RON | S27: =IF(R27="RON",C27,"") -> LJ 60 | T27: =IF(R27="RON",B27,"") -> N-38SV | U27: =IF(R27="RON",M27,"") -> BGS | V27: B7 | W27: =IFERROR(INDEX($Q$18:$U$167,MATCH(V27,$Q$18:$Q$167,0),MATCH(4,$Q$17:$U$17,0)),"") -> PK-LUO | X27: =IFERROR(INDEX($Q$18:$U$167,MATCH(V27,$Q$18:$Q$167,0),MATCH(3,$Q$17:$U$17,0)),"") -> A 320 | Y27: =IFERROR(INDEX($Q$18:$U$167,MATCH(V27,$Q$18:$Q$167,0),MATCH(5,$Q$17:$U$17,0)),"") -> BATIK AIR | Z27: TRUE | AD27: =IF(D27="","-",D27) -> - | AE27: =IF(F27="","-",F27) -> - | AF27: 0.41736111 | AG27: 0.45833333 | AH27: =COUNTIFS($AD$18:$AD$167,">10:00",$AD$18:$AD$167,"<=11:00") -> 3 | AI27: =COUNTIFS($AE$18:$AE$167,">10:00",$AE$18:$AE$167,"<=11:00") -> 7 | AJ27: =AI27+AH27 -> 10 | AL27: B7 | AM27: =COUNTIFS($H$18:$H$167,AL27,$D$18:$D$167,"<=01:00") -> 0 | AN27: =COUNTIFS($H$18:$H$167,AL27,$D$18:$D$167,">01:00",$D$18:$D$167,"<=02:00") -> 0 | AO27: =COUNTIFS($H$18:$H$167,AL27,$D$18:$D$167,">02:00",$D$18:$D$167,"<=03:00") -> 0 | AP27: =COUNTIFS($H$18:$H$167,AL27,$D$18:$D$167,">03:00",$D$18:$D$167,"<=04:00") -> 0 | AQ27: =COUNTIFS($H$18:$H$167,AL27,$D$18:$D$167,">04:00",$D$18:$D$167,"<=05:00") -> 0 | AR27: =COUNTIFS($H$18:$H$167,AL27,$D$18:$D$167,">05:00",$D$18:$D$167,"<=06:00") -> 0 | AS27: =COUNTIFS($H$18:$H$167,AL27,$D$18:$D$167,">06:00",$D$18:$D$167,"<=07:00") -> 0 | AT27: =COUNTIFS($H$18:$H$167,AL27,$D$18:$D$167,">07:00",$D$18:$D$167,"<=08:00") -> 1 | AU27: =COUNTIFS($H$18:$H$167,AL27,$D$18:$D$167,">08:00",$D$18:$D$167,"<=09:00") -> 0 | AV27: =COUNTIFS($H$18:$H$167,AL27,$D$18:$D$167,">09:00",$D$18:$D$167,"<=10:00") -> 0 | AW27: =COUNTIFS($H$18:$H$167,AL27,$D$18:$D$167,">10:00",$D$18:$D$167,"<=11:00") -> 0 | AX27: =COUNTIFS($H$18:$H$167,AL27,$D$18:$D$167,">11:00",$D$18:$D$167,"<=12:00") -> 0 | AY27: =COUNTIFS($H$18:$H$167,AL27,$D$18:$D$167,">12:00",$D$18:$D$167,"<=13:00") -> 0 | AZ27: =COUNTIFS($H$18:$H$167,AL27,$D$18:$D$167,">13:00",$D$18:$D$167,"<=14:00") -> 0 | BA27: =COUNTIFS($H$18:$H$167,AL27,$D$18:$D$167,">14:00",$D$18:$D$167,"<=15:00") -> 1 | BB27: =COUNTIFS($H$18:$H$167,AL27,$D$18:$D$167,">15:00",$D$18:$D$167,"<=16:00") -> 0 | BC27: =COUNTIFS($H$18:$H$167,AL27,$D$18:$D$167,">16:00",$D$18:$D$167,"<=17:00") -> 0 | BD27: =COUNTIFS($H$18:$H$167,AL27,$D$18:$D$167,">17:00",$D$18:$D$167,"<=18:00") -> 0 | BE27: =COUNTIFS($H$18:$H$167,AL27,$D$18:$D$167,">18:00",$D$18:$D$167,"<=19:00") -> 1 | BF27: =COUNTIFS($H$18:$H$167,AL27,$D$18:$D$167,">19:00",$D$18:$D$167,"<=20:00") -> 0 | BG27: =COUNTIFS($H$18:$H$167,AL27,$D$18:$D$167,">20:00",$D$18:$D$167,"<=21:00") -> 1 | BH27: =COUNTIFS($H$18:$H$167,AL27,$D$18:$D$167,">21:00",$D$18:$D$167,"<=22:00") -> 0 | BI27: =COUNTIFS($H$18:$H$167,AL27,$D$18:$D$167,">22:00",$D$18:$D$167,"<=23:00") -> 0 | BJ27: =COUNTIFS($H$18:$H$167,AL27,$D$18:$D$167,">23:00") -> 0 | BK27: =SUM(AM27:BJ27) -> 4
A28: 11 | B28: T7-TUN | C28: =IF(B28>1,VLOOKUP(B28,DB!$D$4:$E$800,2,0),"") -> HK 850 | D28: - | E28: FALSE | G28: FALSE | H28: NSA11 | I28: =IF(K28>1,VLOOKUP(K28,DB!$A$4:$B$500,2,0),"") | J28: =IF(L28>1,VLOOKUP(L28,DB!$A$4:$B$500,2,0),"") | M28: KARISMA | O28: =IF(ISBLANK(F28),"RON","") -> RON | Q28: =IF(R28="RON",H28,"") -> NSA11 | R28: =IF(O28="RON",O28,"") -> RON | S28: =IF(R28="RON",C28,"") -> HK 850 | T28: =IF(R28="RON",B28,"") -> T7-TUN | U28: =IF(R28="RON",M28,"") -> KARISMA | V28: B8 | W28: =IFERROR(INDEX($Q$18:$U$167,MATCH(V28,$Q$18:$Q$167,0),MATCH(4,$Q$17:$U$17,0)),"") | X28: =IFERROR(INDEX($Q$18:$U$167,MATCH(V28,$Q$18:$Q$167,0),MATCH(3,$Q$17:$U$17,0)),"") | Y28: =IFERROR(INDEX($Q$18:$U$167,MATCH(V28,$Q$18:$Q$167,0),MATCH(5,$Q$17:$U$17,0)),"") | Z28: FALSE | AA28: A | AD28: =IF(D28="","-",D28) -> - | AE28: =IF(F28="","-",F28) -> - | AF28: 0.45902778 | AG28: 0.5 | AH28: =COUNTIFS($AD$18:$AD$167,">11:00",$AD$18:$AD$167,"<=12:00") -> 5 | AI28: =COUNTIFS($AE$18:$AE$167,">11:00",$AE$18:$AE$167,"<=12:00") -> 3 | AJ28: =AI28+AH28 -> 8 | AL28: B8 | AM28: =COUNTIFS($H$18:$H$167,AL28,$D$18:$D$167,"<=01:00") -> 0 | AN28: =COUNTIFS($H$18:$H$167,AL28,$D$18:$D$167,">01:00",$D$18:$D$167,"<=02:00") -> 0 | AO28: =COUNTIFS($H$18:$H$167,AL28,$D$18:$D$167,">02:00",$D$18:$D$167,"<=03:00") -> 0 | AP28: =COUNTIFS($H$18:$H$167,AL28,$D$18:$D$167,">03:00",$D$18:$D$167,"<=04:00") -> 0 | AQ28: =COUNTIFS($H$18:$H$167,AL28,$D$18:$D$167,">04:00",$D$18:$D$167,"<=05:00") -> 0 | AR28: =COUNTIFS($H$18:$H$167,AL28,$D$18:$D$167,">05:00",$D$18:$D$167,"<=06:00") -> 0 | AS28: =COUNTIFS($H$18:$H$167,AL28,$D$18:$D$167,">06:00",$D$18:$D$167,"<=07:00") -> 1 | AT28: =COUNTIFS($H$18:$H$167,AL28,$D$18:$D$167,">07:00",$D$18:$D$167,"<=08:00") -> 0 | AU28: =COUNTIFS($H$18:$H$167,AL28,$D$18:$D$167,">08:00",$D$18:$D$167,"<=09:00") -> 0 | AV28: =COUNTIFS($H$18:$H$167,AL28,$D$18:$D$167,">09:00",$D$18:$D$167,"<=10:00") -> 0 | AW28: =COUNTIFS($H$18:$H$167,AL28,$D$18:$D$167,">10:00",$D$18:$D$167,"<=11:00") -> 0 | AX28: =COUNTIFS($H$18:$H$167,AL28,$D$18:$D$167,">11:00",$D$18:$D$167,"<=12:00") -> 0 | AY28: =COUNTIFS($H$18:$H$167,AL28,$D$18:$D$167,">12:00",$D$18:$D$167,"<=13:00") -> 0 | AZ28: =COUNTIFS($H$18:$H$167,AL28,$D$18:$D$167,">13:00",$D$18:$D$167,"<=14:00") -> 1 | BA28: =COUNTIFS($H$18:$H$167,AL28,$D$18:$D$167,">14:00",$D$18:$D$167,"<=15:00") -> 1 | BB28: =COUNTIFS($H$18:$H$167,AL28,$D$18:$D$167,">15:00",$D$18:$D$167,"<=16:00") -> 0 | BC28: =COUNTIFS($H$18:$H$167,AL28,$D$18:$D$167,">16:00",$D$18:$D$167,"<=17:00") -> 0 | BD28: =COUNTIFS($H$18:$H$167,AL28,$D$18:$D$167,">17:00",$D$18:$D$167,"<=18:00") -> 0 | BE28: =COUNTIFS($H$18:$H$167,AL28,$D$18:$D$167,">18:00",$D$18:$D$167,"<=19:00") -> 0 | BF28: =COUNTIFS($H$18:$H$167,AL28,$D$18:$D$167,">19:00",$D$18:$D$167,"<=20:00") -> 1 | BG28: =COUNTIFS($H$18:$H$167,AL28,$D$18:$D$167,">20:00",$D$18:$D$167,"<=21:00") -> 0 | BH28: =COUNTIFS($H$18:$H$167,AL28,$D$18:$D$167,">21:00",$D$18:$D$167,"<=22:00") -> 0 | BI28: =COUNTIFS($H$18:$H$167,AL28,$D$18:$D$167,">22:00",$D$18:$D$167,"<=23:00") -> 0 | BJ28: =COUNTIFS($H$18:$H$167,AL28,$D$18:$D$167,">23:00") -> 0 | BK28: =SUM(AM28:BJ28) -> 4
A29: 12 | B29: PK-RJH | C29: =IF(B29>1,VLOOKUP(B29,DB!$D$4:$E$800,2,0),"") -> EC 135 | D29: - | E29: FALSE | G29: FALSE | H29: SA01 | I29: =IF(K29>1,VLOOKUP(K29,DB!$A$4:$B$500,2,0),"") | J29: =IF(L29>1,VLOOKUP(L29,DB!$A$4:$B$500,2,0),"") | M29: PREMI | O29: =IF(ISBLANK(F29),"RON","") -> RON | Q29: =IF(R29="RON",H29,"") -> SA01 | R29: =IF(O29="RON",O29,"") -> RON | S29: =IF(R29="RON",C29,"") -> EC 135 | T29: =IF(R29="RON",B29,"") -> PK-RJH | U29: =IF(R29="RON",M29,"") -> PREMI | V29: B9 | W29: =IFERROR(INDEX($Q$18:$U$167,MATCH(V29,$Q$18:$Q$167,0),MATCH(4,$Q$17:$U$17,0)),"") -> PK-GQI | X29: =IFERROR(INDEX($Q$18:$U$167,MATCH(V29,$Q$18:$Q$167,0),MATCH(3,$Q$17:$U$17,0)),"") -> A 320 | Y29: =IFERROR(INDEX($Q$18:$U$167,MATCH(V29,$Q$18:$Q$167,0),MATCH(5,$Q$17:$U$17,0)),"") -> CITILINK | Z29: TRUE | AD29: =IF(D29="","-",D29) -> - | AE29: =IF(F29="","-",F29) -> - | AF29: 0.50069444 | AG29: 0.54166667 | AH29: =COUNTIFS($AD$18:$AD$167,">12:00",$AD$18:$AD$167,"<=13:00") -> 3 | AI29: =COUNTIFS($AE$18:$AE$167,">12:00",$AE$18:$AE$167,"<=13:00") -> 8 | AJ29: =AI29+AH29 -> 11 | AL29: B9 | AM29: =COUNTIFS($H$18:$H$167,AL29,$D$18:$D$167,"<=01:00") -> 0 | AN29: =COUNTIFS($H$18:$H$167,AL29,$D$18:$D$167,">01:00",$D$18:$D$167,"<=02:00") -> 0 | AO29: =COUNTIFS($H$18:$H$167,AL29,$D$18:$D$167,">02:00",$D$18:$D$167,"<=03:00") -> 0 | AP29: =COUNTIFS($H$18:$H$167,AL29,$D$18:$D$167,">03:00",$D$18:$D$167,"<=04:00") -> 0 | AQ29: =COUNTIFS($H$18:$H$167,AL29,$D$18:$D$167,">04:00",$D$18:$D$167,"<=05:00") -> 0 | AR29: =COUNTIFS($H$18:$H$167,AL29,$D$18:$D$167,">05:00",$D$18:$D$167,"<=06:00") -> 1 | AS29: =COUNTIFS($H$18:$H$167,AL29,$D$18:$D$167,">06:00",$D$18:$D$167,"<=07:00") -> 0 | AT29: =COUNTIFS($H$18:$H$167,AL29,$D$18:$D$167,">07:00",$D$18:$D$167,"<=08:00") -> 0 | AU29: =COUNTIFS($H$18:$H$167,AL29,$D$18:$D$167,">08:00",$D$18:$D$167,"<=09:00") -> 0 | AV29: =COUNTIFS($H$18:$H$167,AL29,$D$18:$D$167,">09:00",$D$18:$D$167,"<=10:00") -> 0 | AW29: =COUNTIFS($H$18:$H$167,AL29,$D$18:$D$167,">10:00",$D$18:$D$167,"<=11:00") -> 0 | AX29: =COUNTIFS($H$18:$H$167,AL29,$D$18:$D$167,">11:00",$D$18:$D$167,"<=12:00") -> 0 | AY29: =COUNTIFS($H$18:$H$167,AL29,$D$18:$D$167,">12:00",$D$18:$D$167,"<=13:00") -> 0 | AZ29: =COUNTIFS($H$18:$H$167,AL29,$D$18:$D$167,">13:00",$D$18:$D$167,"<=14:00") -> 0 | BA29: =COUNTIFS($H$18:$H$167,AL29,$D$18:$D$167,">14:00",$D$18:$D$167,"<=15:00") -> 0 | BB29: =COUNTIFS($H$18:$H$167,AL29,$D$18:$D$167,">15:00",$D$18:$D$167,"<=16:00") -> 0 | BC29: =COUNTIFS($H$18:$H$167,AL29,$D$18:$D$167,">16:00",$D$18:$D$167,"<=17:00") -> 1 | BD29: =COUNTIFS($H$18:$H$167,AL29,$D$18:$D$167,">17:00",$D$18:$D$167,"<=18:00") -> 0 | BE29: =COUNTIFS($H$18:$H$167,AL29,$D$18:$D$167,">18:00",$D$18:$D$167,"<=19:00") -> 0 | BF29: =COUNTIFS($H$18:$H$167,AL29,$D$18:$D$167,">19:00",$D$18:$D$167,"<=20:00") -> 0 | BG29: =COUNTIFS($H$18:$H$167,AL29,$D$18:$D$167,">20:00",$D$18:$D$167,"<=21:00") -> 0 | BH29: =COUNTIFS($H$18:$H$167,AL29,$D$18:$D$167,">21:00",$D$18:$D$167,"<=22:00") -> 0 | BI29: =COUNTIFS($H$18:$H$167,AL29,$D$18:$D$167,">22:00",$D$18:$D$167,"<=23:00") -> 0 | BJ29: =COUNTIFS($H$18:$H$167,AL29,$D$18:$D$167,">23:00") -> 0 | BK29: =SUM(AM29:BJ29) -> 2
A30: 13 | B30: T7-777 | C30: =IF(B30>1,VLOOKUP(B30,DB!$D$4:$E$800,2,0),"") -> BBJ | D30: - | E30: FALSE | F30: 0.53194444 | G30: TRUE | H30: SA02 | I30: =IF(K30>1,VLOOKUP(K30,DB!$A$4:$B$500,2,0),"") -> EX RON | J30: B3 | K30: - | M30: =IF(B30>1,VLOOKUP(B30,DB!$D$4:$F$800,3,0),"") -> JIP | O30: =IF(ISBLANK(F30),"RON","") | Q30: =IF(R30="RON",H30,"") | R30: =IF(O30="RON",O30,"") | S30: =IF(R30="RON",C30,"") | T30: =IF(R30="RON",B30,"") | U30: =IF(R30="RON",M30,"") | V30: B10 | W30: =IFERROR(INDEX($Q$18:$U$167,MATCH(V30,$Q$18:$Q$167,0),MATCH(4,$Q$17:$U$17,0)),"") -> PK-BBJ | X30: =IFERROR(INDEX($Q$18:$U$167,MATCH(V30,$Q$18:$Q$167,0),MATCH(3,$Q$17:$U$17,0)),"") -> B 734 | Y30: =IFERROR(INDEX($Q$18:$U$167,MATCH(V30,$Q$18:$Q$167,0),MATCH(5,$Q$17:$U$17,0)),"") -> B. B. N. | Z30: TRUE | AD30: =IF(D30="","-",D30) -> - | AE30: =IF(F30="","-",F30) -> 0.53194444 | AF30: 0.54236111 | AG30: 0.58333333 | AH30: =COUNTIFS($AD$18:$AD$167,">13:00",$AD$18:$AD$167,"<=14:00") -> 5 | AI30: =COUNTIFS($AE$18:$AE$167,">13:00",$AE$18:$AE$167,"<=14:00") -> 7 | AJ30: =AI30+AH30 -> 12 | AL30: B10 | AM30: =COUNTIFS($H$18:$H$167,AL30,$D$18:$D$167,"<=01:00") -> 0 | AN30: =COUNTIFS($H$18:$H$167,AL30,$D$18:$D$167,">01:00",$D$18:$D$167,"<=02:00") -> 0 | AO30: =COUNTIFS($H$18:$H$167,AL30,$D$18:$D$167,">02:00",$D$18:$D$167,"<=03:00") -> 0 | AP30: =COUNTIFS($H$18:$H$167,AL30,$D$18:$D$167,">03:00",$D$18:$D$167,"<=04:00") -> 0 | AQ30: =COUNTIFS($H$18:$H$167,AL30,$D$18:$D$167,">04:00",$D$18:$D$167,"<=05:00") -> 0 | AR30: =COUNTIFS($H$18:$H$167,AL30,$D$18:$D$167,">05:00",$D$18:$D$167,"<=06:00") -> 1 | AS30: =COUNTIFS($H$18:$H$167,AL30,$D$18:$D$167,">06:00",$D$18:$D$167,"<=07:00") -> 0 | AT30: =COUNTIFS($H$18:$H$167,AL30,$D$18:$D$167,">07:00",$D$18:$D$167,"<=08:00") -> 0 | AU30: =COUNTIFS($H$18:$H$167,AL30,$D$18:$D$167,">08:00",$D$18:$D$167,"<=09:00") -> 0 | AV30: =COUNTIFS($H$18:$H$167,AL30,$D$18:$D$167,">09:00",$D$18:$D$167,"<=10:00") -> 1 | AW30: =COUNTIFS($H$18:$H$167,AL30,$D$18:$D$167,">10:00",$D$18:$D$167,"<=11:00") -> 0 | AX30: =COUNTIFS($H$18:$H$167,AL30,$D$18:$D$167,">11:00",$D$18:$D$167,"<=12:00") -> 1 | AY30: =COUNTIFS($H$18:$H$167,AL30,$D$18:$D$167,">12:00",$D$18:$D$167,"<=13:00") -> 0 | AZ30: =COUNTIFS($H$18:$H$167,AL30,$D$18:$D$167,">13:00",$D$18:$D$167,"<=14:00") -> 0 | BA30: =COUNTIFS($H$18:$H$167,AL30,$D$18:$D$167,">14:00",$D$18:$D$167,"<=15:00") -> 0 | BB30: =COUNTIFS($H$18:$H$167,AL30,$D$18:$D$167,">15:00",$D$18:$D$167,"<=16:00") -> 0 | BC30: =COUNTIFS($H$18:$H$167,AL30,$D$18:$D$167,">16:00",$D$18:$D$167,"<=17:00") -> 0 | BD30: =COUNTIFS($H$18:$H$167,AL30,$D$18:$D$167,">17:00",$D$18:$D$167,"<=18:00") -> 0 | BE30: =COUNTIFS($H$18:$H$167,AL30,$D$18:$D$167,">18:00",$D$18:$D$167,"<=19:00") -> 1 | BF30: =COUNTIFS($H$18:$H$167,AL30,$D$18:$D$167,">19:00",$D$18:$D$167,"<=20:00") -> 0 | BG30: =COUNTIFS($H$18:$H$167,AL30,$D$18:$D$167,">20:00",$D$18:$D$167,"<=21:00") -> 0 | BH30: =COUNTIFS($H$18:$H$167,AL30,$D$18:$D$167,">21:00",$D$18:$D$167,"<=22:00") -> 0 | BI30: =COUNTIFS($H$18:$H$167,AL30,$D$18:$D$167,">22:00",$D$18:$D$167,"<=23:00") -> 0 | BJ30: =COUNTIFS($H$18:$H$167,AL30,$D$18:$D$167,">23:00") -> 0 | BK30: =SUM(AM30:BJ30) -> 4
A31: 14 | B31: N-227GV | C31: =IF(B31>1,VLOOKUP(B31,DB!$D$4:$E$800,2,0),"") -> L 1000 | D31: - | E31: FALSE | G31: FALSE | H31: SA03 | I31: =IF(K31>1,VLOOKUP(K31,DB!$A$4:$B$500,2,0),"") | J31: =IF(L31>1,VLOOKUP(L31,DB!$A$4:$B$500,2,0),"") | M31: =IF(B31>1,VLOOKUP(B31,DB!$D$4:$F$800,3,0),"") -> PREMI | O31: =IF(ISBLANK(F31),"RON","") -> RON | Q31: =IF(R31="RON",H31,"") -> SA03 | R31: =IF(O31="RON",O31,"") -> RON | S31: =IF(R31="RON",C31,"") -> L 1000 | T31: =IF(R31="RON",B31,"") -> N-227GV | U31: =IF(R31="RON",M31,"") -> PREMI | V31: B11 | W31: =IFERROR(INDEX($Q$18:$U$167,MATCH(V31,$Q$18:$Q$167,0),MATCH(4,$Q$17:$U$17,0)),"") | X31: =IFERROR(INDEX($Q$18:$U$167,MATCH(V31,$Q$18:$Q$167,0),MATCH(3,$Q$17:$U$17,0)),"") | Y31: =IFERROR(INDEX($Q$18:$U$167,MATCH(V31,$Q$18:$Q$167,0),MATCH(5,$Q$17:$U$17,0)),"") | Z31: FALSE | AA31: A | AD31: =IF(D31="","-",D31) -> - | AE31: =IF(F31="","-",F31) -> - | AF31: 0.58402778 | AG31: 0.625 | AH31: =COUNTIFS($AD$18:$AD$167,">14:00",$AD$18:$AD$167,"<=15:00") -> 4 | AI31: =COUNTIFS($AE$18:$AE$167,">14:00",$AE$18:$AE$167,"<=15:00") -> 4 | AJ31: =AI31+AH31 -> 8 | AL31: B11 | AM31: =COUNTIFS($H$18:$H$167,AL31,$D$18:$D$167,"<=01:00") -> 0 | AN31: =COUNTIFS($H$18:$H$167,AL31,$D$18:$D$167,">01:00",$D$18:$D$167,"<=02:00") -> 0 | AO31: =COUNTIFS($H$18:$H$167,AL31,$D$18:$D$167,">02:00",$D$18:$D$167,"<=03:00") -> 0 | AP31: =COUNTIFS($H$18:$H$167,AL31,$D$18:$D$167,">03:00",$D$18:$D$167,"<=04:00") -> 0 | AQ31: =COUNTIFS($H$18:$H$167,AL31,$D$18:$D$167,">04:00",$D$18:$D$167,"<=05:00") -> 0 | AR31: =COUNTIFS($H$18:$H$167,AL31,$D$18:$D$167,">05:00",$D$18:$D$167,"<=06:00") -> 0 | AS31: =COUNTIFS($H$18:$H$167,AL31,$D$18:$D$167,">06:00",$D$18:$D$167,"<=07:00") -> 0 | AT31: =COUNTIFS($H$18:$H$167,AL31,$D$18:$D$167,">07:00",$D$18:$D$167,"<=08:00") -> 0 | AU31: =COUNTIFS($H$18:$H$167,AL31,$D$18:$D$167,">08:00",$D$18:$D$167,"<=09:00") -> 0 | AV31: =COUNTIFS($H$18:$H$167,AL31,$D$18:$D$167,">09:00",$D$18:$D$167,"<=10:00") -> 0 | AW31: =COUNTIFS($H$18:$H$167,AL31,$D$18:$D$167,">10:00",$D$18:$D$167,"<=11:00") -> 0 | AX31: =COUNTIFS($H$18:$H$167,AL31,$D$18:$D$167,">11:00",$D$18:$D$167,"<=12:00") -> 0 | AY31: =COUNTIFS($H$18:$H$167,AL31,$D$18:$D$167,">12:00",$D$18:$D$167,"<=13:00") -> 0 | AZ31: =COUNTIFS($H$18:$H$167,AL31,$D$18:$D$167,">13:00",$D$18:$D$167,"<=14:00") -> 0 | BA31: =COUNTIFS($H$18:$H$167,AL31,$D$18:$D$167,">14:00",$D$18:$D$167,"<=15:00") -> 0 | BB31: =COUNTIFS($H$18:$H$167,AL31,$D$18:$D$167,">15:00",$D$18:$D$167,"<=16:00") -> 0 | BC31: =COUNTIFS($H$18:$H$167,AL31,$D$18:$D$167,">16:00",$D$18:$D$167,"<=17:00") -> 1 | BD31: =COUNTIFS($H$18:$H$167,AL31,$D$18:$D$167,">17:00",$D$18:$D$167,"<=18:00") -> 0 | BE31: =COUNTIFS($H$18:$H$167,AL31,$D$18:$D$167,">18:00",$D$18:$D$167,"<=19:00") -> 0 | BF31: =COUNTIFS($H$18:$H$167,AL31,$D$18:$D$167,">19:00",$D$18:$D$167,"<=20:00") -> 0 | BG31: =COUNTIFS($H$18:$H$167,AL31,$D$18:$D$167,">20:00",$D$18:$D$167,"<=21:00") -> 0 | BH31: =COUNTIFS($H$18:$H$167,AL31,$D$18:$D$167,">21:00",$D$18:$D$167,"<=22:00") -> 0 | BI31: =COUNTIFS($H$18:$H$167,AL31,$D$18:$D$167,">22:00",$D$18:$D$167,"<=23:00") -> 0 | BJ31: =COUNTIFS($H$18:$H$167,AL31,$D$18:$D$167,">23:00") -> 0 | BK31: =SUM(AM31:BJ31) -> 1
A32: 15 | B32: T7-GBS | C32: =IF(B32>1,VLOOKUP(B32,DB!$D$4:$E$800,2,0),"") -> EMB 135 | D32: - | E32: FALSE | G32: FALSE | H32: SA04 | I32: =IF(K32>1,VLOOKUP(K32,DB!$A$4:$B$500,2,0),"") | J32: =IF(L32>1,VLOOKUP(L32,DB!$A$4:$B$500,2,0),"") | M32: KARISMA | O32: =IF(ISBLANK(F32),"RON","") -> RON | Q32: =IF(R32="RON",H32,"") -> SA04 | R32: =IF(O32="RON",O32,"") -> RON | S32: =IF(R32="RON",C32,"") -> EMB 135 | T32: =IF(R32="RON",B32,"") -> T7-GBS | U32: =IF(R32="RON",M32,"") -> KARISMA | V32: B12 | W32: =IFERROR(INDEX($Q$18:$U$167,MATCH(V32,$Q$18:$Q$167,0),MATCH(4,$Q$17:$U$17,0)),"") -> PK-YSH | X32: =IFERROR(INDEX($Q$18:$U$167,MATCH(V32,$Q$18:$Q$167,0),MATCH(3,$Q$17:$U$17,0)),"") -> B 733 | Y32: =IFERROR(INDEX($Q$18:$U$167,MATCH(V32,$Q$18:$Q$167,0),MATCH(5,$Q$17:$U$17,0)),"") -> TRIGANA | Z32: TRUE | AD32: =IF(D32="","-",D32) -> - | AE32: =IF(F32="","-",F32) -> - | AF32: 0.62569444 | AG32: 0.66666667 | AH32: =COUNTIFS($AD$18:$AD$167,">15:00",$AD$18:$AD$167,"<=16:00") -> 5 | AI32: =COUNTIFS($AE$18:$AE$167,">15:00",$AE$18:$AE$167,"<=16:00") -> 4 | AJ32: =AI32+AH32 -> 9 | AL32: B12 | AM32: =COUNTIFS($H$18:$H$167,AL32,$D$18:$D$167,"<=01:00") -> 0 | AN32: =COUNTIFS($H$18:$H$167,AL32,$D$18:$D$167,">01:00",$D$18:$D$167,"<=02:00") -> 0 | AO32: =COUNTIFS($H$18:$H$167,AL32,$D$18:$D$167,">02:00",$D$18:$D$167,"<=03:00") -> 0 | AP32: =COUNTIFS($H$18:$H$167,AL32,$D$18:$D$167,">03:00",$D$18:$D$167,"<=04:00") -> 0 | AQ32: =COUNTIFS($H$18:$H$167,AL32,$D$18:$D$167,">04:00",$D$18:$D$167,"<=05:00") -> 0 | AR32: =COUNTIFS($H$18:$H$167,AL32,$D$18:$D$167,">05:00",$D$18:$D$167,"<=06:00") -> 0 | AS32: =COUNTIFS($H$18:$H$167,AL32,$D$18:$D$167,">06:00",$D$18:$D$167,"<=07:00") -> 0 | AT32: =COUNTIFS($H$18:$H$167,AL32,$D$18:$D$167,">07:00",$D$18:$D$167,"<=08:00") -> 0 | AU32: =COUNTIFS($H$18:$H$167,AL32,$D$18:$D$167,">08:00",$D$18:$D$167,"<=09:00") -> 0 | AV32: =COUNTIFS($H$18:$H$167,AL32,$D$18:$D$167,">09:00",$D$18:$D$167,"<=10:00") -> 1 | AW32: =COUNTIFS($H$18:$H$167,AL32,$D$18:$D$167,">10:00",$D$18:$D$167,"<=11:00") -> 0 | AX32: =COUNTIFS($H$18:$H$167,AL32,$D$18:$D$167,">11:00",$D$18:$D$167,"<=12:00") -> 0 | AY32: =COUNTIFS($H$18:$H$167,AL32,$D$18:$D$167,">12:00",$D$18:$D$167,"<=13:00") -> 0 | AZ32: =COUNTIFS($H$18:$H$167,AL32,$D$18:$D$167,">13:00",$D$18:$D$167,"<=14:00") -> 0 | BA32: =COUNTIFS($H$18:$H$167,AL32,$D$18:$D$167,">14:00",$D$18:$D$167,"<=15:00") -> 0 | BB32: =COUNTIFS($H$18:$H$167,AL32,$D$18:$D$167,">15:00",$D$18:$D$167,"<=16:00") -> 0 | BC32: =COUNTIFS($H$18:$H$167,AL32,$D$18:$D$167,">16:00",$D$18:$D$167,"<=17:00") -> 0 | BD32: =COUNTIFS($H$18:$H$167,AL32,$D$18:$D$167,">17:00",$D$18:$D$167,"<=18:00") -> 1 | BE32: =COUNTIFS($H$18:$H$167,AL32,$D$18:$D$167,">18:00",$D$18:$D$167,"<=19:00") -> 0 | BF32: =COUNTIFS($H$18:$H$167,AL32,$D$18:$D$167,">19:00",$D$18:$D$167,"<=20:00") -> 0 | BG32: =COUNTIFS($H$18:$H$167,AL32,$D$18:$D$167,">20:00",$D$18:$D$167,"<=21:00") -> 0 | BH32: =COUNTIFS($H$18:$H$167,AL32,$D$18:$D$167,">21:00",$D$18:$D$167,"<=22:00") -> 0 | BI32: =COUNTIFS($H$18:$H$167,AL32,$D$18:$D$167,">22:00",$D$18:$D$167,"<=23:00") -> 0 | BJ32: =COUNTIFS($H$18:$H$167,AL32,$D$18:$D$167,">23:00") -> 0 | BK32: =SUM(AM32:BJ32) -> 2
A33: 16 | B33: PK-RSS | C33: =IF(B33>1,VLOOKUP(B33,DB!$D$4:$E$800,2,0),"") -> EMB 135 | D33: - | E33: FALSE | G33: FALSE | H33: SA05 | I33: =IF(K33>1,VLOOKUP(K33,DB!$A$4:$B$500,2,0),"") | J33: =IF(L33>1,VLOOKUP(L33,DB!$A$4:$B$500,2,0),"") | M33: BGS | O33: =IF(ISBLANK(F33),"RON","") -> RON | Q33: =IF(R33="RON",H33,"") -> SA05 | R33: =IF(O33="RON",O33,"") -> RON | S33: =IF(R33="RON",C33,"") -> EMB 135 | T33: =IF(R33="RON",B33,"") -> PK-RSS | U33: =IF(R33="RON",M33,"") -> BGS | V33: B13 | W33: =IFERROR(INDEX($Q$18:$U$167,MATCH(V33,$Q$18:$Q$167,0),MATCH(4,$Q$17:$U$17,0)),"") -> PK-YST | X33: =IFERROR(INDEX($Q$18:$U$167,MATCH(V33,$Q$18:$Q$167,0),MATCH(3,$Q$17:$U$17,0)),"") -> B 733 | Y33: =IFERROR(INDEX($Q$18:$U$167,MATCH(V33,$Q$18:$Q$167,0),MATCH(5,$Q$17:$U$17,0)),"") -> TRIGANA | Z33: TRUE | AD33: =IF(D33="","-",D33) -> - | AE33: =IF(F33="","-",F33) -> - | AF33: 0.66736111 | AG33: 0.70833333 | AH33: =COUNTIFS($AD$18:$AD$167,">16:00",$AD$18:$AD$167,"<=17:00") -> 7 | AI33: =COUNTIFS($AE$18:$AE$167,">16:00",$AE$18:$AE$167,"<=17:00") -> 2 | AJ33: =AI33+AH33 -> 9 | AL33: B13 | AM33: =COUNTIFS($H$18:$H$167,AL33,$D$18:$D$167,"<=01:00") -> 0 | AN33: =COUNTIFS($H$18:$H$167,AL33,$D$18:$D$167,">01:00",$D$18:$D$167,"<=02:00") -> 0 | AO33: =COUNTIFS($H$18:$H$167,AL33,$D$18:$D$167,">02:00",$D$18:$D$167,"<=03:00") -> 0 | AP33: =COUNTIFS($H$18:$H$167,AL33,$D$18:$D$167,">03:00",$D$18:$D$167,"<=04:00") -> 0 | AQ33: =COUNTIFS($H$18:$H$167,AL33,$D$18:$D$167,">04:00",$D$18:$D$167,"<=05:00") -> 0 | AR33: =COUNTIFS($H$18:$H$167,AL33,$D$18:$D$167,">05:00",$D$18:$D$167,"<=06:00") -> 1 | AS33: =COUNTIFS($H$18:$H$167,AL33,$D$18:$D$167,">06:00",$D$18:$D$167,"<=07:00") -> 0 | AT33: =COUNTIFS($H$18:$H$167,AL33,$D$18:$D$167,">07:00",$D$18:$D$167,"<=08:00") -> 0 | AU33: =COUNTIFS($H$18:$H$167,AL33,$D$18:$D$167,">08:00",$D$18:$D$167,"<=09:00") -> 0 | AV33: =COUNTIFS($H$18:$H$167,AL33,$D$18:$D$167,">09:00",$D$18:$D$167,"<=10:00") -> 0 | AW33: =COUNTIFS($H$18:$H$167,AL33,$D$18:$D$167,">10:00",$D$18:$D$167,"<=11:00") -> 0 | AX33: =COUNTIFS($H$18:$H$167,AL33,$D$18:$D$167,">11:00",$D$18:$D$167,"<=12:00") -> 1 | AY33: =COUNTIFS($H$18:$H$167,AL33,$D$18:$D$167,">12:00",$D$18:$D$167,"<=13:00") -> 0 | AZ33: =COUNTIFS($H$18:$H$167,AL33,$D$18:$D$167,">13:00",$D$18:$D$167,"<=14:00") -> 0 | BA33: =COUNTIFS($H$18:$H$167,AL33,$D$18:$D$167,">14:00",$D$18:$D$167,"<=15:00") -> 0 | BB33: =COUNTIFS($H$18:$H$167,AL33,$D$18:$D$167,">15:00",$D$18:$D$167,"<=16:00") -> 0 | BC33: =COUNTIFS($H$18:$H$167,AL33,$D$18:$D$167,">16:00",$D$18:$D$167,"<=17:00") -> 0 | BD33: =COUNTIFS($H$18:$H$167,AL33,$D$18:$D$167,">17:00",$D$18:$D$167,"<=18:00") -> 0 | BE33: =COUNTIFS($H$18:$H$167,AL33,$D$18:$D$167,">18:00",$D$18:$D$167,"<=19:00") -> 0 | BF33: =COUNTIFS($H$18:$H$167,AL33,$D$18:$D$167,">19:00",$D$18:$D$167,"<=20:00") -> 0 | BG33: =COUNTIFS($H$18:$H$167,AL33,$D$18:$D$167,">20:00",$D$18:$D$167,"<=21:00") -> 0 | BH33: =COUNTIFS($H$18:$H$167,AL33,$D$18:$D$167,">21:00",$D$18:$D$167,"<=22:00") -> 0 | BI33: =COUNTIFS($H$18:$H$167,AL33,$D$18:$D$167,">22:00",$D$18:$D$167,"<=23:00") -> 0 | BJ33: =COUNTIFS($H$18:$H$167,AL33,$D$18:$D$167,">23:00") -> 0 | BK33: =SUM(AM33:BJ33) -> 2
A34: 17 | B34: PK-VCS | C34: =IF(B34>1,VLOOKUP(B34,DB!$D$4:$E$800,2,0),"") -> EMB 135 | D34: - | E34: FALSE | G34: FALSE | H34: SA06 | I34: =IF(K34>1,VLOOKUP(K34,DB!$A$4:$B$500,2,0),"") | J34: =IF(L34>1,VLOOKUP(L34,DB!$A$4:$B$500,2,0),"") | M34: =IF(B34>1,VLOOKUP(B34,DB!$D$4:$F$800,3,0),"") -> JETSET | O34: =IF(ISBLANK(F34),"RON","") -> RON | Q34: =IF(R34="RON",H34,"") -> SA06 | R34: =IF(O34="RON",O34,"") -> RON | S34: =IF(R34="RON",C34,"") -> EMB 135 | T34: =IF(R34="RON",B34,"") -> PK-VCS | U34: =IF(R34="RON",M34,"") -> JETSET | V34: SA01 | W34: =IFERROR(INDEX($Q$18:$U$167,MATCH(V34,$Q$18:$Q$167,0),MATCH(4,$Q$17:$U$17,0)),"") -> PK-RJH | X34: =IFERROR(INDEX($Q$18:$U$167,MATCH(V34,$Q$18:$Q$167,0),MATCH(3,$Q$17:$U$17,0)),"") -> EC 135 | Y34: =IFERROR(INDEX($Q$18:$U$167,MATCH(V34,$Q$18:$Q$167,0),MATCH(5,$Q$17:$U$17,0)),"") -> PREMI | Z34: TRUE | AD34: =IF(D34="","-",D34) -> - | AE34: =IF(F34="","-",F34) -> - | AF34: 0.70902778 | AG34: 0.75 | AH34: =COUNTIFS($AD$18:$AD$167,">17:00",$AD$18:$AD$167,"<=18:00") -> 4 | AI34: =COUNTIFS($AE$18:$AE$167,">17:00",$AE$18:$AE$167,"<=18:00") -> 4 | AJ34: =AI34+AH34 -> 8 | AM34: =SUM(AM17:AM33) -> 0 | AN34: =SUM(AN17:AN33) -> 0 | AO34: =SUM(AO17:AO33) -> 0 | AP34: =SUM(AP17:AP33) -> 0 | AQ34: =SUM(AQ17:AQ33) -> 0 | AR34: =SUM(AR17:AR33) -> 3 | AS34: =SUM(AS17:AS33) -> 1 | AT34: =SUM(AT17:AT33) -> 3 | ... BJ34: =SUM(BJ17:BJ33) -> 0
A35: 18 | B35: N-939GS | C35: =IF(B35>1,VLOOKUP(B35,DB!$D$4:$E$800,2,0),"") -> GLEX | D35: - | E35: FALSE | G35: FALSE | H35: SA07 | I35: =IF(K35>1,VLOOKUP(K35,DB!$A$4:$B$500,2,0),"") | J35: =IF(L35>1,VLOOKUP(L35,DB!$A$4:$B$500,2,0),"") | M35: =IF(B35>1,VLOOKUP(B35,DB!$D$4:$F$800,3,0),"") -> BIOMANTARA | O35: =IF(ISBLANK(F35),"RON","") -> RON | Q35: =IF(R35="RON",H35,"") -> SA07 | R35: =IF(O35="RON",O35,"") -> RON | S35: =IF(R35="RON",C35,"") -> GLEX | T35: =IF(R35="RON",B35,"") -> N-939GS | U35: =IF(R35="RON",M35,"") -> BIOMANTARA | V35: SA02 | W35: =IFERROR(INDEX($Q$18:$U$167,MATCH(V35,$Q$18:$Q$167,0),MATCH(4,$Q$17:$U$17,0)),"") -> PK-BON | X35: =IFERROR(INDEX($Q$18:$U$167,MATCH(V35,$Q$18:$Q$167,0),MATCH(3,$Q$17:$U$17,0)),"") -> G IV | Y35: =IFERROR(INDEX($Q$18:$U$167,MATCH(V35,$Q$18:$Q$167,0),MATCH(5,$Q$17:$U$17,0)),"") -> JETSET | Z35: TRUE | AD35: =IF(D35="","-",D35) -> - | AE35: =IF(F35="","-",F35) -> - | AF35: 0.75069444 | AG35: 0.79166667 | AH35: =COUNTIFS($AD$18:$AD$167,">18:00",$AD$18:$AD$167,"<=19:00") -> 5 | AI35: =COUNTIFS($AE$18:$AE$167,">18:00",$AE$18:$AE$167,"<=19:00") -> 5 | AJ35: =AI35+AH35 -> 10
A36: 19 | B36: PK-IDR | C36: =IF(B36>1,VLOOKUP(B36,DB!$D$4:$E$800,2,0),"") -> CL 850 | D36: - | E36: FALSE | G36: FALSE | H36: SA08 | I36: =IF(K36>1,VLOOKUP(K36,DB!$A$4:$B$500,2,0),"") | J36: =IF(L36>1,VLOOKUP(L36,DB!$A$4:$B$500,2,0),"") | M36: PREMI | O36: =IF(ISBLANK(F36),"RON","") -> RON | Q36: =IF(R36="RON",H36,"") -> SA08 | R36: =IF(O36="RON",O36,"") -> RON | S36: =IF(R36="RON",C36,"") -> CL 850 | T36: =IF(R36="RON",B36,"") -> PK-IDR | U36: =IF(R36="RON",M36,"") -> PREMI | V36: SA03 | W36: =IFERROR(INDEX($Q$18:$U$167,MATCH(V36,$Q$18:$Q$167,0),MATCH(4,$Q$17:$U$17,0)),"") -> N-227GV | X36: =IFERROR(INDEX($Q$18:$U$167,MATCH(V36,$Q$18:$Q$167,0),MATCH(3,$Q$17:$U$17,0)),"") -> L 1000 | Y36: =IFERROR(INDEX($Q$18:$U$167,MATCH(V36,$Q$18:$Q$167,0),MATCH(5,$Q$17:$U$17,0)),"") -> PREMI | Z36: TRUE | AD36: =IF(D36="","-",D36) -> - | AE36: =IF(F36="","-",F36) -> - | AF36: 0.79236111 | AG36: 0.83333333 | AH36: =COUNTIFS($AD$18:$AD$167,">19:00",$AD$18:$AD$167,"<=20:00") -> 3 | AI36: =COUNTIFS($AE$18:$AE$167,">19:00",$AE$18:$AE$167,"<=20:00") -> 1 | AJ36: =AI36+AH36 -> 4
A37: 20 | B37: PK-BON | C37: =IF(B37>1,VLOOKUP(B37,DB!$D$4:$E$800,2,0),"") -> G IV | D37: - | E37: FALSE | F37: 0.34375 | G37: TRUE | H37: SA09 | I37: =IF(K37>1,VLOOKUP(K37,DB!$A$4:$B$500,2,0),"") -> EX RON | J37: B6 | K37: - | M37: =IF(B37>1,VLOOKUP(B37,DB!$D$4:$F$800,3,0),"") -> JETSET | O37: =IF(ISBLANK(F37),"RON","") | Q37: =IF(R37="RON",H37,"") | R37: =IF(O37="RON",O37,"") | S37: =IF(R37="RON",C37,"") | T37: =IF(R37="RON",B37,"") | U37: =IF(R37="RON",M37,"") | V37: SA04 | W37: =IFERROR(INDEX($Q$18:$U$167,MATCH(V37,$Q$18:$Q$167,0),MATCH(4,$Q$17:$U$17,0)),"") -> T7-GBS | X37: =IFERROR(INDEX($Q$18:$U$167,MATCH(V37,$Q$18:$Q$167,0),MATCH(3,$Q$17:$U$17,0)),"") -> EMB 135 | Y37: =IFERROR(INDEX($Q$18:$U$167,MATCH(V37,$Q$18:$Q$167,0),MATCH(5,$Q$17:$U$17,0)),"") -> KARISMA | Z37: TRUE | AD37: =IF(D37="","-",D37) -> - | AE37: =IF(F37="","-",F37) -> 0.34375 | AF37: 0.83402778 | AG37: 0.875 | AH37: =COUNTIFS($AD$18:$AD$167,">20:00",$AD$18:$AD$167,"<=21:00") -> 3 | AI37: =COUNTIFS($AE$18:$AE$167,">20:00",$AE$18:$AE$167,"<=21:00") -> 2 | AJ37: =AI37+AH37 -> 5
A38: 21 | B38: N-11UB | C38: =IF(B38>1,VLOOKUP(B38,DB!$D$4:$E$800,2,0),"") -> GLEX | D38: - | E38: FALSE | G38: FALSE | H38: SA10 | I38: =IF(K38>1,VLOOKUP(K38,DB!$A$4:$B$500,2,0),"") | J38: =IF(L38>1,VLOOKUP(L38,DB!$A$4:$B$500,2,0),"") | M38: PTN | O38: =IF(ISBLANK(F38),"RON","") -> RON | Q38: =IF(R38="RON",H38,"") -> SA10 | R38: =IF(O38="RON",O38,"") -> RON | S38: =IF(R38="RON",C38,"") -> GLEX | T38: =IF(R38="RON",B38,"") -> N-11UB | U38: =IF(R38="RON",M38,"") -> PTN | V38: SA05 | W38: =IFERROR(INDEX($Q$18:$U$167,MATCH(V38,$Q$18:$Q$167,0),MATCH(4,$Q$17:$U$17,0)),"") -> PK-RSS | X38: =IFERROR(INDEX($Q$18:$U$167,MATCH(V38,$Q$18:$Q$167,0),MATCH(3,$Q$17:$U$17,0)),"") -> EMB 135 | Y38: =IFERROR(INDEX($Q$18:$U$167,MATCH(V38,$Q$18:$Q$167,0),MATCH(5,$Q$17:$U$17,0)),"") -> BGS | Z38: TRUE | AD38: =IF(D38="","-",D38) -> - | AE38: =IF(F38="","-",F38) -> - | AF38: 0.87569444 | AG38: 0.91666667 | AH38: =COUNTIFS($AD$18:$AD$167,">21:00",$AD$18:$AD$167,"<=22:00") -> 2 | AI38: =COUNTIFS($AE$18:$AE$167,">21:00",$AE$18:$AE$167,"<=22:00") -> 3 | AJ38: =AI38+AH38 -> 5
A39: 22 | B39: PK-GRD | C39: =IF(B39>1,VLOOKUP(B39,DB!$D$4:$E$800,2,0),"") -> BBJ 2 | D39: - | E39: FALSE | G39: FALSE | H39: SA11 | I39: =IF(K39>1,VLOOKUP(K39,DB!$A$4:$B$500,2,0),"") | J39: =IF(L39>1,VLOOKUP(L39,DB!$A$4:$B$500,2,0),"") | M39: =IF(B39>1,VLOOKUP(B39,DB!$D$4:$F$800,3,0),"") -> PTN | O39: =IF(ISBLANK(F39),"RON","") -> RON | Q39: =IF(R39="RON",H39,"") -> SA11 | R39: =IF(O39="RON",O39,"") -> RON | S39: =IF(R39="RON",C39,"") -> BBJ 2 | T39: =IF(R39="RON",B39,"") -> PK-GRD | U39: =IF(R39="RON",M39,"") -> PTN | V39: SA06 | W39: =IFERROR(INDEX($Q$18:$U$167,MATCH(V39,$Q$18:$Q$167,0),MATCH(4,$Q$17:$U$17,0)),"") -> PK-VCS | X39: =IFERROR(INDEX($Q$18:$U$167,MATCH(V39,$Q$18:$Q$167,0),MATCH(3,$Q$17:$U$17,0)),"") -> EMB 135 | Y39: =IFERROR(INDEX($Q$18:$U$167,MATCH(V39,$Q$18:$Q$167,0),MATCH(5,$Q$17:$U$17,0)),"") -> JETSET | Z39: TRUE | AD39: =IF(D39="","-",D39) -> - | AE39: =IF(F39="","-",F39) -> - | AF39: 0.91736111 | AG39: 0.95833333 | AH39: =COUNTIFS($AD$18:$AD$167,">22:00",$AD$18:$AD$167,"<=23:00") -> 2 | AI39: =COUNTIFS($AE$18:$AE$167,">22:00",$AE$18:$AE$167,"<=23:00") -> 1 | AJ39: =AI39+AH39 -> 3
A40: 23 | B40: T7-MEL | C40: =IF(B40>1,VLOOKUP(B40,DB!$D$4:$E$800,2,0),"") -> GLEX | D40: - | E40: FALSE | F40: 0.28819444 | G40: TRUE | H40: SA12 | I40: =IF(K40>1,VLOOKUP(K40,DB!$A$4:$B$500,2,0),"") -> EX RON | J40: B3 | K40: - | M40: =IF(B40>1,VLOOKUP(B40,DB!$D$4:$F$800,3,0),"") -> PREMI | O40: =IF(ISBLANK(F40),"RON","") | Q40: =IF(R40="RON",H40,"") | R40: =IF(O40="RON",O40,"") | S40: =IF(R40="RON",C40,"") | T40: =IF(R40="RON",B40,"") | U40: =IF(R40="RON",M40,"") | V40: SA07 | W40: =IFERROR(INDEX($Q$18:$U$167,MATCH(V40,$Q$18:$Q$167,0),MATCH(4,$Q$17:$U$17,0)),"") -> N-939GS | X40: =IFERROR(INDEX($Q$18:$U$167,MATCH(V40,$Q$18:$Q$167,0),MATCH(3,$Q$17:$U$17,0)),"") -> GLEX | Y40: =IFERROR(INDEX($Q$18:$U$167,MATCH(V40,$Q$18:$Q$167,0),MATCH(5,$Q$17:$U$17,0)),"") -> BIOMANTARA | Z40: TRUE | AD40: =IF(D40="","-",D40) -> - | AE40: =IF(F40="","-",F40) -> 0.28819444 | AF40: 0.95902778 | AG40: 0 | AH40: =COUNTIF($AD$18:$AD$167,">23:00") -> 0 | AI40: =COUNTIF($AE$18:$AE$167,">23:00") -> 0 | AJ40: =AI40+AH40 -> 0
A41: 24 | B41: VP-CLL | C41: =IF(B41>1,VLOOKUP(B41,DB!$D$4:$E$800,2,0),"") -> EMB 135 | D41: - | E41: FALSE | G41: FALSE | H41: SA13 | I41: =IF(K41>1,VLOOKUP(K41,DB!$A$4:$B$500,2,0),"") | J41: =IF(L41>1,VLOOKUP(L41,DB!$A$4:$B$500,2,0),"") | M41: KARISMA | O41: =IF(ISBLANK(F41),"RON","") -> RON | Q41: =IF(R41="RON",H41,"") -> SA13 | R41: =IF(O41="RON",O41,"") -> RON | S41: =IF(R41="RON",C41,"") -> EMB 135 | T41: =IF(R41="RON",B41,"") -> VP-CLL | U41: =IF(R41="RON",M41,"") -> KARISMA | V41: SA08 | W41: =IFERROR(INDEX($Q$18:$U$167,MATCH(V41,$Q$18:$Q$167,0),MATCH(4,$Q$17:$U$17,0)),"") -> PK-IDR | X41: =IFERROR(INDEX($Q$18:$U$167,MATCH(V41,$Q$18:$Q$167,0),MATCH(3,$Q$17:$U$17,0)),"") -> CL 850 | Y41: =IFERROR(INDEX($Q$18:$U$167,MATCH(V41,$Q$18:$Q$167,0),MATCH(5,$Q$17:$U$17,0)),"") -> PREMI | Z41: TRUE | AD41: =IF(D41="","-",D41) -> - | AE41: =IF(F41="","-",F41) -> - | AF41: TOTAL | AH41: =SUM(AH17:AH40) -> 66 | AI41: =SUM(AI17:AI40) -> 68 | AJ41: =SUM(AJ17:AJ40) -> 134
A42: 25 | B42: PK-LUZ | C42: =IF(B42>1,VLOOKUP(B42,DB!$D$4:$E$800,2,0),"") -> A 320 | D42: - | E42: FALSE | F42: 0.47422883 | G42: TRUE | H42: SA14 | I42: =IF(K42>1,VLOOKUP(K42,DB!$A$4:$B$500,2,0),"") -> EX RON | J42: A1 | K42: - | M42: =IF(B42>1,VLOOKUP(B42,DB!$D$4:$F$800,3,0),"") -> BATIK AIR | O42: =IF(ISBLANK(F42),"RON","") | Q42: =IF(R42="RON",H42,"") | R42: =IF(O42="RON",O42,"") | S42: =IF(R42="RON",C42,"") | T42: =IF(R42="RON",B42,"") | U42: =IF(R42="RON",M42,"") | V42: SA09 | W42: =IFERROR(INDEX($Q$18:$U$167,MATCH(V42,$Q$18:$Q$167,0),MATCH(4,$Q$17:$U$17,0)),"") -> T7-MEL | X42: =IFERROR(INDEX($Q$18:$U$167,MATCH(V42,$Q$18:$Q$167,0),MATCH(3,$Q$17:$U$17,0)),"") -> GLEX | Y42: =IFERROR(INDEX($Q$18:$U$167,MATCH(V42,$Q$18:$Q$167,0),MATCH(5,$Q$17:$U$17,0)),"") -> PREMI | Z42: TRUE | AD42: =IF(D42="","-",D42) -> - | AE42: =IF(F42="","-",F42) -> 0.47422883 | AF42: SOUTH APRON | AH42: =COUNTIF(I18:I165,"SA*") -> 5 | AI42: =COUNTIF(J18:J165,"SA*") -> 3 | AJ42: =SUM(AH42:AI42) -> 8
A43: 26 | B43: PK-LAZ | C43: =IF(B43>1,VLOOKUP(B43,DB!$D$4:$E$800,2,0),"") -> A 320 | D43: - | E43: FALSE | F43: 0.43402778 | G43: TRUE | H43: SA15 | I43: =IF(K43>1,VLOOKUP(K43,DB!$A$4:$B$500,2,0),"") -> EX RON | J43: A2 | K43: - | M43: =IF(B43>1,VLOOKUP(B43,DB!$D$4:$F$800,3,0),"") -> BATIK AIR | O43: =IF(ISBLANK(F43),"RON","") | Q43: =IF(R43="RON",H43,"") | R43: =IF(O43="RON",O43,"") | S43: =IF(R43="RON",C43,"") | T43: =IF(R43="RON",B43,"") | U43: =IF(R43="RON",M43,"") | V43: SA10 | W43: =IFERROR(INDEX($Q$18:$U$167,MATCH(V43,$Q$18:$Q$167,0),MATCH(4,$Q$17:$U$17,0)),"") -> N-11UB | X43: =IFERROR(INDEX($Q$18:$U$167,MATCH(V43,$Q$18:$Q$167,0),MATCH(3,$Q$17:$U$17,0)),"") -> GLEX | Y43: =IFERROR(INDEX($Q$18:$U$167,MATCH(V43,$Q$18:$Q$167,0),MATCH(5,$Q$17:$U$17,0)),"") -> PTN | Z43: TRUE | AD43: =IF(D43="","-",D43) -> - | AE43: =IF(F43="","-",F43) -> 0.43402778 | AF43: HANGGAR | AH43: =COUNTIF(I18:I165,"HGR") -> 3 | AI43: =COUNTIF(J18:J165,"HGR") -> 5 | AJ43: =SUM(AH43:AI43) -> 8
A44: 27 | B44: T7-X14 | C44: =IF(B44>1,VLOOKUP(B44,DB!$D$4:$E$800,2,0),"") -> G VI | D44: - | E44: FALSE | G44: FALSE | H44: SA16 | I44: =IF(K44>1,VLOOKUP(K44,DB!$A$4:$B$500,2,0),"") | J44: =IF(L44>1,VLOOKUP(L44,DB!$A$4:$B$500,2,0),"") | M44: AFM | O44: =IF(ISBLANK(F44),"RON","") -> RON | Q44: =IF(R44="RON",H44,"") -> SA16 | R44: =IF(O44="RON",O44,"") -> RON | S44: =IF(R44="RON",C44,"") -> G VI | T44: =IF(R44="RON",B44,"") -> T7-X14 | U44: =IF(R44="RON",M44,"") -> AFM | V44: SA11 | W44: =IFERROR(INDEX($Q$18:$U$167,MATCH(V44,$Q$18:$Q$167,0),MATCH(4,$Q$17:$U$17,0)),"") -> PK-GRD | X44: =IFERROR(INDEX($Q$18:$U$167,MATCH(V44,$Q$18:$Q$167,0),MATCH(3,$Q$17:$U$17,0)),"") -> BBJ 2 | Y44: =IFERROR(INDEX($Q$18:$U$167,MATCH(V44,$Q$18:$Q$167,0),MATCH(5,$Q$17:$U$17,0)),"") -> PTN | Z44: TRUE | AD44: =IF(D44="","-",D44) -> - | AE44: =IF(F44="","-",F44) -> -
A45: 28 | B45: T7-HNA | C45: =IF(B45>1,VLOOKUP(B45,DB!$D$4:$E$800,2,0),"") -> G IV | D45: - | E45: FALSE | G45: FALSE | H45: SA17 | I45: =IF(K45>1,VLOOKUP(K45,DB!$A$4:$B$500,2,0),"") | J45: =IF(L45>1,VLOOKUP(L45,DB!$A$4:$B$500,2,0),"") | M45: AFM | O45: =IF(ISBLANK(F45),"RON","") -> RON | Q45: =IF(R45="RON",H45,"") -> SA17 | R45: =IF(O45="RON",O45,"") -> RON | S45: =IF(R45="RON",C45,"") -> G IV | T45: =IF(R45="RON",B45,"") -> T7-HNA | U45: =IF(R45="RON",M45,"") -> AFM | V45: SA12 | W45: =IFERROR(INDEX($Q$18:$U$167,MATCH(V45,$Q$18:$Q$167,0),MATCH(4,$Q$17:$U$17,0)),"") -> PK-LUZ | X45: =IFERROR(INDEX($Q$18:$U$167,MATCH(V45,$Q$18:$Q$167,0),MATCH(3,$Q$17:$U$17,0)),"") -> A 320 | Y45: =IFERROR(INDEX($Q$18:$U$167,MATCH(V45,$Q$18:$Q$167,0),MATCH(5,$Q$17:$U$17,0)),"") -> BATIK AIR | Z45: TRUE | AD45: =IF(D45="","-",D45) -> - | AE45: =IF(F45="","-",F45) -> -
A46: 29 | B46: PK-BKR | C46: =IF(B46>1,VLOOKUP(B46,DB!$D$4:$E$800,2,0),"") -> A 320 | D46: - | E46: FALSE | G46: FALSE | H46: SA18 | I46: =IF(K46>1,VLOOKUP(K46,DB!$A$4:$B$500,2,0),"") | J46: =IF(L46>1,VLOOKUP(L46,DB!$A$4:$B$500,2,0),"") | M46: =IF(B46>1,VLOOKUP(B46,DB!$D$4:$F$800,3,0),"") -> BATIK AIR | O46: =IF(ISBLANK(F46),"RON","") -> RON | Q46: =IF(R46="RON",H46,"") -> SA18 | R46: =IF(O46="RON",O46,"") -> RON | S46: =IF(R46="RON",C46,"") -> A 320 | T46: =IF(R46="RON",B46,"") -> PK-BKR | U46: =IF(R46="RON",M46,"") -> BATIK AIR | V46: SA13 | W46: =IFERROR(INDEX($Q$18:$U$167,MATCH(V46,$Q$18:$Q$167,0),MATCH(4,$Q$17:$U$17,0)),"") -> VP-CLL | X46: =IFERROR(INDEX($Q$18:$U$167,MATCH(V46,$Q$18:$Q$167,0),MATCH(3,$Q$17:$U$17,0)),"") -> EMB 135 | Y46: =IFERROR(INDEX($Q$18:$U$167,MATCH(V46,$Q$18:$Q$167,0),MATCH(5,$Q$17:$U$17,0)),"") -> KARISMA | Z46: TRUE | AD46: =IF(D46="","-",D46) -> - | AE46: =IF(F46="","-",F46) -> -
A47: 30 | B47: PK-OTR | C47: =IF(B47>1,VLOOKUP(B47,DB!$D$4:$E$800,2,0),"") -> ATR 72 | D47: - | E47: FALSE | G47: FALSE | H47: SA19 | I47: =IF(K47>1,VLOOKUP(K47,DB!$A$4:$B$500,2,0),"") | J47: =IF(L47>1,VLOOKUP(L47,DB!$A$4:$B$500,2,0),"") | M47: TAS | O47: =IF(ISBLANK(F47),"RON","") -> RON | Q47: =IF(R47="RON",H47,"") -> SA19 | R47: =IF(O47="RON",O47,"") -> RON | S47: =IF(R47="RON",C47,"") -> ATR 72 | T47: =IF(R47="RON",B47,"") -> PK-OTR | U47: =IF(R47="RON",M47,"") -> TAS | V47: SA14 | W47: =IFERROR(INDEX($Q$18:$U$167,MATCH(V47,$Q$18:$Q$167,0),MATCH(4,$Q$17:$U$17,0)),"") | X47: =IFERROR(INDEX($Q$18:$U$167,MATCH(V47,$Q$18:$Q$167,0),MATCH(3,$Q$17:$U$17,0)),"") | Y47: =IFERROR(INDEX($Q$18:$U$167,MATCH(V47,$Q$18:$Q$167,0),MATCH(5,$Q$17:$U$17,0)),"") | Z47: FALSE | AD47: =IF(D47="","-",D47) -> - | AE47: =IF(F47="","-",F47) -> -
A48: 31 | B48: PK-GQI | C48: =IF(B48>1,VLOOKUP(B48,DB!$D$4:$E$800,2,0),"") -> A 320 | D48: - | E48: FALSE | F48: 0.27577934 | G48: TRUE | H48: A1 | I48: =IF(K48>1,VLOOKUP(K48,DB!$A$4:$B$500,2,0),"") -> EX RON | J48: =IF(L48>1,VLOOKUP(L48,DB!$A$4:$B$500,2,0),"") -> WIMN | K48: - | L48: QG 0020 | M48: =IF(B48>1,VLOOKUP(B48,DB!$D$4:$F$800,3,0),"") -> CITILINK | O48: =IF(ISBLANK(F48),"RON","") | Q48: =IF(R48="RON",H48,"") | R48: =IF(O48="RON",O48,"") | S48: =IF(R48="RON",C48,"") | T48: =IF(R48="RON",B48,"") | U48: =IF(R48="RON",M48,"") | V48: SA15 | W48: =IFERROR(INDEX($Q$18:$U$167,MATCH(V48,$Q$18:$Q$167,0),MATCH(4,$Q$17:$U$17,0)),"") | X48: =IFERROR(INDEX($Q$18:$U$167,MATCH(V48,$Q$18:$Q$167,0),MATCH(3,$Q$17:$U$17,0)),"") | Y48: =IFERROR(INDEX($Q$18:$U$167,MATCH(V48,$Q$18:$Q$167,0),MATCH(5,$Q$17:$U$17,0)),"") | Z48: FALSE | AD48: =IF(D48="","-",D48) -> - | AE48: =IF(F48="","-",F48) -> 0.27577934
A49: 32 | B49: PK-LAI | C49: =IF(B49>1,VLOOKUP(B49,DB!$D$4:$E$800,2,0),"") -> A 320 | D49: - | E49: FALSE | F49: 0.40277778 | G49: TRUE | H49: A3 | I49: =IF(K49>1,VLOOKUP(K49,DB!$A$4:$B$500,2,0),"") -> EX RON | J49: =IF(L49>1,VLOOKUP(L49,DB!$A$4:$B$500,2,0),"") -> WADD | K49: - | L49: ID 7309 | M49: =IF(B49>1,VLOOKUP(B49,DB!$D$4:$F$800,3,0),"") -> BATIK AIR | O49: =IF(ISBLANK(F49),"RON","") | Q49: =IF(R49="RON",H49,"") | R49: =IF(O49="RON",O49,"") | S49: =IF(R49="RON",C49,"") | T49: =IF(R49="RON",B49,"") | U49: =IF(R49="RON",M49,"") | V49: SA16 | W49: =IFERROR(INDEX($Q$18:$U$167,MATCH(V49,$Q$18:$Q$167,0),MATCH(4,$Q$17:$U$17,0)),"") -> T7-X14 | X49: =IFERROR(INDEX($Q$18:$U$167,MATCH(V49,$Q$18:$Q$167,0),MATCH(3,$Q$17:$U$17,0)),"") -> G VI | Y49: =IFERROR(INDEX($Q$18:$U$167,MATCH(V49,$Q$18:$Q$167,0),MATCH(5,$Q$17:$U$17,0)),"") -> AFM | Z49: TRUE | AD49: =IF(D49="","-",D49) -> - | AE49: =IF(F49="","-",F49) -> 0.40277778
A50: 33 | B50: PK-PAH | C50: =IF(B50>1,VLOOKUP(B50,DB!$D$4:$E$800,2,0),"") -> ATR 72 | D50: - | E50: FALSE | F50: 0.21311856 | G50: TRUE | H50: B1 | I50: =IF(K50>1,VLOOKUP(K50,DB!$A$4:$B$500,2,0),"") -> EX RON | J50: =IF(L50>1,VLOOKUP(L50,DB!$A$4:$B$500,2,0),"") -> WIDM | K50: - | L50: IP 7300 | M50: =IF(B50>1,VLOOKUP(B50,DB!$D$4:$F$800,3,0),"") -> PELITA | O50: =IF(ISBLANK(F50),"RON","") | Q50: =IF(R50="RON",H50,"") | R50: =IF(O50="RON",O50,"") | S50: =IF(R50="RON",C50,"") | T50: =IF(R50="RON",B50,"") | U50: =IF(R50="RON",M50,"") | V50: SA17 | W50: =IFERROR(INDEX($Q$18:$U$167,MATCH(V50,$Q$18:$Q$167,0),MATCH(4,$Q$17:$U$17,0)),"") -> T7-HNA | X50: =IFERROR(INDEX($Q$18:$U$167,MATCH(V50,$Q$18:$Q$167,0),MATCH(3,$Q$17:$U$17,0)),"") -> G IV | Y50: =IFERROR(INDEX($Q$18:$U$167,MATCH(V50,$Q$18:$Q$167,0),MATCH(5,$Q$17:$U$17,0)),"") -> AFM | Z50: TRUE | AD50: =IF(D50="","-",D50) -> - | AE50: =IF(F50="","-",F50) -> 0.21311856
A51: 34 | B51: PK-GMY | C51: =IF(B51>1,VLOOKUP(B51,DB!$D$4:$E$800,2,0),"") -> B 738 | D51: - | E51: FALSE | F51: 0.25486111 | G51: TRUE | H51: B2 | I51: =IF(K51>1,VLOOKUP(K51,DB!$A$4:$B$500,2,0),"") -> EX RON | J51: =IF(L51>1,VLOOKUP(L51,DB!$A$4:$B$500,2,0),"") -> WIMM | K51: - | L51: GA 0180 | M51: =IF(B51>1,VLOOKUP(B51,DB!$D$4:$F$800,3,0),"") -> GARUDA | O51: =IF(ISBLANK(F51),"RON","") | Q51: =IF(R51="RON",H51,"") | R51: =IF(O51="RON",O51,"") | S51: =IF(R51="RON",C51,"") | T51: =IF(R51="RON",B51,"") | U51: =IF(R51="RON",M51,"") | V51: SA18 | W51: =IFERROR(INDEX($Q$18:$U$167,MATCH(V51,$Q$18:$Q$167,0),MATCH(4,$Q$17:$U$17,0)),"") -> PK-BKR | X51: =IFERROR(INDEX($Q$18:$U$167,MATCH(V51,$Q$18:$Q$167,0),MATCH(3,$Q$17:$U$17,0)),"") -> A 320 | Y51: =IFERROR(INDEX($Q$18:$U$167,MATCH(V51,$Q$18:$Q$167,0),MATCH(5,$Q$17:$U$17,0)),"") -> BATIK AIR | Z51: TRUE | AD51: =IF(D51="","-",D51) -> - | AE51: =IF(F51="","-",F51) -> 0.25486111
